[     558ms] [INFO] %cDownload the React DevTools for a better development experience: https://react.dev/link/react-devtools font-weight:bold @ http://localhost:3010/_next/static/chunks/node_modules_next_dist_1e8vcs8._.js:776
[     568ms] [LOG] [HMR] connected @ http://localhost:3010/_next/static/chunks/node_modules_next_dist_1e8vcs8._.js:776
[  109839ms] [ERROR] IntlError: FORMATTING_ERROR: The intl string context variable "name" was not provided to the string "Set {name}'s weekly availability. Times are in the salon timezone."
    at getFallbackFromErrorAndNotify (http://localhost:3010/_next/static/chunks/node_modules_113n4rh._.js:5674:23)
    at translateBaseFn (http://localhost:3010/_next/static/chunks/node_modules_113n4rh._.js:5728:20)
    at translateFn (http://localhost:3010/_next/static/chunks/node_modules_113n4rh._.js:5732:24)
    at ScheduleDialog (http://localhost:3010/_next/static/chunks/src_1us5gtw._.js:1374:27)
    at Object.react_stack_bottom_frame (http://localhost:3010/_next/static/chunks/node_modules_next_dist_compiled_react-dom_096_9a-._.js:14894:24)
    at renderWithHooks (http://localhost:3010/_next/static/chunks/node_modules_next_dist_compiled_react-dom_096_9a-._.js:4425:24)
    at updateFunctionComponent (http://localhost:3010/_next/static/chunks/node_modules_next_dist_compiled_react-dom_096_9a-._.js:5892:21)
    at beginWork (http://localhost:3010/_next/static/chunks/node_modules_next_dist_compiled_react-dom_096_9a-._.js:6518:24)
    at runWithFiberInDEV (http://localhost:3010/_next/static/chunks/node_modules_next_dist_compiled_react-dom_096_9a-._.js:761:74)
    at performUnitOfWork (http://localhost:3010/_next/static/chunks/node_modules_next_dist_compiled_react-dom_096_9a-._.js:9385:97)
    at workLoopSync (http://localhost:3010/_next/static/chunks/node_modules_next_dist_compiled_react-dom_096_9a-._.js:9279:40)
    at renderRootSync (http://localhost:3010/_next/static/chunks/node_modules_next_dist_compiled_react-dom_096_9a-._.js:9263:13)
    at performWorkOnRoot (http://localhost:3010/_next/static/chunks/node_modules_next_dist_compiled_react-dom_096_9a-._.js:8891:186)
    at performSyncWorkOnRoot (http://localhost:3010/_next/static/chunks/node_modules_next_dist_compiled_react-dom_096_9a-._.js:10093:9)
    at flushSyncWorkAcrossRoots_impl (http://localhost:3010/_next/static/chunks/node_modules_next_dist_compiled_react-dom_096_9a-._.js:10009:316)
    at processRootScheduleInMicrotask (http://localhost:3010/_next/static/chunks/node_modules_next_dist_compiled_react-dom_096_9a-._.js:10030:106)
    at http://localhost:3010/_next/static/chunks/node_modules_next_dist_compiled_react-dom_096_9a-._.js:10104:158 @ http://localhost:3010/_next/static/chunks/node_modules_next_dist_1e8vcs8._.js:1052
[  109840ms] [ERROR] IntlError: FORMATTING_ERROR: The intl string context variable "name" was not provided to the string "Set {name}'s weekly availability. Times are in the salon timezone."
    at getFallbackFromErrorAndNotify (http://localhost:3010/_next/static/chunks/node_modules_113n4rh._.js:5674:23)
    at translateBaseFn (http://localhost:3010/_next/static/chunks/node_modules_113n4rh._.js:5728:20)
    at translateFn (http://localhost:3010/_next/static/chunks/node_modules_113n4rh._.js:5732:24)
    at ScheduleDialog (http://localhost:3010/_next/static/chunks/src_1us5gtw._.js:1374:27)
    at Object.react_stack_bottom_frame (http://localhost:3010/_next/static/chunks/node_modules_next_dist_compiled_react-dom_096_9a-._.js:14894:24)
    at renderWithHooksAgain (http://localhost:3010/_next/static/chunks/node_modules_next_dist_compiled_react-dom_096_9a-._.js:4480:24)
    at renderWithHooks (http://localhost:3010/_next/static/chunks/node_modules_next_dist_compiled_react-dom_096_9a-._.js:4431:28)
    at updateFunctionComponent (http://localhost:3010/_next/static/chunks/node_modules_next_dist_compiled_react-dom_096_9a-._.js:5892:21)
    at beginWork (http://localhost:3010/_next/static/chunks/node_modules_next_dist_compiled_react-dom_096_9a-._.js:6518:24)
    at runWithFiberInDEV (http://localhost:3010/_next/static/chunks/node_modules_next_dist_compiled_react-dom_096_9a-._.js:761:74)
    at performUnitOfWork (http://localhost:3010/_next/static/chunks/node_modules_next_dist_compiled_react-dom_096_9a-._.js:9385:97)
    at workLoopSync (http://localhost:3010/_next/static/chunks/node_modules_next_dist_compiled_react-dom_096_9a-._.js:9279:40)
    at renderRootSync (http://localhost:3010/_next/static/chunks/node_modules_next_dist_compiled_react-dom_096_9a-._.js:9263:13)
    at performWorkOnRoot (http://localhost:3010/_next/static/chunks/node_modules_next_dist_compiled_react-dom_096_9a-._.js:8891:186)
    at performSyncWorkOnRoot (http://localhost:3010/_next/static/chunks/node_modules_next_dist_compiled_react-dom_096_9a-._.js:10093:9)
    at flushSyncWorkAcrossRoots_impl (http://localhost:3010/_next/static/chunks/node_modules_next_dist_compiled_react-dom_096_9a-._.js:10009:316)
    at processRootScheduleInMicrotask (http://localhost:3010/_next/static/chunks/node_modules_next_dist_compiled_react-dom_096_9a-._.js:10030:106)
    at http://localhost:3010/_next/static/chunks/node_modules_next_dist_compiled_react-dom_096_9a-._.js:10104:158 @ http://localhost:3010/_next/static/chunks/node_modules_next_dist_1e8vcs8._.js:1052
[  382415ms] [LOG] [Fast Refresh] rebuilding @ http://localhost:3010/_next/static/chunks/node_modules_next_dist_1e8vcs8._.js:776
[  382532ms] [LOG] [Fast Refresh] done in 29ms @ http://localhost:3010/_next/static/chunks/node_modules_next_dist_1e8vcs8._.js:776
[  382584ms] [LOG] [Fast Refresh] done in 29ms @ http://localhost:3010/_next/static/chunks/node_modules_next_dist_1e8vcs8._.js:776
[  382640ms] [LOG] [Fast Refresh] done in 29ms @ http://localhost:3010/_next/static/chunks/node_modules_next_dist_1e8vcs8._.js:776
[  382702ms] [LOG] [Fast Refresh] done in 29ms @ http://localhost:3010/_next/static/chunks/node_modules_next_dist_1e8vcs8._.js:776
[  382767ms] [LOG] [Fast Refresh] done in 29ms @ http://localhost:3010/_next/static/chunks/node_modules_next_dist_1e8vcs8._.js:776
[  382831ms] [LOG] [Fast Refresh] done in 29ms @ http://localhost:3010/_next/static/chunks/node_modules_next_dist_1e8vcs8._.js:776
[  382894ms] [LOG] [Fast Refresh] done in 29ms @ http://localhost:3010/_next/static/chunks/node_modules_next_dist_1e8vcs8._.js:776
[  382958ms] [LOG] [Fast Refresh] done in 29ms @ http://localhost:3010/_next/static/chunks/node_modules_next_dist_1e8vcs8._.js:776
[  383008ms] [LOG] [Fast Refresh] done in 29ms @ http://localhost:3010/_next/static/chunks/node_modules_next_dist_1e8vcs8._.js:776
[  383058ms] [LOG] [Fast Refresh] done in 29ms @ http://localhost:3010/_next/static/chunks/node_modules_next_dist_1e8vcs8._.js:776
[  383108ms] [LOG] [Fast Refresh] done in 29ms @ http://localhost:3010/_next/static/chunks/node_modules_next_dist_1e8vcs8._.js:776
[  383151ms] [LOG] [Fast Refresh] done in 29ms @ http://localhost:3010/_next/static/chunks/node_modules_next_dist_1e8vcs8._.js:776
[  383198ms] [LOG] [Fast Refresh] done in 29ms @ http://localhost:3010/_next/static/chunks/node_modules_next_dist_1e8vcs8._.js:776
[  383248ms] [LOG] [Fast Refresh] done in 29ms @ http://localhost:3010/_next/static/chunks/node_modules_next_dist_1e8vcs8._.js:776
[  383298ms] [LOG] [Fast Refresh] done in 29ms @ http://localhost:3010/_next/static/chunks/node_modules_next_dist_1e8vcs8._.js:776
[  383348ms] [LOG] [Fast Refresh] done in 29ms @ http://localhost:3010/_next/static/chunks/node_modules_next_dist_1e8vcs8._.js:776
[  383398ms] [LOG] [Fast Refresh] done in 29ms @ http://localhost:3010/_next/static/chunks/node_modules_next_dist_1e8vcs8._.js:776
[  383458ms] [LOG] [Fast Refresh] done in 29ms @ http://localhost:3010/_next/static/chunks/node_modules_next_dist_1e8vcs8._.js:776
[  383508ms] [LOG] [Fast Refresh] done in 29ms @ http://localhost:3010/_next/static/chunks/node_modules_next_dist_1e8vcs8._.js:776
[  383558ms] [LOG] [Fast Refresh] done in 29ms @ http://localhost:3010/_next/static/chunks/node_modules_next_dist_1e8vcs8._.js:776
[  383608ms] [LOG] [Fast Refresh] done in 29ms @ http://localhost:3010/_next/static/chunks/node_modules_next_dist_1e8vcs8._.js:776
[  383663ms] [LOG] [Fast Refresh] done in 29ms @ http://localhost:3010/_next/static/chunks/node_modules_next_dist_1e8vcs8._.js:776
[  383718ms] [LOG] [Fast Refresh] done in 29ms @ http://localhost:3010/_next/static/chunks/node_modules_next_dist_1e8vcs8._.js:776
[  383768ms] [LOG] [Fast Refresh] done in 29ms @ http://localhost:3010/_next/static/chunks/node_modules_next_dist_1e8vcs8._.js:776
[  383819ms] [LOG] [Fast Refresh] done in 29ms @ http://localhost:3010/_next/static/chunks/node_modules_next_dist_1e8vcs8._.js:776
[  383868ms] [LOG] [Fast Refresh] done in 29ms @ http://localhost:3010/_next/static/chunks/node_modules_next_dist_1e8vcs8._.js:776
[  383918ms] [LOG] [Fast Refresh] done in 29ms @ http://localhost:3010/_next/static/chunks/node_modules_next_dist_1e8vcs8._.js:776
[  383968ms] [LOG] [Fast Refresh] done in 29ms @ http://localhost:3010/_next/static/chunks/node_modules_next_dist_1e8vcs8._.js:776
[  384018ms] [LOG] [Fast Refresh] done in 29ms @ http://localhost:3010/_next/static/chunks/node_modules_next_dist_1e8vcs8._.js:776
[  384064ms] [LOG] [Fast Refresh] done in 29ms @ http://localhost:3010/_next/static/chunks/node_modules_next_dist_1e8vcs8._.js:776
[  384108ms] [LOG] [Fast Refresh] done in 29ms @ http://localhost:3010/_next/static/chunks/node_modules_next_dist_1e8vcs8._.js:776
[  384158ms] [LOG] [Fast Refresh] done in 29ms @ http://localhost:3010/_next/static/chunks/node_modules_next_dist_1e8vcs8._.js:776
[  384208ms] [LOG] [Fast Refresh] done in 29ms @ http://localhost:3010/_next/static/chunks/node_modules_next_dist_1e8vcs8._.js:776
[  384258ms] [LOG] [Fast Refresh] done in 29ms @ http://localhost:3010/_next/static/chunks/node_modules_next_dist_1e8vcs8._.js:776
[  384304ms] [LOG] [Fast Refresh] done in 29ms @ http://localhost:3010/_next/static/chunks/node_modules_next_dist_1e8vcs8._.js:776
[  384344ms] [LOG] [Fast Refresh] done in 29ms @ http://localhost:3010/_next/static/chunks/node_modules_next_dist_1e8vcs8._.js:776
[  384388ms] [LOG] [Fast Refresh] done in 29ms @ http://localhost:3010/_next/static/chunks/node_modules_next_dist_1e8vcs8._.js:776
[  384438ms] [LOG] [Fast Refresh] done in 29ms @ http://localhost:3010/_next/static/chunks/node_modules_next_dist_1e8vcs8._.js:776
[  384488ms] [LOG] [Fast Refresh] done in 29ms @ http://localhost:3010/_next/static/chunks/node_modules_next_dist_1e8vcs8._.js:776
[  384538ms] [LOG] [Fast Refresh] done in 29ms @ http://localhost:3010/_next/static/chunks/node_modules_next_dist_1e8vcs8._.js:776
[  384588ms] [LOG] [Fast Refresh] done in 29ms @ http://localhost:3010/_next/static/chunks/node_modules_next_dist_1e8vcs8._.js:776
[  384638ms] [LOG] [Fast Refresh] done in 29ms @ http://localhost:3010/_next/static/chunks/node_modules_next_dist_1e8vcs8._.js:776
[  384688ms] [LOG] [Fast Refresh] done in 29ms @ http://localhost:3010/_next/static/chunks/node_modules_next_dist_1e8vcs8._.js:776
[  384738ms] [LOG] [Fast Refresh] done in 29ms @ http://localhost:3010/_next/static/chunks/node_modules_next_dist_1e8vcs8._.js:776
[  384788ms] [LOG] [Fast Refresh] done in 29ms @ http://localhost:3010/_next/static/chunks/node_modules_next_dist_1e8vcs8._.js:776
[  384838ms] [LOG] [Fast Refresh] done in 29ms @ http://localhost:3010/_next/static/chunks/node_modules_next_dist_1e8vcs8._.js:776
[  384888ms] [LOG] [Fast Refresh] done in 29ms @ http://localhost:3010/_next/static/chunks/node_modules_next_dist_1e8vcs8._.js:776
[  384938ms] [LOG] [Fast Refresh] done in 29ms @ http://localhost:3010/_next/static/chunks/node_modules_next_dist_1e8vcs8._.js:776
[  384988ms] [LOG] [Fast Refresh] done in 29ms @ http://localhost:3010/_next/static/chunks/node_modules_next_dist_1e8vcs8._.js:776
[  385049ms] [LOG] [Fast Refresh] done in 29ms @ http://localhost:3010/_next/static/chunks/node_modules_next_dist_1e8vcs8._.js:776
[  385096ms] [LOG] [Fast Refresh] done in 29ms @ http://localhost:3010/_next/static/chunks/node_modules_next_dist_1e8vcs8._.js:776
[  385158ms] [LOG] [Fast Refresh] done in 29ms @ http://localhost:3010/_next/static/chunks/node_modules_next_dist_1e8vcs8._.js:776
[  385221ms] [LOG] [Fast Refresh] done in 29ms @ http://localhost:3010/_next/static/chunks/node_modules_next_dist_1e8vcs8._.js:776
[  385283ms] [LOG] [Fast Refresh] done in 29ms @ http://localhost:3010/_next/static/chunks/node_modules_next_dist_1e8vcs8._.js:776
[  385346ms] [LOG] [Fast Refresh] done in 29ms @ http://localhost:3010/_next/static/chunks/node_modules_next_dist_1e8vcs8._.js:776
[  385408ms] [LOG] [Fast Refresh] done in 29ms @ http://localhost:3010/_next/static/chunks/node_modules_next_dist_1e8vcs8._.js:776
[  385471ms] [LOG] [Fast Refresh] done in 29ms @ http://localhost:3010/_next/static/chunks/node_modules_next_dist_1e8vcs8._.js:776
[  385534ms] [LOG] [Fast Refresh] done in 29ms @ http://localhost:3010/_next/static/chunks/node_modules_next_dist_1e8vcs8._.js:776
[  385583ms] [LOG] [Fast Refresh] done in 29ms @ http://localhost:3010/_next/static/chunks/node_modules_next_dist_1e8vcs8._.js:776
[  385631ms] [LOG] [Fast Refresh] done in 29ms @ http://localhost:3010/_next/static/chunks/node_modules_next_dist_1e8vcs8._.js:776
[  385694ms] [LOG] [Fast Refresh] done in 29ms @ http://localhost:3010/_next/static/chunks/node_modules_next_dist_1e8vcs8._.js:776
[  385756ms] [LOG] [Fast Refresh] done in 29ms @ http://localhost:3010/_next/static/chunks/node_modules_next_dist_1e8vcs8._.js:776
[  385818ms] [LOG] [Fast Refresh] done in 29ms @ http://localhost:3010/_next/static/chunks/node_modules_next_dist_1e8vcs8._.js:776
[  385880ms] [LOG] [Fast Refresh] done in 29ms @ http://localhost:3010/_next/static/chunks/node_modules_next_dist_1e8vcs8._.js:776
[  385943ms] [LOG] [Fast Refresh] done in 29ms @ http://localhost:3010/_next/static/chunks/node_modules_next_dist_1e8vcs8._.js:776
[  386007ms] [LOG] [Fast Refresh] done in 29ms @ http://localhost:3010/_next/static/chunks/node_modules_next_dist_1e8vcs8._.js:776
[  386070ms] [LOG] [Fast Refresh] done in 29ms @ http://localhost:3010/_next/static/chunks/node_modules_next_dist_1e8vcs8._.js:776
[  386133ms] [LOG] [Fast Refresh] done in 29ms @ http://localhost:3010/_next/static/chunks/node_modules_next_dist_1e8vcs8._.js:776
[  386197ms] [LOG] [Fast Refresh] done in 29ms @ http://localhost:3010/_next/static/chunks/node_modules_next_dist_1e8vcs8._.js:776
[  386245ms] [LOG] [Fast Refresh] done in 29ms @ http://localhost:3010/_next/static/chunks/node_modules_next_dist_1e8vcs8._.js:776
[  386293ms] [LOG] [Fast Refresh] done in 29ms @ http://localhost:3010/_next/static/chunks/node_modules_next_dist_1e8vcs8._.js:776
[  386341ms] [LOG] [Fast Refresh] done in 29ms @ http://localhost:3010/_next/static/chunks/node_modules_next_dist_1e8vcs8._.js:776
[  386403ms] [LOG] [Fast Refresh] done in 29ms @ http://localhost:3010/_next/static/chunks/node_modules_next_dist_1e8vcs8._.js:776
[  386467ms] [LOG] [Fast Refresh] done in 29ms @ http://localhost:3010/_next/static/chunks/node_modules_next_dist_1e8vcs8._.js:776
[  386515ms] [LOG] [Fast Refresh] done in 29ms @ http://localhost:3010/_next/static/chunks/node_modules_next_dist_1e8vcs8._.js:776
[  386578ms] [LOG] [Fast Refresh] done in 29ms @ http://localhost:3010/_next/static/chunks/node_modules_next_dist_1e8vcs8._.js:776
[  386641ms] [LOG] [Fast Refresh] done in 29ms @ http://localhost:3010/_next/static/chunks/node_modules_next_dist_1e8vcs8._.js:776
[  386703ms] [LOG] [Fast Refresh] done in 29ms @ http://localhost:3010/_next/static/chunks/node_modules_next_dist_1e8vcs8._.js:776
[  386766ms] [LOG] [Fast Refresh] done in 29ms @ http://localhost:3010/_next/static/chunks/node_modules_next_dist_1e8vcs8._.js:776
[  386813ms] [LOG] [Fast Refresh] done in 29ms @ http://localhost:3010/_next/static/chunks/node_modules_next_dist_1e8vcs8._.js:776
[  386876ms] [LOG] [Fast Refresh] done in 29ms @ http://localhost:3010/_next/static/chunks/node_modules_next_dist_1e8vcs8._.js:776
[  386938ms] [LOG] [Fast Refresh] done in 29ms @ http://localhost:3010/_next/static/chunks/node_modules_next_dist_1e8vcs8._.js:776
[  386986ms] [LOG] [Fast Refresh] done in 29ms @ http://localhost:3010/_next/static/chunks/node_modules_next_dist_1e8vcs8._.js:776
[  387049ms] [LOG] [Fast Refresh] done in 29ms @ http://localhost:3010/_next/static/chunks/node_modules_next_dist_1e8vcs8._.js:776
[  387112ms] [LOG] [Fast Refresh] done in 29ms @ http://localhost:3010/_next/static/chunks/node_modules_next_dist_1e8vcs8._.js:776
[  387160ms] [LOG] [Fast Refresh] done in 29ms @ http://localhost:3010/_next/static/chunks/node_modules_next_dist_1e8vcs8._.js:776
[  387223ms] [LOG] [Fast Refresh] done in 29ms @ http://localhost:3010/_next/static/chunks/node_modules_next_dist_1e8vcs8._.js:776
[  387272ms] [LOG] [Fast Refresh] done in 29ms @ http://localhost:3010/_next/static/chunks/node_modules_next_dist_1e8vcs8._.js:776
[  387335ms] [LOG] [Fast Refresh] done in 29ms @ http://localhost:3010/_next/static/chunks/node_modules_next_dist_1e8vcs8._.js:776
[  387397ms] [LOG] [Fast Refresh] done in 29ms @ http://localhost:3010/_next/static/chunks/node_modules_next_dist_1e8vcs8._.js:776
[  387445ms] [LOG] [Fast Refresh] done in 29ms @ http://localhost:3010/_next/static/chunks/node_modules_next_dist_1e8vcs8._.js:776
[  387509ms] [LOG] [Fast Refresh] done in 29ms @ http://localhost:3010/_next/static/chunks/node_modules_next_dist_1e8vcs8._.js:776
[  387572ms] [LOG] [Fast Refresh] done in 29ms @ http://localhost:3010/_next/static/chunks/node_modules_next_dist_1e8vcs8._.js:776
[  387636ms] [LOG] [Fast Refresh] done in 29ms @ http://localhost:3010/_next/static/chunks/node_modules_next_dist_1e8vcs8._.js:776
[  387698ms] [LOG] [Fast Refresh] done in 29ms @ http://localhost:3010/_next/static/chunks/node_modules_next_dist_1e8vcs8._.js:776
[  387746ms] [LOG] [Fast Refresh] done in 29ms @ http://localhost:3010/_next/static/chunks/node_modules_next_dist_1e8vcs8._.js:776
[  387809ms] [LOG] [Fast Refresh] done in 29ms @ http://localhost:3010/_next/static/chunks/node_modules_next_dist_1e8vcs8._.js:776
[  387871ms] [LOG] [Fast Refresh] done in 29ms @ http://localhost:3010/_next/static/chunks/node_modules_next_dist_1e8vcs8._.js:776
[  387932ms] [LOG] [Fast Refresh] done in 29ms @ http://localhost:3010/_next/static/chunks/node_modules_next_dist_1e8vcs8._.js:776
[  387994ms] [LOG] [Fast Refresh] done in 29ms @ http://localhost:3010/_next/static/chunks/node_modules_next_dist_1e8vcs8._.js:776
[  388057ms] [LOG] [Fast Refresh] done in 29ms @ http://localhost:3010/_next/static/chunks/node_modules_next_dist_1e8vcs8._.js:776
[  388120ms] [LOG] [Fast Refresh] done in 29ms @ http://localhost:3010/_next/static/chunks/node_modules_next_dist_1e8vcs8._.js:776
[  388184ms] [LOG] [Fast Refresh] done in 29ms @ http://localhost:3010/_next/static/chunks/node_modules_next_dist_1e8vcs8._.js:776
[  388248ms] [LOG] [Fast Refresh] done in 29ms @ http://localhost:3010/_next/static/chunks/node_modules_next_dist_1e8vcs8._.js:776
[  388310ms] [LOG] [Fast Refresh] done in 29ms @ http://localhost:3010/_next/static/chunks/node_modules_next_dist_1e8vcs8._.js:776
[  388373ms] [LOG] [Fast Refresh] done in 29ms @ http://localhost:3010/_next/static/chunks/node_modules_next_dist_1e8vcs8._.js:776
[  388421ms] [LOG] [Fast Refresh] done in 29ms @ http://localhost:3010/_next/static/chunks/node_modules_next_dist_1e8vcs8._.js:776
[  388484ms] [LOG] [Fast Refresh] done in 29ms @ http://localhost:3010/_next/static/chunks/node_modules_next_dist_1e8vcs8._.js:776
[  388548ms] [LOG] [Fast Refresh] done in 29ms @ http://localhost:3010/_next/static/chunks/node_modules_next_dist_1e8vcs8._.js:776
[  388612ms] [LOG] [Fast Refresh] done in 29ms @ http://localhost:3010/_next/static/chunks/node_modules_next_dist_1e8vcs8._.js:776
[  388674ms] [LOG] [Fast Refresh] done in 29ms @ http://localhost:3010/_next/static/chunks/node_modules_next_dist_1e8vcs8._.js:776
[  388737ms] [LOG] [Fast Refresh] done in 29ms @ http://localhost:3010/_next/static/chunks/node_modules_next_dist_1e8vcs8._.js:776
[  388785ms] [LOG] [Fast Refresh] done in 29ms @ http://localhost:3010/_next/static/chunks/node_modules_next_dist_1e8vcs8._.js:776
[  388833ms] [LOG] [Fast Refresh] done in 29ms @ http://localhost:3010/_next/static/chunks/node_modules_next_dist_1e8vcs8._.js:776
[  388896ms] [LOG] [Fast Refresh] done in 29ms @ http://localhost:3010/_next/static/chunks/node_modules_next_dist_1e8vcs8._.js:776
[  388958ms] [LOG] [Fast Refresh] done in 29ms @ http://localhost:3010/_next/static/chunks/node_modules_next_dist_1e8vcs8._.js:776
[  389008ms] [LOG] [Fast Refresh] done in 29ms @ http://localhost:3010/_next/static/chunks/node_modules_next_dist_1e8vcs8._.js:776
[  389059ms] [LOG] [Fast Refresh] done in 29ms @ http://localhost:3010/_next/static/chunks/node_modules_next_dist_1e8vcs8._.js:776
[  389108ms] [LOG] [Fast Refresh] done in 29ms @ http://localhost:3010/_next/static/chunks/node_modules_next_dist_1e8vcs8._.js:776
[  389158ms] [LOG] [Fast Refresh] done in 29ms @ http://localhost:3010/_next/static/chunks/node_modules_next_dist_1e8vcs8._.js:776
[  389214ms] [LOG] [Fast Refresh] done in 29ms @ http://localhost:3010/_next/static/chunks/node_modules_next_dist_1e8vcs8._.js:776
[  389268ms] [LOG] [Fast Refresh] done in 29ms @ http://localhost:3010/_next/static/chunks/node_modules_next_dist_1e8vcs8._.js:776
[  389318ms] [LOG] [Fast Refresh] done in 29ms @ http://localhost:3010/_next/static/chunks/node_modules_next_dist_1e8vcs8._.js:776
[  389368ms] [LOG] [Fast Refresh] done in 29ms @ http://localhost:3010/_next/static/chunks/node_modules_next_dist_1e8vcs8._.js:776
[  389418ms] [LOG] [Fast Refresh] done in 29ms @ http://localhost:3010/_next/static/chunks/node_modules_next_dist_1e8vcs8._.js:776
[  389468ms] [LOG] [Fast Refresh] done in 29ms @ http://localhost:3010/_next/static/chunks/node_modules_next_dist_1e8vcs8._.js:776
[  389518ms] [LOG] [Fast Refresh] done in 29ms @ http://localhost:3010/_next/static/chunks/node_modules_next_dist_1e8vcs8._.js:776
[  389568ms] [LOG] [Fast Refresh] done in 29ms @ http://localhost:3010/_next/static/chunks/node_modules_next_dist_1e8vcs8._.js:776
[  389618ms] [LOG] [Fast Refresh] done in 29ms @ http://localhost:3010/_next/static/chunks/node_modules_next_dist_1e8vcs8._.js:776
[  389668ms] [LOG] [Fast Refresh] done in 29ms @ http://localhost:3010/_next/static/chunks/node_modules_next_dist_1e8vcs8._.js:776
[  389718ms] [LOG] [Fast Refresh] done in 29ms @ http://localhost:3010/_next/static/chunks/node_modules_next_dist_1e8vcs8._.js:776
[  389768ms] [LOG] [Fast Refresh] done in 29ms @ http://localhost:3010/_next/static/chunks/node_modules_next_dist_1e8vcs8._.js:776
[  389818ms] [LOG] [Fast Refresh] done in 29ms @ http://localhost:3010/_next/static/chunks/node_modules_next_dist_1e8vcs8._.js:776
[  389868ms] [LOG] [Fast Refresh] done in 29ms @ http://localhost:3010/_next/static/chunks/node_modules_next_dist_1e8vcs8._.js:776
[  389918ms] [LOG] [Fast Refresh] done in 29ms @ http://localhost:3010/_next/static/chunks/node_modules_next_dist_1e8vcs8._.js:776
[  389968ms] [LOG] [Fast Refresh] done in 29ms @ http://localhost:3010/_next/static/chunks/node_modules_next_dist_1e8vcs8._.js:776
[  390018ms] [LOG] [Fast Refresh] done in 29ms @ http://localhost:3010/_next/static/chunks/node_modules_next_dist_1e8vcs8._.js:776
[  390068ms] [LOG] [Fast Refresh] done in 29ms @ http://localhost:3010/_next/static/chunks/node_modules_next_dist_1e8vcs8._.js:776
[  390118ms] [LOG] [Fast Refresh] done in 29ms @ http://localhost:3010/_next/static/chunks/node_modules_next_dist_1e8vcs8._.js:776
[  390168ms] [LOG] [Fast Refresh] done in 29ms @ http://localhost:3010/_next/static/chunks/node_modules_next_dist_1e8vcs8._.js:776
[  390218ms] [LOG] [Fast Refresh] done in 29ms @ http://localhost:3010/_next/static/chunks/node_modules_next_dist_1e8vcs8._.js:776
[  390268ms] [LOG] [Fast Refresh] done in 29ms @ http://localhost:3010/_next/static/chunks/node_modules_next_dist_1e8vcs8._.js:776
[  390318ms] [LOG] [Fast Refresh] done in 29ms @ http://localhost:3010/_next/static/chunks/node_modules_next_dist_1e8vcs8._.js:776
[  390368ms] [LOG] [Fast Refresh] done in 29ms @ http://localhost:3010/_next/static/chunks/node_modules_next_dist_1e8vcs8._.js:776
[  390418ms] [LOG] [Fast Refresh] done in 29ms @ http://localhost:3010/_next/static/chunks/node_modules_next_dist_1e8vcs8._.js:776
[  390463ms] [LOG] [Fast Refresh] done in 29ms @ http://localhost:3010/_next/static/chunks/node_modules_next_dist_1e8vcs8._.js:776
[  390511ms] [LOG] [Fast Refresh] done in 29ms @ http://localhost:3010/_next/static/chunks/node_modules_next_dist_1e8vcs8._.js:776
[  390557ms] [LOG] [Fast Refresh] done in 29ms @ http://localhost:3010/_next/static/chunks/node_modules_next_dist_1e8vcs8._.js:776
[  390608ms] [LOG] [Fast Refresh] done in 29ms @ http://localhost:3010/_next/static/chunks/node_modules_next_dist_1e8vcs8._.js:776
[  390662ms] [LOG] [Fast Refresh] done in 29ms @ http://localhost:3010/_next/static/chunks/node_modules_next_dist_1e8vcs8._.js:776
[  390719ms] [LOG] [Fast Refresh] done in 29ms @ http://localhost:3010/_next/static/chunks/node_modules_next_dist_1e8vcs8._.js:776
[  390768ms] [LOG] [Fast Refresh] done in 29ms @ http://localhost:3010/_next/static/chunks/node_modules_next_dist_1e8vcs8._.js:776
[  390818ms] [LOG] [Fast Refresh] done in 29ms @ http://localhost:3010/_next/static/chunks/node_modules_next_dist_1e8vcs8._.js:776
[  390868ms] [LOG] [Fast Refresh] done in 29ms @ http://localhost:3010/_next/static/chunks/node_modules_next_dist_1e8vcs8._.js:776
[  390918ms] [LOG] [Fast Refresh] done in 29ms @ http://localhost:3010/_next/static/chunks/node_modules_next_dist_1e8vcs8._.js:776
[  390973ms] [LOG] [Fast Refresh] done in 29ms @ http://localhost:3010/_next/static/chunks/node_modules_next_dist_1e8vcs8._.js:776
[  391036ms] [LOG] [Fast Refresh] done in 29ms @ http://localhost:3010/_next/static/chunks/node_modules_next_dist_1e8vcs8._.js:776
[  391100ms] [LOG] [Fast Refresh] done in 29ms @ http://localhost:3010/_next/static/chunks/node_modules_next_dist_1e8vcs8._.js:776
[  391163ms] [LOG] [Fast Refresh] done in 29ms @ http://localhost:3010/_next/static/chunks/node_modules_next_dist_1e8vcs8._.js:776
[  391225ms] [LOG] [Fast Refresh] done in 29ms @ http://localhost:3010/_next/static/chunks/node_modules_next_dist_1e8vcs8._.js:776
[  391273ms] [LOG] [Fast Refresh] done in 29ms @ http://localhost:3010/_next/static/chunks/node_modules_next_dist_1e8vcs8._.js:776
[  391338ms] [LOG] [Fast Refresh] done in 29ms @ http://localhost:3010/_next/static/chunks/node_modules_next_dist_1e8vcs8._.js:776
[  391400ms] [LOG] [Fast Refresh] done in 29ms @ http://localhost:3010/_next/static/chunks/node_modules_next_dist_1e8vcs8._.js:776
[  391448ms] [LOG] [Fast Refresh] done in 29ms @ http://localhost:3010/_next/static/chunks/node_modules_next_dist_1e8vcs8._.js:776
[  391496ms] [LOG] [Fast Refresh] done in 29ms @ http://localhost:3010/_next/static/chunks/node_modules_next_dist_1e8vcs8._.js:776
[  391544ms] [LOG] [Fast Refresh] done in 29ms @ http://localhost:3010/_next/static/chunks/node_modules_next_dist_1e8vcs8._.js:776
[  391608ms] [LOG] [Fast Refresh] done in 29ms @ http://localhost:3010/_next/static/chunks/node_modules_next_dist_1e8vcs8._.js:776
[  391672ms] [LOG] [Fast Refresh] done in 29ms @ http://localhost:3010/_next/static/chunks/node_modules_next_dist_1e8vcs8._.js:776
[  391734ms] [LOG] [Fast Refresh] done in 29ms @ http://localhost:3010/_next/static/chunks/node_modules_next_dist_1e8vcs8._.js:776
[  391797ms] [LOG] [Fast Refresh] done in 29ms @ http://localhost:3010/_next/static/chunks/node_modules_next_dist_1e8vcs8._.js:776
[  391860ms] [LOG] [Fast Refresh] done in 29ms @ http://localhost:3010/_next/static/chunks/node_modules_next_dist_1e8vcs8._.js:776
[  391923ms] [LOG] [Fast Refresh] done in 29ms @ http://localhost:3010/_next/static/chunks/node_modules_next_dist_1e8vcs8._.js:776
[  391986ms] [LOG] [Fast Refresh] done in 29ms @ http://localhost:3010/_next/static/chunks/node_modules_next_dist_1e8vcs8._.js:776
[  392049ms] [LOG] [Fast Refresh] done in 29ms @ http://localhost:3010/_next/static/chunks/node_modules_next_dist_1e8vcs8._.js:776
[  392112ms] [LOG] [Fast Refresh] done in 29ms @ http://localhost:3010/_next/static/chunks/node_modules_next_dist_1e8vcs8._.js:776
[  392175ms] [LOG] [Fast Refresh] done in 29ms @ http://localhost:3010/_next/static/chunks/node_modules_next_dist_1e8vcs8._.js:776
[  392238ms] [LOG] [Fast Refresh] done in 29ms @ http://localhost:3010/_next/static/chunks/node_modules_next_dist_1e8vcs8._.js:776
[  392300ms] [LOG] [Fast Refresh] done in 29ms @ http://localhost:3010/_next/static/chunks/node_modules_next_dist_1e8vcs8._.js:776
[  392364ms] [LOG] [Fast Refresh] done in 29ms @ http://localhost:3010/_next/static/chunks/node_modules_next_dist_1e8vcs8._.js:776
[  392428ms] [LOG] [Fast Refresh] done in 29ms @ http://localhost:3010/_next/static/chunks/node_modules_next_dist_1e8vcs8._.js:776
[  392492ms] [LOG] [Fast Refresh] done in 29ms @ http://localhost:3010/_next/static/chunks/node_modules_next_dist_1e8vcs8._.js:776
[  392555ms] [LOG] [Fast Refresh] done in 29ms @ http://localhost:3010/_next/static/chunks/node_modules_next_dist_1e8vcs8._.js:776
[  392618ms] [LOG] [Fast Refresh] done in 29ms @ http://localhost:3010/_next/static/chunks/node_modules_next_dist_1e8vcs8._.js:776
[  392681ms] [LOG] [Fast Refresh] done in 29ms @ http://localhost:3010/_next/static/chunks/node_modules_next_dist_1e8vcs8._.js:776
[  392743ms] [LOG] [Fast Refresh] done in 29ms @ http://localhost:3010/_next/static/chunks/node_modules_next_dist_1e8vcs8._.js:776
[  392808ms] [LOG] [Fast Refresh] done in 29ms @ http://localhost:3010/_next/static/chunks/node_modules_next_dist_1e8vcs8._.js:776
[  392869ms] [LOG] [Fast Refresh] done in 29ms @ http://localhost:3010/_next/static/chunks/node_modules_next_dist_1e8vcs8._.js:776
[  392932ms] [LOG] [Fast Refresh] done in 29ms @ http://localhost:3010/_next/static/chunks/node_modules_next_dist_1e8vcs8._.js:776
[  392988ms] [LOG] [Fast Refresh] done in 29ms @ http://localhost:3010/_next/static/chunks/node_modules_next_dist_1e8vcs8._.js:776
[  393038ms] [LOG] [Fast Refresh] done in 29ms @ http://localhost:3010/_next/static/chunks/node_modules_next_dist_1e8vcs8._.js:776
[  393089ms] [LOG] [Fast Refresh] done in 29ms @ http://localhost:3010/_next/static/chunks/node_modules_next_dist_1e8vcs8._.js:776
[  393139ms] [LOG] [Fast Refresh] done in 29ms @ http://localhost:3010/_next/static/chunks/node_modules_next_dist_1e8vcs8._.js:776
[  393198ms] [LOG] [Fast Refresh] done in 29ms @ http://localhost:3010/_next/static/chunks/node_modules_next_dist_1e8vcs8._.js:776
[  393249ms] [LOG] [Fast Refresh] done in 29ms @ http://localhost:3010/_next/static/chunks/node_modules_next_dist_1e8vcs8._.js:776
[  393298ms] [LOG] [Fast Refresh] done in 29ms @ http://localhost:3010/_next/static/chunks/node_modules_next_dist_1e8vcs8._.js:776
[  393348ms] [LOG] [Fast Refresh] done in 29ms @ http://localhost:3010/_next/static/chunks/node_modules_next_dist_1e8vcs8._.js:776
[  393398ms] [LOG] [Fast Refresh] done in 29ms @ http://localhost:3010/_next/static/chunks/node_modules_next_dist_1e8vcs8._.js:776
[  393449ms] [LOG] [Fast Refresh] done in 29ms @ http://localhost:3010/_next/static/chunks/node_modules_next_dist_1e8vcs8._.js:776
[  393499ms] [LOG] [Fast Refresh] done in 29ms @ http://localhost:3010/_next/static/chunks/node_modules_next_dist_1e8vcs8._.js:776
[  393548ms] [LOG] [Fast Refresh] done in 29ms @ http://localhost:3010/_next/static/chunks/node_modules_next_dist_1e8vcs8._.js:776
[  393598ms] [LOG] [Fast Refresh] done in 29ms @ http://localhost:3010/_next/static/chunks/node_modules_next_dist_1e8vcs8._.js:776
[  393649ms] [LOG] [Fast Refresh] done in 29ms @ http://localhost:3010/_next/static/chunks/node_modules_next_dist_1e8vcs8._.js:776
[  393698ms] [LOG] [Fast Refresh] done in 29ms @ http://localhost:3010/_next/static/chunks/node_modules_next_dist_1e8vcs8._.js:776
[  393748ms] [LOG] [Fast Refresh] done in 29ms @ http://localhost:3010/_next/static/chunks/node_modules_next_dist_1e8vcs8._.js:776
[  393798ms] [LOG] [Fast Refresh] done in 29ms @ http://localhost:3010/_next/static/chunks/node_modules_next_dist_1e8vcs8._.js:776
[  393848ms] [LOG] [Fast Refresh] done in 29ms @ http://localhost:3010/_next/static/chunks/node_modules_next_dist_1e8vcs8._.js:776
[  393903ms] [LOG] [Fast Refresh] done in 29ms @ http://localhost:3010/_next/static/chunks/node_modules_next_dist_1e8vcs8._.js:776
[  393943ms] [LOG] [Fast Refresh] done in 29ms @ http://localhost:3010/_next/static/chunks/node_modules_next_dist_1e8vcs8._.js:776
[  393983ms] [LOG] [Fast Refresh] done in 29ms @ http://localhost:3010/_next/static/chunks/node_modules_next_dist_1e8vcs8._.js:776
[  394028ms] [LOG] [Fast Refresh] done in 29ms @ http://localhost:3010/_next/static/chunks/node_modules_next_dist_1e8vcs8._.js:776
[  394083ms] [LOG] [Fast Refresh] done in 29ms @ http://localhost:3010/_next/static/chunks/node_modules_next_dist_1e8vcs8._.js:776
[  394127ms] [LOG] [Fast Refresh] done in 29ms @ http://localhost:3010/_next/static/chunks/node_modules_next_dist_1e8vcs8._.js:776
[  394168ms] [LOG] [Fast Refresh] done in 29ms @ http://localhost:3010/_next/static/chunks/node_modules_next_dist_1e8vcs8._.js:776
[  394228ms] [LOG] [Fast Refresh] done in 29ms @ http://localhost:3010/_next/static/chunks/node_modules_next_dist_1e8vcs8._.js:776
[  394279ms] [LOG] [Fast Refresh] done in 29ms @ http://localhost:3010/_next/static/chunks/node_modules_next_dist_1e8vcs8._.js:776
[  394329ms] [LOG] [Fast Refresh] done in 29ms @ http://localhost:3010/_next/static/chunks/node_modules_next_dist_1e8vcs8._.js:776
[  394378ms] [LOG] [Fast Refresh] done in 29ms @ http://localhost:3010/_next/static/chunks/node_modules_next_dist_1e8vcs8._.js:776
[  394428ms] [LOG] [Fast Refresh] done in 29ms @ http://localhost:3010/_next/static/chunks/node_modules_next_dist_1e8vcs8._.js:776
[  394478ms] [LOG] [Fast Refresh] done in 29ms @ http://localhost:3010/_next/static/chunks/node_modules_next_dist_1e8vcs8._.js:776
[  394529ms] [LOG] [Fast Refresh] done in 29ms @ http://localhost:3010/_next/static/chunks/node_modules_next_dist_1e8vcs8._.js:776
[  394578ms] [LOG] [Fast Refresh] done in 29ms @ http://localhost:3010/_next/static/chunks/node_modules_next_dist_1e8vcs8._.js:776
[  394629ms] [LOG] [Fast Refresh] done in 29ms @ http://localhost:3010/_next/static/chunks/node_modules_next_dist_1e8vcs8._.js:776
[  394679ms] [LOG] [Fast Refresh] done in 29ms @ http://localhost:3010/_next/static/chunks/node_modules_next_dist_1e8vcs8._.js:776
[  394728ms] [LOG] [Fast Refresh] done in 29ms @ http://localhost:3010/_next/static/chunks/node_modules_next_dist_1e8vcs8._.js:776
[  394778ms] [LOG] [Fast Refresh] done in 29ms @ http://localhost:3010/_next/static/chunks/node_modules_next_dist_1e8vcs8._.js:776
[  394828ms] [LOG] [Fast Refresh] done in 29ms @ http://localhost:3010/_next/static/chunks/node_modules_next_dist_1e8vcs8._.js:776
[  394878ms] [LOG] [Fast Refresh] done in 29ms @ http://localhost:3010/_next/static/chunks/node_modules_next_dist_1e8vcs8._.js:776
[  394928ms] [LOG] [Fast Refresh] done in 29ms @ http://localhost:3010/_next/static/chunks/node_modules_next_dist_1e8vcs8._.js:776
[  394974ms] [LOG] [Fast Refresh] done in 29ms @ http://localhost:3010/_next/static/chunks/node_modules_next_dist_1e8vcs8._.js:776
[  395037ms] [LOG] [Fast Refresh] done in 29ms @ http://localhost:3010/_next/static/chunks/node_modules_next_dist_1e8vcs8._.js:776
[  395085ms] [LOG] [Fast Refresh] done in 29ms @ http://localhost:3010/_next/static/chunks/node_modules_next_dist_1e8vcs8._.js:776
[  395148ms] [LOG] [Fast Refresh] done in 29ms @ http://localhost:3010/_next/static/chunks/node_modules_next_dist_1e8vcs8._.js:776
[  395210ms] [LOG] [Fast Refresh] done in 29ms @ http://localhost:3010/_next/static/chunks/node_modules_next_dist_1e8vcs8._.js:776
[  395260ms] [LOG] [Fast Refresh] done in 29ms @ http://localhost:3010/_next/static/chunks/node_modules_next_dist_1e8vcs8._.js:776
[  395321ms] [LOG] [Fast Refresh] done in 29ms @ http://localhost:3010/_next/static/chunks/node_modules_next_dist_1e8vcs8._.js:776
[  395385ms] [LOG] [Fast Refresh] done in 29ms @ http://localhost:3010/_next/static/chunks/node_modules_next_dist_1e8vcs8._.js:776
[  395448ms] [LOG] [Fast Refresh] done in 29ms @ http://localhost:3010/_next/static/chunks/node_modules_next_dist_1e8vcs8._.js:776
[  395511ms] [LOG] [Fast Refresh] done in 29ms @ http://localhost:3010/_next/static/chunks/node_modules_next_dist_1e8vcs8._.js:776
[  395574ms] [LOG] [Fast Refresh] done in 29ms @ http://localhost:3010/_next/static/chunks/node_modules_next_dist_1e8vcs8._.js:776
[  395638ms] [LOG] [Fast Refresh] done in 29ms @ http://localhost:3010/_next/static/chunks/node_modules_next_dist_1e8vcs8._.js:776
[  395702ms] [LOG] [Fast Refresh] done in 29ms @ http://localhost:3010/_next/static/chunks/node_modules_next_dist_1e8vcs8._.js:776
[  395765ms] [LOG] [Fast Refresh] done in 29ms @ http://localhost:3010/_next/static/chunks/node_modules_next_dist_1e8vcs8._.js:776
[  395828ms] [LOG] [Fast Refresh] done in 29ms @ http://localhost:3010/_next/static/chunks/node_modules_next_dist_1e8vcs8._.js:776
[  395890ms] [LOG] [Fast Refresh] done in 29ms @ http://localhost:3010/_next/static/chunks/node_modules_next_dist_1e8vcs8._.js:776
[  395952ms] [LOG] [Fast Refresh] done in 29ms @ http://localhost:3010/_next/static/chunks/node_modules_next_dist_1e8vcs8._.js:776
[  396015ms] [LOG] [Fast Refresh] done in 29ms @ http://localhost:3010/_next/static/chunks/node_modules_next_dist_1e8vcs8._.js:776
[  396078ms] [LOG] [Fast Refresh] done in 29ms @ http://localhost:3010/_next/static/chunks/node_modules_next_dist_1e8vcs8._.js:776
[  396141ms] [LOG] [Fast Refresh] done in 29ms @ http://localhost:3010/_next/static/chunks/node_modules_next_dist_1e8vcs8._.js:776
[  396205ms] [LOG] [Fast Refresh] done in 29ms @ http://localhost:3010/_next/static/chunks/node_modules_next_dist_1e8vcs8._.js:776
[  396269ms] [LOG] [Fast Refresh] done in 29ms @ http://localhost:3010/_next/static/chunks/node_modules_next_dist_1e8vcs8._.js:776
[  396333ms] [LOG] [Fast Refresh] done in 29ms @ http://localhost:3010/_next/static/chunks/node_modules_next_dist_1e8vcs8._.js:776
[  396397ms] [LOG] [Fast Refresh] done in 29ms @ http://localhost:3010/_next/static/chunks/node_modules_next_dist_1e8vcs8._.js:776
[  396460ms] [LOG] [Fast Refresh] done in 29ms @ http://localhost:3010/_next/static/chunks/node_modules_next_dist_1e8vcs8._.js:776
[  396524ms] [LOG] [Fast Refresh] done in 29ms @ http://localhost:3010/_next/static/chunks/node_modules_next_dist_1e8vcs8._.js:776
[  396588ms] [LOG] [Fast Refresh] done in 29ms @ http://localhost:3010/_next/static/chunks/node_modules_next_dist_1e8vcs8._.js:776
[  396651ms] [LOG] [Fast Refresh] done in 29ms @ http://localhost:3010/_next/static/chunks/node_modules_next_dist_1e8vcs8._.js:776
[  396715ms] [LOG] [Fast Refresh] done in 29ms @ http://localhost:3010/_next/static/chunks/node_modules_next_dist_1e8vcs8._.js:776
[  396779ms] [LOG] [Fast Refresh] done in 29ms @ http://localhost:3010/_next/static/chunks/node_modules_next_dist_1e8vcs8._.js:776
[  396841ms] [LOG] [Fast Refresh] done in 29ms @ http://localhost:3010/_next/static/chunks/node_modules_next_dist_1e8vcs8._.js:776
[  396904ms] [LOG] [Fast Refresh] done in 29ms @ http://localhost:3010/_next/static/chunks/node_modules_next_dist_1e8vcs8._.js:776
[  396952ms] [LOG] [Fast Refresh] done in 29ms @ http://localhost:3010/_next/static/chunks/node_modules_next_dist_1e8vcs8._.js:776
[  397000ms] [LOG] [Fast Refresh] done in 29ms @ http://localhost:3010/_next/static/chunks/node_modules_next_dist_1e8vcs8._.js:776
[  397048ms] [LOG] [Fast Refresh] done in 29ms @ http://localhost:3010/_next/static/chunks/node_modules_next_dist_1e8vcs8._.js:776
[  397110ms] [LOG] [Fast Refresh] done in 29ms @ http://localhost:3010/_next/static/chunks/node_modules_next_dist_1e8vcs8._.js:776
[  397175ms] [LOG] [Fast Refresh] done in 29ms @ http://localhost:3010/_next/static/chunks/node_modules_next_dist_1e8vcs8._.js:776
[  397237ms] [LOG] [Fast Refresh] done in 29ms @ http://localhost:3010/_next/static/chunks/node_modules_next_dist_1e8vcs8._.js:776
[  397286ms] [LOG] [Fast Refresh] done in 29ms @ http://localhost:3010/_next/static/chunks/node_modules_next_dist_1e8vcs8._.js:776
[  397334ms] [LOG] [Fast Refresh] done in 29ms @ http://localhost:3010/_next/static/chunks/node_modules_next_dist_1e8vcs8._.js:776
[  397396ms] [LOG] [Fast Refresh] done in 29ms @ http://localhost:3010/_next/static/chunks/node_modules_next_dist_1e8vcs8._.js:776
[  397459ms] [LOG] [Fast Refresh] done in 29ms @ http://localhost:3010/_next/static/chunks/node_modules_next_dist_1e8vcs8._.js:776
[  397523ms] [LOG] [Fast Refresh] done in 29ms @ http://localhost:3010/_next/static/chunks/node_modules_next_dist_1e8vcs8._.js:776
[  397586ms] [LOG] [Fast Refresh] done in 29ms @ http://localhost:3010/_next/static/chunks/node_modules_next_dist_1e8vcs8._.js:776
[  397650ms] [LOG] [Fast Refresh] done in 29ms @ http://localhost:3010/_next/static/chunks/node_modules_next_dist_1e8vcs8._.js:776
[  397713ms] [LOG] [Fast Refresh] done in 29ms @ http://localhost:3010/_next/static/chunks/node_modules_next_dist_1e8vcs8._.js:776
[  397775ms] [LOG] [Fast Refresh] done in 29ms @ http://localhost:3010/_next/static/chunks/node_modules_next_dist_1e8vcs8._.js:776
[  397823ms] [LOG] [Fast Refresh] done in 29ms @ http://localhost:3010/_next/static/chunks/node_modules_next_dist_1e8vcs8._.js:776
[  397886ms] [LOG] [Fast Refresh] done in 29ms @ http://localhost:3010/_next/static/chunks/node_modules_next_dist_1e8vcs8._.js:776
[  397934ms] [LOG] [Fast Refresh] done in 29ms @ http://localhost:3010/_next/static/chunks/node_modules_next_dist_1e8vcs8._.js:776
[  397981ms] [LOG] [Fast Refresh] done in 29ms @ http://localhost:3010/_next/static/chunks/node_modules_next_dist_1e8vcs8._.js:776
[  398043ms] [LOG] [Fast Refresh] done in 29ms @ http://localhost:3010/_next/static/chunks/node_modules_next_dist_1e8vcs8._.js:776
[  398106ms] [LOG] [Fast Refresh] done in 29ms @ http://localhost:3010/_next/static/chunks/node_modules_next_dist_1e8vcs8._.js:776
[  398154ms] [LOG] [Fast Refresh] done in 29ms @ http://localhost:3010/_next/static/chunks/node_modules_next_dist_1e8vcs8._.js:776
[  398218ms] [LOG] [Fast Refresh] done in 29ms @ http://localhost:3010/_next/static/chunks/node_modules_next_dist_1e8vcs8._.js:776
[  398281ms] [LOG] [Fast Refresh] done in 29ms @ http://localhost:3010/_next/static/chunks/node_modules_next_dist_1e8vcs8._.js:776
[  398329ms] [LOG] [Fast Refresh] done in 29ms @ http://localhost:3010/_next/static/chunks/node_modules_next_dist_1e8vcs8._.js:776
[  398377ms] [LOG] [Fast Refresh] done in 29ms @ http://localhost:3010/_next/static/chunks/node_modules_next_dist_1e8vcs8._.js:776
[  398440ms] [LOG] [Fast Refresh] done in 29ms @ http://localhost:3010/_next/static/chunks/node_modules_next_dist_1e8vcs8._.js:776
[  398502ms] [LOG] [Fast Refresh] done in 29ms @ http://localhost:3010/_next/static/chunks/node_modules_next_dist_1e8vcs8._.js:776
[  398565ms] [LOG] [Fast Refresh] done in 29ms @ http://localhost:3010/_next/static/chunks/node_modules_next_dist_1e8vcs8._.js:776
[  398629ms] [LOG] [Fast Refresh] done in 29ms @ http://localhost:3010/_next/static/chunks/node_modules_next_dist_1e8vcs8._.js:776
[  398692ms] [LOG] [Fast Refresh] done in 29ms @ http://localhost:3010/_next/static/chunks/node_modules_next_dist_1e8vcs8._.js:776
[  398755ms] [LOG] [Fast Refresh] done in 29ms @ http://localhost:3010/_next/static/chunks/node_modules_next_dist_1e8vcs8._.js:776
[  398818ms] [LOG] [Fast Refresh] done in 29ms @ http://localhost:3010/_next/static/chunks/node_modules_next_dist_1e8vcs8._.js:776
[  398880ms] [LOG] [Fast Refresh] done in 29ms @ http://localhost:3010/_next/static/chunks/node_modules_next_dist_1e8vcs8._.js:776
[  398943ms] [LOG] [Fast Refresh] done in 29ms @ http://localhost:3010/_next/static/chunks/node_modules_next_dist_1e8vcs8._.js:776
[  399005ms] [LOG] [Fast Refresh] done in 29ms @ http://localhost:3010/_next/static/chunks/node_modules_next_dist_1e8vcs8._.js:776
[  399053ms] [LOG] [Fast Refresh] done in 29ms @ http://localhost:3010/_next/static/chunks/node_modules_next_dist_1e8vcs8._.js:776
[  399101ms] [LOG] [Fast Refresh] done in 29ms @ http://localhost:3010/_next/static/chunks/node_modules_next_dist_1e8vcs8._.js:776
[  399164ms] [LOG] [Fast Refresh] done in 29ms @ http://localhost:3010/_next/static/chunks/node_modules_next_dist_1e8vcs8._.js:776
[  399227ms] [LOG] [Fast Refresh] done in 29ms @ http://localhost:3010/_next/static/chunks/node_modules_next_dist_1e8vcs8._.js:776
[  399291ms] [LOG] [Fast Refresh] done in 29ms @ http://localhost:3010/_next/static/chunks/node_modules_next_dist_1e8vcs8._.js:776
[  399354ms] [LOG] [Fast Refresh] done in 29ms @ http://localhost:3010/_next/static/chunks/node_modules_next_dist_1e8vcs8._.js:776
[  399418ms] [LOG] [Fast Refresh] done in 29ms @ http://localhost:3010/_next/static/chunks/node_modules_next_dist_1e8vcs8._.js:776
[  399482ms] [LOG] [Fast Refresh] done in 29ms @ http://localhost:3010/_next/static/chunks/node_modules_next_dist_1e8vcs8._.js:776
[  399545ms] [LOG] [Fast Refresh] done in 29ms @ http://localhost:3010/_next/static/chunks/node_modules_next_dist_1e8vcs8._.js:776
[  399609ms] [LOG] [Fast Refresh] done in 29ms @ http://localhost:3010/_next/static/chunks/node_modules_next_dist_1e8vcs8._.js:776
[  399673ms] [LOG] [Fast Refresh] done in 29ms @ http://localhost:3010/_next/static/chunks/node_modules_next_dist_1e8vcs8._.js:776
[  399736ms] [LOG] [Fast Refresh] done in 29ms @ http://localhost:3010/_next/static/chunks/node_modules_next_dist_1e8vcs8._.js:776
[  399799ms] [LOG] [Fast Refresh] done in 29ms @ http://localhost:3010/_next/static/chunks/node_modules_next_dist_1e8vcs8._.js:776
[  399862ms] [LOG] [Fast Refresh] done in 29ms @ http://localhost:3010/_next/static/chunks/node_modules_next_dist_1e8vcs8._.js:776
[  399924ms] [LOG] [Fast Refresh] done in 29ms @ http://localhost:3010/_next/static/chunks/node_modules_next_dist_1e8vcs8._.js:776
[  399972ms] [LOG] [Fast Refresh] done in 29ms @ http://localhost:3010/_next/static/chunks/node_modules_next_dist_1e8vcs8._.js:776
[  400035ms] [LOG] [Fast Refresh] done in 29ms @ http://localhost:3010/_next/static/chunks/node_modules_next_dist_1e8vcs8._.js:776
[  400098ms] [LOG] [Fast Refresh] done in 29ms @ http://localhost:3010/_next/static/chunks/node_modules_next_dist_1e8vcs8._.js:776
[  400162ms] [LOG] [Fast Refresh] done in 29ms @ http://localhost:3010/_next/static/chunks/node_modules_next_dist_1e8vcs8._.js:776
[  400223ms] [LOG] [Fast Refresh] done in 29ms @ http://localhost:3010/_next/static/chunks/node_modules_next_dist_1e8vcs8._.js:776
[  400286ms] [LOG] [Fast Refresh] done in 29ms @ http://localhost:3010/_next/static/chunks/node_modules_next_dist_1e8vcs8._.js:776
[  400349ms] [LOG] [Fast Refresh] done in 29ms @ http://localhost:3010/_next/static/chunks/node_modules_next_dist_1e8vcs8._.js:776
[  400412ms] [LOG] [Fast Refresh] done in 29ms @ http://localhost:3010/_next/static/chunks/node_modules_next_dist_1e8vcs8._.js:776
[  400476ms] [LOG] [Fast Refresh] done in 29ms @ http://localhost:3010/_next/static/chunks/node_modules_next_dist_1e8vcs8._.js:776
[  400540ms] [LOG] [Fast Refresh] done in 29ms @ http://localhost:3010/_next/static/chunks/node_modules_next_dist_1e8vcs8._.js:776
[  400603ms] [LOG] [Fast Refresh] done in 29ms @ http://localhost:3010/_next/static/chunks/node_modules_next_dist_1e8vcs8._.js:776
[  400667ms] [LOG] [Fast Refresh] done in 29ms @ http://localhost:3010/_next/static/chunks/node_modules_next_dist_1e8vcs8._.js:776
[  400731ms] [LOG] [Fast Refresh] done in 29ms @ http://localhost:3010/_next/static/chunks/node_modules_next_dist_1e8vcs8._.js:776
[  400793ms] [LOG] [Fast Refresh] done in 29ms @ http://localhost:3010/_next/static/chunks/node_modules_next_dist_1e8vcs8._.js:776
[  400857ms] [LOG] [Fast Refresh] done in 29ms @ http://localhost:3010/_next/static/chunks/node_modules_next_dist_1e8vcs8._.js:776
[  400904ms] [LOG] [Fast Refresh] done in 29ms @ http://localhost:3010/_next/static/chunks/node_modules_next_dist_1e8vcs8._.js:776
[  400959ms] [LOG] [Fast Refresh] done in 29ms @ http://localhost:3010/_next/static/chunks/node_modules_next_dist_1e8vcs8._.js:776
[  401009ms] [LOG] [Fast Refresh] done in 29ms @ http://localhost:3010/_next/static/chunks/node_modules_next_dist_1e8vcs8._.js:776
[  401069ms] [LOG] [Fast Refresh] done in 29ms @ http://localhost:3010/_next/static/chunks/node_modules_next_dist_1e8vcs8._.js:776
[  401119ms] [LOG] [Fast Refresh] done in 29ms @ http://localhost:3010/_next/static/chunks/node_modules_next_dist_1e8vcs8._.js:776
[  401165ms] [LOG] [Fast Refresh] done in 29ms @ http://localhost:3010/_next/static/chunks/node_modules_next_dist_1e8vcs8._.js:776
[  401209ms] [LOG] [Fast Refresh] done in 29ms @ http://localhost:3010/_next/static/chunks/node_modules_next_dist_1e8vcs8._.js:776
[  401259ms] [LOG] [Fast Refresh] done in 29ms @ http://localhost:3010/_next/static/chunks/node_modules_next_dist_1e8vcs8._.js:776
[  401309ms] [LOG] [Fast Refresh] done in 29ms @ http://localhost:3010/_next/static/chunks/node_modules_next_dist_1e8vcs8._.js:776
[  401359ms] [LOG] [Fast Refresh] done in 29ms @ http://localhost:3010/_next/static/chunks/node_modules_next_dist_1e8vcs8._.js:776
[  401409ms] [LOG] [Fast Refresh] done in 29ms @ http://localhost:3010/_next/static/chunks/node_modules_next_dist_1e8vcs8._.js:776
[  401459ms] [LOG] [Fast Refresh] done in 29ms @ http://localhost:3010/_next/static/chunks/node_modules_next_dist_1e8vcs8._.js:776
[  401509ms] [LOG] [Fast Refresh] done in 29ms @ http://localhost:3010/_next/static/chunks/node_modules_next_dist_1e8vcs8._.js:776
[  401559ms] [LOG] [Fast Refresh] done in 29ms @ http://localhost:3010/_next/static/chunks/node_modules_next_dist_1e8vcs8._.js:776
[  401609ms] [LOG] [Fast Refresh] done in 29ms @ http://localhost:3010/_next/static/chunks/node_modules_next_dist_1e8vcs8._.js:776
[  401659ms] [LOG] [Fast Refresh] done in 29ms @ http://localhost:3010/_next/static/chunks/node_modules_next_dist_1e8vcs8._.js:776
[  401715ms] [LOG] [Fast Refresh] done in 29ms @ http://localhost:3010/_next/static/chunks/node_modules_next_dist_1e8vcs8._.js:776
[  401759ms] [LOG] [Fast Refresh] done in 29ms @ http://localhost:3010/_next/static/chunks/node_modules_next_dist_1e8vcs8._.js:776
[  401809ms] [LOG] [Fast Refresh] done in 29ms @ http://localhost:3010/_next/static/chunks/node_modules_next_dist_1e8vcs8._.js:776
[  401859ms] [LOG] [Fast Refresh] done in 29ms @ http://localhost:3010/_next/static/chunks/node_modules_next_dist_1e8vcs8._.js:776
[  401909ms] [LOG] [Fast Refresh] done in 29ms @ http://localhost:3010/_next/static/chunks/node_modules_next_dist_1e8vcs8._.js:776
[  401958ms] [LOG] [Fast Refresh] done in 29ms @ http://localhost:3010/_next/static/chunks/node_modules_next_dist_1e8vcs8._.js:776
[  402009ms] [LOG] [Fast Refresh] done in 29ms @ http://localhost:3010/_next/static/chunks/node_modules_next_dist_1e8vcs8._.js:776
[  402059ms] [LOG] [Fast Refresh] done in 29ms @ http://localhost:3010/_next/static/chunks/node_modules_next_dist_1e8vcs8._.js:776
[  402108ms] [LOG] [Fast Refresh] done in 29ms @ http://localhost:3010/_next/static/chunks/node_modules_next_dist_1e8vcs8._.js:776
[  402159ms] [LOG] [Fast Refresh] done in 29ms @ http://localhost:3010/_next/static/chunks/node_modules_next_dist_1e8vcs8._.js:776
[  402209ms] [LOG] [Fast Refresh] done in 29ms @ http://localhost:3010/_next/static/chunks/node_modules_next_dist_1e8vcs8._.js:776
[  402259ms] [LOG] [Fast Refresh] done in 29ms @ http://localhost:3010/_next/static/chunks/node_modules_next_dist_1e8vcs8._.js:776
[  402309ms] [LOG] [Fast Refresh] done in 29ms @ http://localhost:3010/_next/static/chunks/node_modules_next_dist_1e8vcs8._.js:776
[  402359ms] [LOG] [Fast Refresh] done in 29ms @ http://localhost:3010/_next/static/chunks/node_modules_next_dist_1e8vcs8._.js:776
[  402409ms] [LOG] [Fast Refresh] done in 29ms @ http://localhost:3010/_next/static/chunks/node_modules_next_dist_1e8vcs8._.js:776
[  402459ms] [LOG] [Fast Refresh] done in 29ms @ http://localhost:3010/_next/static/chunks/node_modules_next_dist_1e8vcs8._.js:776
[  402509ms] [LOG] [Fast Refresh] done in 29ms @ http://localhost:3010/_next/static/chunks/node_modules_next_dist_1e8vcs8._.js:776
[  402559ms] [LOG] [Fast Refresh] done in 29ms @ http://localhost:3010/_next/static/chunks/node_modules_next_dist_1e8vcs8._.js:776
[  402609ms] [LOG] [Fast Refresh] done in 29ms @ http://localhost:3010/_next/static/chunks/node_modules_next_dist_1e8vcs8._.js:776
[  402659ms] [LOG] [Fast Refresh] done in 29ms @ http://localhost:3010/_next/static/chunks/node_modules_next_dist_1e8vcs8._.js:776
[  402709ms] [LOG] [Fast Refresh] done in 29ms @ http://localhost:3010/_next/static/chunks/node_modules_next_dist_1e8vcs8._.js:776
[  402758ms] [LOG] [Fast Refresh] done in 29ms @ http://localhost:3010/_next/static/chunks/node_modules_next_dist_1e8vcs8._.js:776
[  402809ms] [LOG] [Fast Refresh] done in 29ms @ http://localhost:3010/_next/static/chunks/node_modules_next_dist_1e8vcs8._.js:776
[  402859ms] [LOG] [Fast Refresh] done in 29ms @ http://localhost:3010/_next/static/chunks/node_modules_next_dist_1e8vcs8._.js:776
[  402909ms] [LOG] [Fast Refresh] done in 29ms @ http://localhost:3010/_next/static/chunks/node_modules_next_dist_1e8vcs8._.js:776
[  402959ms] [LOG] [Fast Refresh] done in 29ms @ http://localhost:3010/_next/static/chunks/node_modules_next_dist_1e8vcs8._.js:776
[  403009ms] [LOG] [Fast Refresh] done in 29ms @ http://localhost:3010/_next/static/chunks/node_modules_next_dist_1e8vcs8._.js:776
[  403059ms] [LOG] [Fast Refresh] done in 29ms @ http://localhost:3010/_next/static/chunks/node_modules_next_dist_1e8vcs8._.js:776
[  403109ms] [LOG] [Fast Refresh] done in 29ms @ http://localhost:3010/_next/static/chunks/node_modules_next_dist_1e8vcs8._.js:776
[  403159ms] [LOG] [Fast Refresh] done in 29ms @ http://localhost:3010/_next/static/chunks/node_modules_next_dist_1e8vcs8._.js:776
[  403209ms] [LOG] [Fast Refresh] done in 29ms @ http://localhost:3010/_next/static/chunks/node_modules_next_dist_1e8vcs8._.js:776
[  403259ms] [LOG] [Fast Refresh] done in 29ms @ http://localhost:3010/_next/static/chunks/node_modules_next_dist_1e8vcs8._.js:776
[  403309ms] [LOG] [Fast Refresh] done in 29ms @ http://localhost:3010/_next/static/chunks/node_modules_next_dist_1e8vcs8._.js:776
[  403359ms] [LOG] [Fast Refresh] done in 29ms @ http://localhost:3010/_next/static/chunks/node_modules_next_dist_1e8vcs8._.js:776
[  403409ms] [LOG] [Fast Refresh] done in 29ms @ http://localhost:3010/_next/static/chunks/node_modules_next_dist_1e8vcs8._.js:776
[  403459ms] [LOG] [Fast Refresh] done in 29ms @ http://localhost:3010/_next/static/chunks/node_modules_next_dist_1e8vcs8._.js:776
[  403509ms] [LOG] [Fast Refresh] done in 29ms @ http://localhost:3010/_next/static/chunks/node_modules_next_dist_1e8vcs8._.js:776
[  403559ms] [LOG] [Fast Refresh] done in 29ms @ http://localhost:3010/_next/static/chunks/node_modules_next_dist_1e8vcs8._.js:776
[  403609ms] [LOG] [Fast Refresh] done in 29ms @ http://localhost:3010/_next/static/chunks/node_modules_next_dist_1e8vcs8._.js:776
[  403659ms] [LOG] [Fast Refresh] done in 29ms @ http://localhost:3010/_next/static/chunks/node_modules_next_dist_1e8vcs8._.js:776
[  403709ms] [LOG] [Fast Refresh] done in 29ms @ http://localhost:3010/_next/static/chunks/node_modules_next_dist_1e8vcs8._.js:776
[  403759ms] [LOG] [Fast Refresh] done in 29ms @ http://localhost:3010/_next/static/chunks/node_modules_next_dist_1e8vcs8._.js:776
[  403809ms] [LOG] [Fast Refresh] done in 29ms @ http://localhost:3010/_next/static/chunks/node_modules_next_dist_1e8vcs8._.js:776
[  403859ms] [LOG] [Fast Refresh] done in 29ms @ http://localhost:3010/_next/static/chunks/node_modules_next_dist_1e8vcs8._.js:776
[  403909ms] [LOG] [Fast Refresh] done in 29ms @ http://localhost:3010/_next/static/chunks/node_modules_next_dist_1e8vcs8._.js:776
[  403959ms] [LOG] [Fast Refresh] done in 29ms @ http://localhost:3010/_next/static/chunks/node_modules_next_dist_1e8vcs8._.js:776
[  404009ms] [LOG] [Fast Refresh] done in 29ms @ http://localhost:3010/_next/static/chunks/node_modules_next_dist_1e8vcs8._.js:776
[  404059ms] [LOG] [Fast Refresh] done in 29ms @ http://localhost:3010/_next/static/chunks/node_modules_next_dist_1e8vcs8._.js:776
[  404109ms] [LOG] [Fast Refresh] done in 29ms @ http://localhost:3010/_next/static/chunks/node_modules_next_dist_1e8vcs8._.js:776
[  404159ms] [LOG] [Fast Refresh] done in 29ms @ http://localhost:3010/_next/static/chunks/node_modules_next_dist_1e8vcs8._.js:776
[  404209ms] [LOG] [Fast Refresh] done in 29ms @ http://localhost:3010/_next/static/chunks/node_modules_next_dist_1e8vcs8._.js:776
[  404259ms] [LOG] [Fast Refresh] done in 29ms @ http://localhost:3010/_next/static/chunks/node_modules_next_dist_1e8vcs8._.js:776
[  404309ms] [LOG] [Fast Refresh] done in 29ms @ http://localhost:3010/_next/static/chunks/node_modules_next_dist_1e8vcs8._.js:776
[  404359ms] [LOG] [Fast Refresh] done in 29ms @ http://localhost:3010/_next/static/chunks/node_modules_next_dist_1e8vcs8._.js:776
[  404409ms] [LOG] [Fast Refresh] done in 29ms @ http://localhost:3010/_next/static/chunks/node_modules_next_dist_1e8vcs8._.js:776
[  404459ms] [LOG] [Fast Refresh] done in 29ms @ http://localhost:3010/_next/static/chunks/node_modules_next_dist_1e8vcs8._.js:776
[  404509ms] [LOG] [Fast Refresh] done in 29ms @ http://localhost:3010/_next/static/chunks/node_modules_next_dist_1e8vcs8._.js:776
[  404559ms] [LOG] [Fast Refresh] done in 29ms @ http://localhost:3010/_next/static/chunks/node_modules_next_dist_1e8vcs8._.js:776
[  404609ms] [LOG] [Fast Refresh] done in 29ms @ http://localhost:3010/_next/static/chunks/node_modules_next_dist_1e8vcs8._.js:776
[  404659ms] [LOG] [Fast Refresh] done in 29ms @ http://localhost:3010/_next/static/chunks/node_modules_next_dist_1e8vcs8._.js:776
[  404709ms] [LOG] [Fast Refresh] done in 29ms @ http://localhost:3010/_next/static/chunks/node_modules_next_dist_1e8vcs8._.js:776
[  404759ms] [LOG] [Fast Refresh] done in 29ms @ http://localhost:3010/_next/static/chunks/node_modules_next_dist_1e8vcs8._.js:776
[  404809ms] [LOG] [Fast Refresh] done in 29ms @ http://localhost:3010/_next/static/chunks/node_modules_next_dist_1e8vcs8._.js:776
[  404859ms] [LOG] [Fast Refresh] done in 29ms @ http://localhost:3010/_next/static/chunks/node_modules_next_dist_1e8vcs8._.js:776
[  404909ms] [LOG] [Fast Refresh] done in 29ms @ http://localhost:3010/_next/static/chunks/node_modules_next_dist_1e8vcs8._.js:776
[  404959ms] [LOG] [Fast Refresh] done in 29ms @ http://localhost:3010/_next/static/chunks/node_modules_next_dist_1e8vcs8._.js:776
[  405009ms] [LOG] [Fast Refresh] done in 29ms @ http://localhost:3010/_next/static/chunks/node_modules_next_dist_1e8vcs8._.js:776
[  405059ms] [LOG] [Fast Refresh] done in 29ms @ http://localhost:3010/_next/static/chunks/node_modules_next_dist_1e8vcs8._.js:776
[  405109ms] [LOG] [Fast Refresh] done in 29ms @ http://localhost:3010/_next/static/chunks/node_modules_next_dist_1e8vcs8._.js:776
[  405159ms] [LOG] [Fast Refresh] done in 29ms @ http://localhost:3010/_next/static/chunks/node_modules_next_dist_1e8vcs8._.js:776
[  405209ms] [LOG] [Fast Refresh] done in 29ms @ http://localhost:3010/_next/static/chunks/node_modules_next_dist_1e8vcs8._.js:776
[  405259ms] [LOG] [Fast Refresh] done in 29ms @ http://localhost:3010/_next/static/chunks/node_modules_next_dist_1e8vcs8._.js:776
[  405309ms] [LOG] [Fast Refresh] done in 29ms @ http://localhost:3010/_next/static/chunks/node_modules_next_dist_1e8vcs8._.js:776
[  405359ms] [LOG] [Fast Refresh] done in 29ms @ http://localhost:3010/_next/static/chunks/node_modules_next_dist_1e8vcs8._.js:776
[  405409ms] [LOG] [Fast Refresh] done in 29ms @ http://localhost:3010/_next/static/chunks/node_modules_next_dist_1e8vcs8._.js:776
[  405459ms] [LOG] [Fast Refresh] done in 29ms @ http://localhost:3010/_next/static/chunks/node_modules_next_dist_1e8vcs8._.js:776
[  405509ms] [LOG] [Fast Refresh] done in 29ms @ http://localhost:3010/_next/static/chunks/node_modules_next_dist_1e8vcs8._.js:776
[  405559ms] [LOG] [Fast Refresh] done in 29ms @ http://localhost:3010/_next/static/chunks/node_modules_next_dist_1e8vcs8._.js:776
[  405619ms] [LOG] [Fast Refresh] done in 29ms @ http://localhost:3010/_next/static/chunks/node_modules_next_dist_1e8vcs8._.js:776
[  405674ms] [LOG] [Fast Refresh] done in 29ms @ http://localhost:3010/_next/static/chunks/node_modules_next_dist_1e8vcs8._.js:776
[  405719ms] [LOG] [Fast Refresh] done in 29ms @ http://localhost:3010/_next/static/chunks/node_modules_next_dist_1e8vcs8._.js:776
[  405769ms] [LOG] [Fast Refresh] done in 29ms @ http://localhost:3010/_next/static/chunks/node_modules_next_dist_1e8vcs8._.js:776
[  405819ms] [LOG] [Fast Refresh] done in 29ms @ http://localhost:3010/_next/static/chunks/node_modules_next_dist_1e8vcs8._.js:776
[  405874ms] [LOG] [Fast Refresh] done in 29ms @ http://localhost:3010/_next/static/chunks/node_modules_next_dist_1e8vcs8._.js:776
[  405919ms] [LOG] [Fast Refresh] done in 29ms @ http://localhost:3010/_next/static/chunks/node_modules_next_dist_1e8vcs8._.js:776
[  405969ms] [LOG] [Fast Refresh] done in 29ms @ http://localhost:3010/_next/static/chunks/node_modules_next_dist_1e8vcs8._.js:776
[  406019ms] [LOG] [Fast Refresh] done in 29ms @ http://localhost:3010/_next/static/chunks/node_modules_next_dist_1e8vcs8._.js:776
[  406069ms] [LOG] [Fast Refresh] done in 29ms @ http://localhost:3010/_next/static/chunks/node_modules_next_dist_1e8vcs8._.js:776
[  406119ms] [LOG] [Fast Refresh] done in 29ms @ http://localhost:3010/_next/static/chunks/node_modules_next_dist_1e8vcs8._.js:776
[  406169ms] [LOG] [Fast Refresh] done in 29ms @ http://localhost:3010/_next/static/chunks/node_modules_next_dist_1e8vcs8._.js:776
[  406219ms] [LOG] [Fast Refresh] done in 29ms @ http://localhost:3010/_next/static/chunks/node_modules_next_dist_1e8vcs8._.js:776
[  406269ms] [LOG] [Fast Refresh] done in 29ms @ http://localhost:3010/_next/static/chunks/node_modules_next_dist_1e8vcs8._.js:776
[  406319ms] [LOG] [Fast Refresh] done in 29ms @ http://localhost:3010/_next/static/chunks/node_modules_next_dist_1e8vcs8._.js:776
[  406369ms] [LOG] [Fast Refresh] done in 29ms @ http://localhost:3010/_next/static/chunks/node_modules_next_dist_1e8vcs8._.js:776
[  406419ms] [LOG] [Fast Refresh] done in 29ms @ http://localhost:3010/_next/static/chunks/node_modules_next_dist_1e8vcs8._.js:776
[  406475ms] [LOG] [Fast Refresh] done in 29ms @ http://localhost:3010/_next/static/chunks/node_modules_next_dist_1e8vcs8._.js:776
[  406519ms] [LOG] [Fast Refresh] done in 29ms @ http://localhost:3010/_next/static/chunks/node_modules_next_dist_1e8vcs8._.js:776
[  406579ms] [LOG] [Fast Refresh] done in 29ms @ http://localhost:3010/_next/static/chunks/node_modules_next_dist_1e8vcs8._.js:776
[  406629ms] [LOG] [Fast Refresh] done in 29ms @ http://localhost:3010/_next/static/chunks/node_modules_next_dist_1e8vcs8._.js:776
[  406679ms] [LOG] [Fast Refresh] done in 29ms @ http://localhost:3010/_next/static/chunks/node_modules_next_dist_1e8vcs8._.js:776
[  406729ms] [LOG] [Fast Refresh] done in 29ms @ http://localhost:3010/_next/static/chunks/node_modules_next_dist_1e8vcs8._.js:776
[  406779ms] [LOG] [Fast Refresh] done in 29ms @ http://localhost:3010/_next/static/chunks/node_modules_next_dist_1e8vcs8._.js:776
[  406829ms] [LOG] [Fast Refresh] done in 29ms @ http://localhost:3010/_next/static/chunks/node_modules_next_dist_1e8vcs8._.js:776
[  406879ms] [LOG] [Fast Refresh] done in 29ms @ http://localhost:3010/_next/static/chunks/node_modules_next_dist_1e8vcs8._.js:776
[  406929ms] [LOG] [Fast Refresh] done in 29ms @ http://localhost:3010/_next/static/chunks/node_modules_next_dist_1e8vcs8._.js:776
[  406975ms] [LOG] [Fast Refresh] done in 29ms @ http://localhost:3010/_next/static/chunks/node_modules_next_dist_1e8vcs8._.js:776
[  407020ms] [LOG] [Fast Refresh] done in 29ms @ http://localhost:3010/_next/static/chunks/node_modules_next_dist_1e8vcs8._.js:776
[  407069ms] [LOG] [Fast Refresh] done in 29ms @ http://localhost:3010/_next/static/chunks/node_modules_next_dist_1e8vcs8._.js:776
[  407119ms] [LOG] [Fast Refresh] done in 29ms @ http://localhost:3010/_next/static/chunks/node_modules_next_dist_1e8vcs8._.js:776
[  407169ms] [LOG] [Fast Refresh] done in 29ms @ http://localhost:3010/_next/static/chunks/node_modules_next_dist_1e8vcs8._.js:776
[  407219ms] [LOG] [Fast Refresh] done in 29ms @ http://localhost:3010/_next/static/chunks/node_modules_next_dist_1e8vcs8._.js:776
[  407274ms] [LOG] [Fast Refresh] done in 29ms @ http://localhost:3010/_next/static/chunks/node_modules_next_dist_1e8vcs8._.js:776
[  407319ms] [LOG] [Fast Refresh] done in 29ms @ http://localhost:3010/_next/static/chunks/node_modules_next_dist_1e8vcs8._.js:776
[  407369ms] [LOG] [Fast Refresh] done in 29ms @ http://localhost:3010/_next/static/chunks/node_modules_next_dist_1e8vcs8._.js:776
[  407419ms] [LOG] [Fast Refresh] done in 29ms @ http://localhost:3010/_next/static/chunks/node_modules_next_dist_1e8vcs8._.js:776
[  407469ms] [LOG] [Fast Refresh] done in 29ms @ http://localhost:3010/_next/static/chunks/node_modules_next_dist_1e8vcs8._.js:776
[  407519ms] [LOG] [Fast Refresh] done in 29ms @ http://localhost:3010/_next/static/chunks/node_modules_next_dist_1e8vcs8._.js:776
[  407579ms] [LOG] [Fast Refresh] done in 29ms @ http://localhost:3010/_next/static/chunks/node_modules_next_dist_1e8vcs8._.js:776
[  407629ms] [LOG] [Fast Refresh] done in 29ms @ http://localhost:3010/_next/static/chunks/node_modules_next_dist_1e8vcs8._.js:776
[  407679ms] [LOG] [Fast Refresh] done in 29ms @ http://localhost:3010/_next/static/chunks/node_modules_next_dist_1e8vcs8._.js:776
[  407730ms] [LOG] [Fast Refresh] done in 29ms @ http://localhost:3010/_next/static/chunks/node_modules_next_dist_1e8vcs8._.js:776
[  407774ms] [LOG] [Fast Refresh] done in 29ms @ http://localhost:3010/_next/static/chunks/node_modules_next_dist_1e8vcs8._.js:776
[  407819ms] [LOG] [Fast Refresh] done in 29ms @ http://localhost:3010/_next/static/chunks/node_modules_next_dist_1e8vcs8._.js:776
[  407869ms] [LOG] [Fast Refresh] done in 29ms @ http://localhost:3010/_next/static/chunks/node_modules_next_dist_1e8vcs8._.js:776
[  407919ms] [LOG] [Fast Refresh] done in 29ms @ http://localhost:3010/_next/static/chunks/node_modules_next_dist_1e8vcs8._.js:776
[  407969ms] [LOG] [Fast Refresh] done in 29ms @ http://localhost:3010/_next/static/chunks/node_modules_next_dist_1e8vcs8._.js:776
[  408019ms] [LOG] [Fast Refresh] done in 29ms @ http://localhost:3010/_next/static/chunks/node_modules_next_dist_1e8vcs8._.js:776
[  408069ms] [LOG] [Fast Refresh] done in 29ms @ http://localhost:3010/_next/static/chunks/node_modules_next_dist_1e8vcs8._.js:776
[  408119ms] [LOG] [Fast Refresh] done in 29ms @ http://localhost:3010/_next/static/chunks/node_modules_next_dist_1e8vcs8._.js:776
[  408175ms] [LOG] [Fast Refresh] done in 29ms @ http://localhost:3010/_next/static/chunks/node_modules_next_dist_1e8vcs8._.js:776
[  408219ms] [LOG] [Fast Refresh] done in 29ms @ http://localhost:3010/_next/static/chunks/node_modules_next_dist_1e8vcs8._.js:776
[  408269ms] [LOG] [Fast Refresh] done in 29ms @ http://localhost:3010/_next/static/chunks/node_modules_next_dist_1e8vcs8._.js:776
[  408319ms] [LOG] [Fast Refresh] done in 29ms @ http://localhost:3010/_next/static/chunks/node_modules_next_dist_1e8vcs8._.js:776
[  408369ms] [LOG] [Fast Refresh] done in 29ms @ http://localhost:3010/_next/static/chunks/node_modules_next_dist_1e8vcs8._.js:776
[  408419ms] [LOG] [Fast Refresh] done in 29ms @ http://localhost:3010/_next/static/chunks/node_modules_next_dist_1e8vcs8._.js:776
[  408475ms] [LOG] [Fast Refresh] done in 29ms @ http://localhost:3010/_next/static/chunks/node_modules_next_dist_1e8vcs8._.js:776
[  408519ms] [LOG] [Fast Refresh] done in 29ms @ http://localhost:3010/_next/static/chunks/node_modules_next_dist_1e8vcs8._.js:776
[  408569ms] [LOG] [Fast Refresh] done in 29ms @ http://localhost:3010/_next/static/chunks/node_modules_next_dist_1e8vcs8._.js:776
[  408619ms] [LOG] [Fast Refresh] done in 29ms @ http://localhost:3010/_next/static/chunks/node_modules_next_dist_1e8vcs8._.js:776
[  408669ms] [LOG] [Fast Refresh] done in 29ms @ http://localhost:3010/_next/static/chunks/node_modules_next_dist_1e8vcs8._.js:776
[  408719ms] [LOG] [Fast Refresh] done in 29ms @ http://localhost:3010/_next/static/chunks/node_modules_next_dist_1e8vcs8._.js:776
[  408769ms] [LOG] [Fast Refresh] done in 29ms @ http://localhost:3010/_next/static/chunks/node_modules_next_dist_1e8vcs8._.js:776
[  408819ms] [LOG] [Fast Refresh] done in 29ms @ http://localhost:3010/_next/static/chunks/node_modules_next_dist_1e8vcs8._.js:776
[  408869ms] [LOG] [Fast Refresh] done in 29ms @ http://localhost:3010/_next/static/chunks/node_modules_next_dist_1e8vcs8._.js:776
[  408919ms] [LOG] [Fast Refresh] done in 29ms @ http://localhost:3010/_next/static/chunks/node_modules_next_dist_1e8vcs8._.js:776
[  408975ms] [LOG] [Fast Refresh] done in 29ms @ http://localhost:3010/_next/static/chunks/node_modules_next_dist_1e8vcs8._.js:776
[  409039ms] [LOG] [Fast Refresh] done in 29ms @ http://localhost:3010/_next/static/chunks/node_modules_next_dist_1e8vcs8._.js:776
[  409103ms] [LOG] [Fast Refresh] done in 29ms @ http://localhost:3010/_next/static/chunks/node_modules_next_dist_1e8vcs8._.js:776
[  409166ms] [LOG] [Fast Refresh] done in 29ms @ http://localhost:3010/_next/static/chunks/node_modules_next_dist_1e8vcs8._.js:776
[  409230ms] [LOG] [Fast Refresh] done in 29ms @ http://localhost:3010/_next/static/chunks/node_modules_next_dist_1e8vcs8._.js:776
[  409294ms] [LOG] [Fast Refresh] done in 29ms @ http://localhost:3010/_next/static/chunks/node_modules_next_dist_1e8vcs8._.js:776
[  409357ms] [LOG] [Fast Refresh] done in 29ms @ http://localhost:3010/_next/static/chunks/node_modules_next_dist_1e8vcs8._.js:776
[  409420ms] [LOG] [Fast Refresh] done in 29ms @ http://localhost:3010/_next/static/chunks/node_modules_next_dist_1e8vcs8._.js:776
[  409482ms] [LOG] [Fast Refresh] done in 29ms @ http://localhost:3010/_next/static/chunks/node_modules_next_dist_1e8vcs8._.js:776
[  409546ms] [LOG] [Fast Refresh] done in 29ms @ http://localhost:3010/_next/static/chunks/node_modules_next_dist_1e8vcs8._.js:776
[  409594ms] [LOG] [Fast Refresh] done in 29ms @ http://localhost:3010/_next/static/chunks/node_modules_next_dist_1e8vcs8._.js:776
[  409657ms] [LOG] [Fast Refresh] done in 29ms @ http://localhost:3010/_next/static/chunks/node_modules_next_dist_1e8vcs8._.js:776
[  409720ms] [LOG] [Fast Refresh] done in 29ms @ http://localhost:3010/_next/static/chunks/node_modules_next_dist_1e8vcs8._.js:776
[  409768ms] [LOG] [Fast Refresh] done in 29ms @ http://localhost:3010/_next/static/chunks/node_modules_next_dist_1e8vcs8._.js:776
[  409831ms] [LOG] [Fast Refresh] done in 29ms @ http://localhost:3010/_next/static/chunks/node_modules_next_dist_1e8vcs8._.js:776
[  409894ms] [LOG] [Fast Refresh] done in 29ms @ http://localhost:3010/_next/static/chunks/node_modules_next_dist_1e8vcs8._.js:776
[  409958ms] [LOG] [Fast Refresh] done in 29ms @ http://localhost:3010/_next/static/chunks/node_modules_next_dist_1e8vcs8._.js:776
[  410007ms] [LOG] [Fast Refresh] done in 29ms @ http://localhost:3010/_next/static/chunks/node_modules_next_dist_1e8vcs8._.js:776
[  410070ms] [LOG] [Fast Refresh] done in 29ms @ http://localhost:3010/_next/static/chunks/node_modules_next_dist_1e8vcs8._.js:776
[  410133ms] [LOG] [Fast Refresh] done in 29ms @ http://localhost:3010/_next/static/chunks/node_modules_next_dist_1e8vcs8._.js:776
[  410196ms] [LOG] [Fast Refresh] done in 29ms @ http://localhost:3010/_next/static/chunks/node_modules_next_dist_1e8vcs8._.js:776
[  410259ms] [LOG] [Fast Refresh] done in 29ms @ http://localhost:3010/_next/static/chunks/node_modules_next_dist_1e8vcs8._.js:776
[  410322ms] [LOG] [Fast Refresh] done in 29ms @ http://localhost:3010/_next/static/chunks/node_modules_next_dist_1e8vcs8._.js:776
[  410386ms] [LOG] [Fast Refresh] done in 29ms @ http://localhost:3010/_next/static/chunks/node_modules_next_dist_1e8vcs8._.js:776
[  410449ms] [LOG] [Fast Refresh] done in 29ms @ http://localhost:3010/_next/static/chunks/node_modules_next_dist_1e8vcs8._.js:776
[  410513ms] [LOG] [Fast Refresh] done in 29ms @ http://localhost:3010/_next/static/chunks/node_modules_next_dist_1e8vcs8._.js:776
[  410575ms] [LOG] [Fast Refresh] done in 29ms @ http://localhost:3010/_next/static/chunks/node_modules_next_dist_1e8vcs8._.js:776
[  410623ms] [LOG] [Fast Refresh] done in 29ms @ http://localhost:3010/_next/static/chunks/node_modules_next_dist_1e8vcs8._.js:776
[  410688ms] [LOG] [Fast Refresh] done in 29ms @ http://localhost:3010/_next/static/chunks/node_modules_next_dist_1e8vcs8._.js:776
[  410751ms] [LOG] [Fast Refresh] done in 29ms @ http://localhost:3010/_next/static/chunks/node_modules_next_dist_1e8vcs8._.js:776
[  410815ms] [LOG] [Fast Refresh] done in 29ms @ http://localhost:3010/_next/static/chunks/node_modules_next_dist_1e8vcs8._.js:776
[  410877ms] [LOG] [Fast Refresh] done in 29ms @ http://localhost:3010/_next/static/chunks/node_modules_next_dist_1e8vcs8._.js:776
[  410940ms] [LOG] [Fast Refresh] done in 29ms @ http://localhost:3010/_next/static/chunks/node_modules_next_dist_1e8vcs8._.js:776
[  410999ms] [LOG] [Fast Refresh] done in 29ms @ http://localhost:3010/_next/static/chunks/node_modules_next_dist_1e8vcs8._.js:776
[  411049ms] [LOG] [Fast Refresh] done in 29ms @ http://localhost:3010/_next/static/chunks/node_modules_next_dist_1e8vcs8._.js:776
[  411109ms] [LOG] [Fast Refresh] done in 29ms @ http://localhost:3010/_next/static/chunks/node_modules_next_dist_1e8vcs8._.js:776
[  411159ms] [LOG] [Fast Refresh] done in 29ms @ http://localhost:3010/_next/static/chunks/node_modules_next_dist_1e8vcs8._.js:776
[  411209ms] [LOG] [Fast Refresh] done in 29ms @ http://localhost:3010/_next/static/chunks/node_modules_next_dist_1e8vcs8._.js:776
[  411259ms] [LOG] [Fast Refresh] done in 29ms @ http://localhost:3010/_next/static/chunks/node_modules_next_dist_1e8vcs8._.js:776
[  411309ms] [LOG] [Fast Refresh] done in 29ms @ http://localhost:3010/_next/static/chunks/node_modules_next_dist_1e8vcs8._.js:776
[  411359ms] [LOG] [Fast Refresh] done in 29ms @ http://localhost:3010/_next/static/chunks/node_modules_next_dist_1e8vcs8._.js:776
[  411409ms] [LOG] [Fast Refresh] done in 29ms @ http://localhost:3010/_next/static/chunks/node_modules_next_dist_1e8vcs8._.js:776
[  411459ms] [LOG] [Fast Refresh] done in 29ms @ http://localhost:3010/_next/static/chunks/node_modules_next_dist_1e8vcs8._.js:776
[  411509ms] [LOG] [Fast Refresh] done in 29ms @ http://localhost:3010/_next/static/chunks/node_modules_next_dist_1e8vcs8._.js:776
[  411559ms] [LOG] [Fast Refresh] done in 29ms @ http://localhost:3010/_next/static/chunks/node_modules_next_dist_1e8vcs8._.js:776
[  411609ms] [LOG] [Fast Refresh] done in 29ms @ http://localhost:3010/_next/static/chunks/node_modules_next_dist_1e8vcs8._.js:776
[  411659ms] [LOG] [Fast Refresh] done in 29ms @ http://localhost:3010/_next/static/chunks/node_modules_next_dist_1e8vcs8._.js:776
[  411709ms] [LOG] [Fast Refresh] done in 29ms @ http://localhost:3010/_next/static/chunks/node_modules_next_dist_1e8vcs8._.js:776
[  411759ms] [LOG] [Fast Refresh] done in 29ms @ http://localhost:3010/_next/static/chunks/node_modules_next_dist_1e8vcs8._.js:776
[  411809ms] [LOG] [Fast Refresh] done in 29ms @ http://localhost:3010/_next/static/chunks/node_modules_next_dist_1e8vcs8._.js:776
[  411860ms] [LOG] [Fast Refresh] done in 29ms @ http://localhost:3010/_next/static/chunks/node_modules_next_dist_1e8vcs8._.js:776
[  411909ms] [LOG] [Fast Refresh] done in 29ms @ http://localhost:3010/_next/static/chunks/node_modules_next_dist_1e8vcs8._.js:776
[  411959ms] [LOG] [Fast Refresh] done in 29ms @ http://localhost:3010/_next/static/chunks/node_modules_next_dist_1e8vcs8._.js:776
[  412009ms] [LOG] [Fast Refresh] done in 29ms @ http://localhost:3010/_next/static/chunks/node_modules_next_dist_1e8vcs8._.js:776
[  412059ms] [LOG] [Fast Refresh] done in 29ms @ http://localhost:3010/_next/static/chunks/node_modules_next_dist_1e8vcs8._.js:776
[  412109ms] [LOG] [Fast Refresh] done in 29ms @ http://localhost:3010/_next/static/chunks/node_modules_next_dist_1e8vcs8._.js:776
[  412159ms] [LOG] [Fast Refresh] done in 29ms @ http://localhost:3010/_next/static/chunks/node_modules_next_dist_1e8vcs8._.js:776
[  412209ms] [LOG] [Fast Refresh] done in 29ms @ http://localhost:3010/_next/static/chunks/node_modules_next_dist_1e8vcs8._.js:776
[  412259ms] [LOG] [Fast Refresh] done in 29ms @ http://localhost:3010/_next/static/chunks/node_modules_next_dist_1e8vcs8._.js:776
[  412309ms] [LOG] [Fast Refresh] done in 29ms @ http://localhost:3010/_next/static/chunks/node_modules_next_dist_1e8vcs8._.js:776
[  412359ms] [LOG] [Fast Refresh] done in 29ms @ http://localhost:3010/_next/static/chunks/node_modules_next_dist_1e8vcs8._.js:776
[  412409ms] [LOG] [Fast Refresh] done in 29ms @ http://localhost:3010/_next/static/chunks/node_modules_next_dist_1e8vcs8._.js:776
[  412459ms] [LOG] [Fast Refresh] done in 29ms @ http://localhost:3010/_next/static/chunks/node_modules_next_dist_1e8vcs8._.js:776
[  412509ms] [LOG] [Fast Refresh] done in 29ms @ http://localhost:3010/_next/static/chunks/node_modules_next_dist_1e8vcs8._.js:776
[  412559ms] [LOG] [Fast Refresh] done in 29ms @ http://localhost:3010/_next/static/chunks/node_modules_next_dist_1e8vcs8._.js:776
[  412609ms] [LOG] [Fast Refresh] done in 29ms @ http://localhost:3010/_next/static/chunks/node_modules_next_dist_1e8vcs8._.js:776
[  412659ms] [LOG] [Fast Refresh] done in 29ms @ http://localhost:3010/_next/static/chunks/node_modules_next_dist_1e8vcs8._.js:776
[  412709ms] [LOG] [Fast Refresh] done in 29ms @ http://localhost:3010/_next/static/chunks/node_modules_next_dist_1e8vcs8._.js:776
[  412759ms] [LOG] [Fast Refresh] done in 29ms @ http://localhost:3010/_next/static/chunks/node_modules_next_dist_1e8vcs8._.js:776
[  412809ms] [LOG] [Fast Refresh] done in 29ms @ http://localhost:3010/_next/static/chunks/node_modules_next_dist_1e8vcs8._.js:776
[  412859ms] [LOG] [Fast Refresh] done in 29ms @ http://localhost:3010/_next/static/chunks/node_modules_next_dist_1e8vcs8._.js:776
[  412910ms] [LOG] [Fast Refresh] done in 29ms @ http://localhost:3010/_next/static/chunks/node_modules_next_dist_1e8vcs8._.js:776
[  412965ms] [LOG] [Fast Refresh] done in 29ms @ http://localhost:3010/_next/static/chunks/node_modules_next_dist_1e8vcs8._.js:776
[  413028ms] [LOG] [Fast Refresh] done in 29ms @ http://localhost:3010/_next/static/chunks/node_modules_next_dist_1e8vcs8._.js:776
[  413090ms] [LOG] [Fast Refresh] done in 29ms @ http://localhost:3010/_next/static/chunks/node_modules_next_dist_1e8vcs8._.js:776
[  413153ms] [LOG] [Fast Refresh] done in 29ms @ http://localhost:3010/_next/static/chunks/node_modules_next_dist_1e8vcs8._.js:776
[  413216ms] [LOG] [Fast Refresh] done in 29ms @ http://localhost:3010/_next/static/chunks/node_modules_next_dist_1e8vcs8._.js:776
[  413264ms] [LOG] [Fast Refresh] done in 29ms @ http://localhost:3010/_next/static/chunks/node_modules_next_dist_1e8vcs8._.js:776
[  413327ms] [LOG] [Fast Refresh] done in 29ms @ http://localhost:3010/_next/static/chunks/node_modules_next_dist_1e8vcs8._.js:776
[  413391ms] [LOG] [Fast Refresh] done in 29ms @ http://localhost:3010/_next/static/chunks/node_modules_next_dist_1e8vcs8._.js:776
[  413453ms] [LOG] [Fast Refresh] done in 29ms @ http://localhost:3010/_next/static/chunks/node_modules_next_dist_1e8vcs8._.js:776
[  413515ms] [LOG] [Fast Refresh] done in 29ms @ http://localhost:3010/_next/static/chunks/node_modules_next_dist_1e8vcs8._.js:776
[  413576ms] [LOG] [Fast Refresh] done in 29ms @ http://localhost:3010/_next/static/chunks/node_modules_next_dist_1e8vcs8._.js:776
[  413638ms] [LOG] [Fast Refresh] done in 29ms @ http://localhost:3010/_next/static/chunks/node_modules_next_dist_1e8vcs8._.js:776
[  413686ms] [LOG] [Fast Refresh] done in 29ms @ http://localhost:3010/_next/static/chunks/node_modules_next_dist_1e8vcs8._.js:776
[  413734ms] [LOG] [Fast Refresh] done in 29ms @ http://localhost:3010/_next/static/chunks/node_modules_next_dist_1e8vcs8._.js:776
[  413798ms] [LOG] [Fast Refresh] done in 29ms @ http://localhost:3010/_next/static/chunks/node_modules_next_dist_1e8vcs8._.js:776
[  413860ms] [LOG] [Fast Refresh] done in 29ms @ http://localhost:3010/_next/static/chunks/node_modules_next_dist_1e8vcs8._.js:776
[  413924ms] [LOG] [Fast Refresh] done in 29ms @ http://localhost:3010/_next/static/chunks/node_modules_next_dist_1e8vcs8._.js:776
[  413987ms] [LOG] [Fast Refresh] done in 29ms @ http://localhost:3010/_next/static/chunks/node_modules_next_dist_1e8vcs8._.js:776
[  414051ms] [LOG] [Fast Refresh] done in 29ms @ http://localhost:3010/_next/static/chunks/node_modules_next_dist_1e8vcs8._.js:776
[  414114ms] [LOG] [Fast Refresh] done in 29ms @ http://localhost:3010/_next/static/chunks/node_modules_next_dist_1e8vcs8._.js:776
[  414178ms] [LOG] [Fast Refresh] done in 29ms @ http://localhost:3010/_next/static/chunks/node_modules_next_dist_1e8vcs8._.js:776
[  414242ms] [LOG] [Fast Refresh] done in 29ms @ http://localhost:3010/_next/static/chunks/node_modules_next_dist_1e8vcs8._.js:776
[  414306ms] [LOG] [Fast Refresh] done in 29ms @ http://localhost:3010/_next/static/chunks/node_modules_next_dist_1e8vcs8._.js:776
[  414368ms] [LOG] [Fast Refresh] done in 29ms @ http://localhost:3010/_next/static/chunks/node_modules_next_dist_1e8vcs8._.js:776
[  414432ms] [LOG] [Fast Refresh] done in 29ms @ http://localhost:3010/_next/static/chunks/node_modules_next_dist_1e8vcs8._.js:776
[  414495ms] [LOG] [Fast Refresh] done in 29ms @ http://localhost:3010/_next/static/chunks/node_modules_next_dist_1e8vcs8._.js:776
[  414543ms] [LOG] [Fast Refresh] done in 29ms @ http://localhost:3010/_next/static/chunks/node_modules_next_dist_1e8vcs8._.js:776
[  414591ms] [LOG] [Fast Refresh] done in 29ms @ http://localhost:3010/_next/static/chunks/node_modules_next_dist_1e8vcs8._.js:776
[  414654ms] [LOG] [Fast Refresh] done in 29ms @ http://localhost:3010/_next/static/chunks/node_modules_next_dist_1e8vcs8._.js:776
[  414717ms] [LOG] [Fast Refresh] done in 29ms @ http://localhost:3010/_next/static/chunks/node_modules_next_dist_1e8vcs8._.js:776
[  414780ms] [LOG] [Fast Refresh] done in 29ms @ http://localhost:3010/_next/static/chunks/node_modules_next_dist_1e8vcs8._.js:776
[  414844ms] [LOG] [Fast Refresh] done in 29ms @ http://localhost:3010/_next/static/chunks/node_modules_next_dist_1e8vcs8._.js:776
[  414905ms] [LOG] [Fast Refresh] done in 29ms @ http://localhost:3010/_next/static/chunks/node_modules_next_dist_1e8vcs8._.js:776
[  414959ms] [LOG] [Fast Refresh] done in 29ms @ http://localhost:3010/_next/static/chunks/node_modules_next_dist_1e8vcs8._.js:776
[  415010ms] [LOG] [Fast Refresh] done in 29ms @ http://localhost:3010/_next/static/chunks/node_modules_next_dist_1e8vcs8._.js:776
[  415059ms] [LOG] [Fast Refresh] done in 29ms @ http://localhost:3010/_next/static/chunks/node_modules_next_dist_1e8vcs8._.js:776
[  415109ms] [LOG] [Fast Refresh] done in 29ms @ http://localhost:3010/_next/static/chunks/node_modules_next_dist_1e8vcs8._.js:776
[  415159ms] [LOG] [Fast Refresh] done in 29ms @ http://localhost:3010/_next/static/chunks/node_modules_next_dist_1e8vcs8._.js:776
[  415209ms] [LOG] [Fast Refresh] done in 29ms @ http://localhost:3010/_next/static/chunks/node_modules_next_dist_1e8vcs8._.js:776
[  415259ms] [LOG] [Fast Refresh] done in 29ms @ http://localhost:3010/_next/static/chunks/node_modules_next_dist_1e8vcs8._.js:776
[  415310ms] [LOG] [Fast Refresh] done in 29ms @ http://localhost:3010/_next/static/chunks/node_modules_next_dist_1e8vcs8._.js:776
[  415359ms] [LOG] [Fast Refresh] done in 29ms @ http://localhost:3010/_next/static/chunks/node_modules_next_dist_1e8vcs8._.js:776
[  415409ms] [LOG] [Fast Refresh] done in 29ms @ http://localhost:3010/_next/static/chunks/node_modules_next_dist_1e8vcs8._.js:776
[  415460ms] [LOG] [Fast Refresh] done in 29ms @ http://localhost:3010/_next/static/chunks/node_modules_next_dist_1e8vcs8._.js:776
[  415509ms] [LOG] [Fast Refresh] done in 29ms @ http://localhost:3010/_next/static/chunks/node_modules_next_dist_1e8vcs8._.js:776
[  415559ms] [LOG] [Fast Refresh] done in 29ms @ http://localhost:3010/_next/static/chunks/node_modules_next_dist_1e8vcs8._.js:776
[  415609ms] [LOG] [Fast Refresh] done in 29ms @ http://localhost:3010/_next/static/chunks/node_modules_next_dist_1e8vcs8._.js:776
[  415660ms] [LOG] [Fast Refresh] done in 29ms @ http://localhost:3010/_next/static/chunks/node_modules_next_dist_1e8vcs8._.js:776
[  415709ms] [LOG] [Fast Refresh] done in 29ms @ http://localhost:3010/_next/static/chunks/node_modules_next_dist_1e8vcs8._.js:776
[  415759ms] [LOG] [Fast Refresh] done in 29ms @ http://localhost:3010/_next/static/chunks/node_modules_next_dist_1e8vcs8._.js:776
[  415809ms] [LOG] [Fast Refresh] done in 29ms @ http://localhost:3010/_next/static/chunks/node_modules_next_dist_1e8vcs8._.js:776
[  415860ms] [LOG] [Fast Refresh] done in 29ms @ http://localhost:3010/_next/static/chunks/node_modules_next_dist_1e8vcs8._.js:776
[  415909ms] [LOG] [Fast Refresh] done in 29ms @ http://localhost:3010/_next/static/chunks/node_modules_next_dist_1e8vcs8._.js:776
[  415959ms] [LOG] [Fast Refresh] done in 29ms @ http://localhost:3010/_next/static/chunks/node_modules_next_dist_1e8vcs8._.js:776
[  416009ms] [LOG] [Fast Refresh] done in 29ms @ http://localhost:3010/_next/static/chunks/node_modules_next_dist_1e8vcs8._.js:776
[  416059ms] [LOG] [Fast Refresh] done in 29ms @ http://localhost:3010/_next/static/chunks/node_modules_next_dist_1e8vcs8._.js:776
[  416110ms] [LOG] [Fast Refresh] done in 29ms @ http://localhost:3010/_next/static/chunks/node_modules_next_dist_1e8vcs8._.js:776
[  416159ms] [LOG] [Fast Refresh] done in 29ms @ http://localhost:3010/_next/static/chunks/node_modules_next_dist_1e8vcs8._.js:776
[  416209ms] [LOG] [Fast Refresh] done in 29ms @ http://localhost:3010/_next/static/chunks/node_modules_next_dist_1e8vcs8._.js:776
[  416260ms] [LOG] [Fast Refresh] done in 29ms @ http://localhost:3010/_next/static/chunks/node_modules_next_dist_1e8vcs8._.js:776
[  416309ms] [LOG] [Fast Refresh] done in 29ms @ http://localhost:3010/_next/static/chunks/node_modules_next_dist_1e8vcs8._.js:776
[  416359ms] [LOG] [Fast Refresh] done in 29ms @ http://localhost:3010/_next/static/chunks/node_modules_next_dist_1e8vcs8._.js:776
[  416409ms] [LOG] [Fast Refresh] done in 29ms @ http://localhost:3010/_next/static/chunks/node_modules_next_dist_1e8vcs8._.js:776
[  416459ms] [LOG] [Fast Refresh] done in 29ms @ http://localhost:3010/_next/static/chunks/node_modules_next_dist_1e8vcs8._.js:776
[  416509ms] [LOG] [Fast Refresh] done in 29ms @ http://localhost:3010/_next/static/chunks/node_modules_next_dist_1e8vcs8._.js:776
[  416559ms] [LOG] [Fast Refresh] done in 29ms @ http://localhost:3010/_next/static/chunks/node_modules_next_dist_1e8vcs8._.js:776
[  416609ms] [LOG] [Fast Refresh] done in 29ms @ http://localhost:3010/_next/static/chunks/node_modules_next_dist_1e8vcs8._.js:776
[  416659ms] [LOG] [Fast Refresh] done in 29ms @ http://localhost:3010/_next/static/chunks/node_modules_next_dist_1e8vcs8._.js:776
[  416709ms] [LOG] [Fast Refresh] done in 29ms @ http://localhost:3010/_next/static/chunks/node_modules_next_dist_1e8vcs8._.js:776
[  416759ms] [LOG] [Fast Refresh] done in 29ms @ http://localhost:3010/_next/static/chunks/node_modules_next_dist_1e8vcs8._.js:776
[  416809ms] [LOG] [Fast Refresh] done in 29ms @ http://localhost:3010/_next/static/chunks/node_modules_next_dist_1e8vcs8._.js:776
[  416860ms] [LOG] [Fast Refresh] done in 29ms @ http://localhost:3010/_next/static/chunks/node_modules_next_dist_1e8vcs8._.js:776
[  416909ms] [LOG] [Fast Refresh] done in 29ms @ http://localhost:3010/_next/static/chunks/node_modules_next_dist_1e8vcs8._.js:776
[  416965ms] [LOG] [Fast Refresh] done in 29ms @ http://localhost:3010/_next/static/chunks/node_modules_next_dist_1e8vcs8._.js:776
[  417027ms] [LOG] [Fast Refresh] done in 29ms @ http://localhost:3010/_next/static/chunks/node_modules_next_dist_1e8vcs8._.js:776
[  417089ms] [LOG] [Fast Refresh] done in 29ms @ http://localhost:3010/_next/static/chunks/node_modules_next_dist_1e8vcs8._.js:776
[  417137ms] [LOG] [Fast Refresh] done in 29ms @ http://localhost:3010/_next/static/chunks/node_modules_next_dist_1e8vcs8._.js:776
[  417185ms] [LOG] [Fast Refresh] done in 29ms @ http://localhost:3010/_next/static/chunks/node_modules_next_dist_1e8vcs8._.js:776
[  417248ms] [LOG] [Fast Refresh] done in 29ms @ http://localhost:3010/_next/static/chunks/node_modules_next_dist_1e8vcs8._.js:776
[  417312ms] [LOG] [Fast Refresh] done in 29ms @ http://localhost:3010/_next/static/chunks/node_modules_next_dist_1e8vcs8._.js:776
[  417375ms] [LOG] [Fast Refresh] done in 29ms @ http://localhost:3010/_next/static/chunks/node_modules_next_dist_1e8vcs8._.js:776
[  417436ms] [LOG] [Fast Refresh] done in 29ms @ http://localhost:3010/_next/static/chunks/node_modules_next_dist_1e8vcs8._.js:776
[  417500ms] [LOG] [Fast Refresh] done in 29ms @ http://localhost:3010/_next/static/chunks/node_modules_next_dist_1e8vcs8._.js:776
[  417564ms] [LOG] [Fast Refresh] done in 29ms @ http://localhost:3010/_next/static/chunks/node_modules_next_dist_1e8vcs8._.js:776
[  417626ms] [LOG] [Fast Refresh] done in 29ms @ http://localhost:3010/_next/static/chunks/node_modules_next_dist_1e8vcs8._.js:776
[  417689ms] [LOG] [Fast Refresh] done in 29ms @ http://localhost:3010/_next/static/chunks/node_modules_next_dist_1e8vcs8._.js:776
[  417736ms] [LOG] [Fast Refresh] done in 29ms @ http://localhost:3010/_next/static/chunks/node_modules_next_dist_1e8vcs8._.js:776
[  417784ms] [LOG] [Fast Refresh] done in 29ms @ http://localhost:3010/_next/static/chunks/node_modules_next_dist_1e8vcs8._.js:776
[  417846ms] [LOG] [Fast Refresh] done in 29ms @ http://localhost:3010/_next/static/chunks/node_modules_next_dist_1e8vcs8._.js:776
[  417894ms] [LOG] [Fast Refresh] done in 29ms @ http://localhost:3010/_next/static/chunks/node_modules_next_dist_1e8vcs8._.js:776
[  417956ms] [LOG] [Fast Refresh] done in 29ms @ http://localhost:3010/_next/static/chunks/node_modules_next_dist_1e8vcs8._.js:776
[  418020ms] [LOG] [Fast Refresh] done in 29ms @ http://localhost:3010/_next/static/chunks/node_modules_next_dist_1e8vcs8._.js:776
[  418081ms] [LOG] [Fast Refresh] done in 29ms @ http://localhost:3010/_next/static/chunks/node_modules_next_dist_1e8vcs8._.js:776
[  418144ms] [LOG] [Fast Refresh] done in 29ms @ http://localhost:3010/_next/static/chunks/node_modules_next_dist_1e8vcs8._.js:776
[  418208ms] [LOG] [Fast Refresh] done in 29ms @ http://localhost:3010/_next/static/chunks/node_modules_next_dist_1e8vcs8._.js:776
[  418271ms] [LOG] [Fast Refresh] done in 29ms @ http://localhost:3010/_next/static/chunks/node_modules_next_dist_1e8vcs8._.js:776
[  418334ms] [LOG] [Fast Refresh] done in 29ms @ http://localhost:3010/_next/static/chunks/node_modules_next_dist_1e8vcs8._.js:776
[  418396ms] [LOG] [Fast Refresh] done in 29ms @ http://localhost:3010/_next/static/chunks/node_modules_next_dist_1e8vcs8._.js:776
[  418460ms] [LOG] [Fast Refresh] done in 29ms @ http://localhost:3010/_next/static/chunks/node_modules_next_dist_1e8vcs8._.js:776
[  418525ms] [LOG] [Fast Refresh] done in 29ms @ http://localhost:3010/_next/static/chunks/node_modules_next_dist_1e8vcs8._.js:776
[  418585ms] [LOG] [Fast Refresh] done in 29ms @ http://localhost:3010/_next/static/chunks/node_modules_next_dist_1e8vcs8._.js:776
[  418648ms] [LOG] [Fast Refresh] done in 29ms @ http://localhost:3010/_next/static/chunks/node_modules_next_dist_1e8vcs8._.js:776
[  418695ms] [LOG] [Fast Refresh] done in 29ms @ http://localhost:3010/_next/static/chunks/node_modules_next_dist_1e8vcs8._.js:776
[  418757ms] [LOG] [Fast Refresh] done in 29ms @ http://localhost:3010/_next/static/chunks/node_modules_next_dist_1e8vcs8._.js:776
[  418821ms] [LOG] [Fast Refresh] done in 29ms @ http://localhost:3010/_next/static/chunks/node_modules_next_dist_1e8vcs8._.js:776
[  418870ms] [LOG] [Fast Refresh] done in 29ms @ http://localhost:3010/_next/static/chunks/node_modules_next_dist_1e8vcs8._.js:776
[  418932ms] [LOG] [Fast Refresh] done in 29ms @ http://localhost:3010/_next/static/chunks/node_modules_next_dist_1e8vcs8._.js:776
[  418989ms] [LOG] [Fast Refresh] done in 29ms @ http://localhost:3010/_next/static/chunks/node_modules_next_dist_1e8vcs8._.js:776
[  419040ms] [LOG] [Fast Refresh] done in 29ms @ http://localhost:3010/_next/static/chunks/node_modules_next_dist_1e8vcs8._.js:776
[  419089ms] [LOG] [Fast Refresh] done in 29ms @ http://localhost:3010/_next/static/chunks/node_modules_next_dist_1e8vcs8._.js:776
[  419140ms] [LOG] [Fast Refresh] done in 29ms @ http://localhost:3010/_next/static/chunks/node_modules_next_dist_1e8vcs8._.js:776
[  419190ms] [LOG] [Fast Refresh] done in 29ms @ http://localhost:3010/_next/static/chunks/node_modules_next_dist_1e8vcs8._.js:776
[  419239ms] [LOG] [Fast Refresh] done in 29ms @ http://localhost:3010/_next/static/chunks/node_modules_next_dist_1e8vcs8._.js:776
[  419290ms] [LOG] [Fast Refresh] done in 29ms @ http://localhost:3010/_next/static/chunks/node_modules_next_dist_1e8vcs8._.js:776
[  419339ms] [LOG] [Fast Refresh] done in 29ms @ http://localhost:3010/_next/static/chunks/node_modules_next_dist_1e8vcs8._.js:776
[  419390ms] [LOG] [Fast Refresh] done in 29ms @ http://localhost:3010/_next/static/chunks/node_modules_next_dist_1e8vcs8._.js:776
[  419439ms] [LOG] [Fast Refresh] done in 29ms @ http://localhost:3010/_next/static/chunks/node_modules_next_dist_1e8vcs8._.js:776
[  419489ms] [LOG] [Fast Refresh] done in 29ms @ http://localhost:3010/_next/static/chunks/node_modules_next_dist_1e8vcs8._.js:776
[  419539ms] [LOG] [Fast Refresh] done in 29ms @ http://localhost:3010/_next/static/chunks/node_modules_next_dist_1e8vcs8._.js:776
[  419589ms] [LOG] [Fast Refresh] done in 29ms @ http://localhost:3010/_next/static/chunks/node_modules_next_dist_1e8vcs8._.js:776
[  419640ms] [LOG] [Fast Refresh] done in 29ms @ http://localhost:3010/_next/static/chunks/node_modules_next_dist_1e8vcs8._.js:776
[  419689ms] [LOG] [Fast Refresh] done in 29ms @ http://localhost:3010/_next/static/chunks/node_modules_next_dist_1e8vcs8._.js:776
[  419739ms] [LOG] [Fast Refresh] done in 29ms @ http://localhost:3010/_next/static/chunks/node_modules_next_dist_1e8vcs8._.js:776
[  419800ms] [LOG] [Fast Refresh] done in 29ms @ http://localhost:3010/_next/static/chunks/node_modules_next_dist_1e8vcs8._.js:776
[  419850ms] [LOG] [Fast Refresh] done in 29ms @ http://localhost:3010/_next/static/chunks/node_modules_next_dist_1e8vcs8._.js:776
[  419899ms] [LOG] [Fast Refresh] done in 29ms @ http://localhost:3010/_next/static/chunks/node_modules_next_dist_1e8vcs8._.js:776
[  419950ms] [LOG] [Fast Refresh] done in 29ms @ http://localhost:3010/_next/static/chunks/node_modules_next_dist_1e8vcs8._.js:776
[  420000ms] [LOG] [Fast Refresh] done in 29ms @ http://localhost:3010/_next/static/chunks/node_modules_next_dist_1e8vcs8._.js:776
[  420050ms] [LOG] [Fast Refresh] done in 29ms @ http://localhost:3010/_next/static/chunks/node_modules_next_dist_1e8vcs8._.js:776
[  420099ms] [LOG] [Fast Refresh] done in 29ms @ http://localhost:3010/_next/static/chunks/node_modules_next_dist_1e8vcs8._.js:776
[  420150ms] [LOG] [Fast Refresh] done in 29ms @ http://localhost:3010/_next/static/chunks/node_modules_next_dist_1e8vcs8._.js:776
[  420199ms] [LOG] [Fast Refresh] done in 29ms @ http://localhost:3010/_next/static/chunks/node_modules_next_dist_1e8vcs8._.js:776
[  420250ms] [LOG] [Fast Refresh] done in 29ms @ http://localhost:3010/_next/static/chunks/node_modules_next_dist_1e8vcs8._.js:776
[  420299ms] [LOG] [Fast Refresh] done in 29ms @ http://localhost:3010/_next/static/chunks/node_modules_next_dist_1e8vcs8._.js:776
[  420349ms] [LOG] [Fast Refresh] done in 29ms @ http://localhost:3010/_next/static/chunks/node_modules_next_dist_1e8vcs8._.js:776
[  420400ms] [LOG] [Fast Refresh] done in 29ms @ http://localhost:3010/_next/static/chunks/node_modules_next_dist_1e8vcs8._.js:776
[  420450ms] [LOG] [Fast Refresh] done in 29ms @ http://localhost:3010/_next/static/chunks/node_modules_next_dist_1e8vcs8._.js:776
[  420499ms] [LOG] [Fast Refresh] done in 29ms @ http://localhost:3010/_next/static/chunks/node_modules_next_dist_1e8vcs8._.js:776
[  420549ms] [LOG] [Fast Refresh] done in 29ms @ http://localhost:3010/_next/static/chunks/node_modules_next_dist_1e8vcs8._.js:776
[  420599ms] [LOG] [Fast Refresh] done in 29ms @ http://localhost:3010/_next/static/chunks/node_modules_next_dist_1e8vcs8._.js:776
[  420650ms] [LOG] [Fast Refresh] done in 29ms @ http://localhost:3010/_next/static/chunks/node_modules_next_dist_1e8vcs8._.js:776
[  420699ms] [LOG] [Fast Refresh] done in 29ms @ http://localhost:3010/_next/static/chunks/node_modules_next_dist_1e8vcs8._.js:776
[  420750ms] [LOG] [Fast Refresh] done in 29ms @ http://localhost:3010/_next/static/chunks/node_modules_next_dist_1e8vcs8._.js:776
[  420799ms] [LOG] [Fast Refresh] done in 29ms @ http://localhost:3010/_next/static/chunks/node_modules_next_dist_1e8vcs8._.js:776
[  420850ms] [LOG] [Fast Refresh] done in 29ms @ http://localhost:3010/_next/static/chunks/node_modules_next_dist_1e8vcs8._.js:776
[  420899ms] [LOG] [Fast Refresh] done in 29ms @ http://localhost:3010/_next/static/chunks/node_modules_next_dist_1e8vcs8._.js:776
[  420949ms] [LOG] [Fast Refresh] done in 29ms @ http://localhost:3010/_next/static/chunks/node_modules_next_dist_1e8vcs8._.js:776
[  421005ms] [LOG] [Fast Refresh] done in 29ms @ http://localhost:3010/_next/static/chunks/node_modules_next_dist_1e8vcs8._.js:776
[  421069ms] [LOG] [Fast Refresh] done in 29ms @ http://localhost:3010/_next/static/chunks/node_modules_next_dist_1e8vcs8._.js:776
[  421130ms] [LOG] [Fast Refresh] done in 29ms @ http://localhost:3010/_next/static/chunks/node_modules_next_dist_1e8vcs8._.js:776
[  421178ms] [LOG] [Fast Refresh] done in 29ms @ http://localhost:3010/_next/static/chunks/node_modules_next_dist_1e8vcs8._.js:776
[  421240ms] [LOG] [Fast Refresh] done in 29ms @ http://localhost:3010/_next/static/chunks/node_modules_next_dist_1e8vcs8._.js:776
[  421301ms] [LOG] [Fast Refresh] done in 29ms @ http://localhost:3010/_next/static/chunks/node_modules_next_dist_1e8vcs8._.js:776
[  421363ms] [LOG] [Fast Refresh] done in 29ms @ http://localhost:3010/_next/static/chunks/node_modules_next_dist_1e8vcs8._.js:776
[  421427ms] [LOG] [Fast Refresh] done in 29ms @ http://localhost:3010/_next/static/chunks/node_modules_next_dist_1e8vcs8._.js:776
[  421489ms] [LOG] [Fast Refresh] done in 29ms @ http://localhost:3010/_next/static/chunks/node_modules_next_dist_1e8vcs8._.js:776
[  421537ms] [LOG] [Fast Refresh] done in 29ms @ http://localhost:3010/_next/static/chunks/node_modules_next_dist_1e8vcs8._.js:776
[  421601ms] [LOG] [Fast Refresh] done in 29ms @ http://localhost:3010/_next/static/chunks/node_modules_next_dist_1e8vcs8._.js:776
[  421664ms] [LOG] [Fast Refresh] done in 29ms @ http://localhost:3010/_next/static/chunks/node_modules_next_dist_1e8vcs8._.js:776
[  421728ms] [LOG] [Fast Refresh] done in 29ms @ http://localhost:3010/_next/static/chunks/node_modules_next_dist_1e8vcs8._.js:776
[  421792ms] [LOG] [Fast Refresh] done in 29ms @ http://localhost:3010/_next/static/chunks/node_modules_next_dist_1e8vcs8._.js:776
[  421856ms] [LOG] [Fast Refresh] done in 29ms @ http://localhost:3010/_next/static/chunks/node_modules_next_dist_1e8vcs8._.js:776
[  421919ms] [LOG] [Fast Refresh] done in 29ms @ http://localhost:3010/_next/static/chunks/node_modules_next_dist_1e8vcs8._.js:776
[  421982ms] [LOG] [Fast Refresh] done in 29ms @ http://localhost:3010/_next/static/chunks/node_modules_next_dist_1e8vcs8._.js:776
[  422044ms] [LOG] [Fast Refresh] done in 29ms @ http://localhost:3010/_next/static/chunks/node_modules_next_dist_1e8vcs8._.js:776
[  422092ms] [LOG] [Fast Refresh] done in 29ms @ http://localhost:3010/_next/static/chunks/node_modules_next_dist_1e8vcs8._.js:776
[  422155ms] [LOG] [Fast Refresh] done in 29ms @ http://localhost:3010/_next/static/chunks/node_modules_next_dist_1e8vcs8._.js:776
[  422218ms] [LOG] [Fast Refresh] done in 29ms @ http://localhost:3010/_next/static/chunks/node_modules_next_dist_1e8vcs8._.js:776
[  422266ms] [LOG] [Fast Refresh] done in 29ms @ http://localhost:3010/_next/static/chunks/node_modules_next_dist_1e8vcs8._.js:776
[  422314ms] [LOG] [Fast Refresh] done in 29ms @ http://localhost:3010/_next/static/chunks/node_modules_next_dist_1e8vcs8._.js:776
[  422377ms] [LOG] [Fast Refresh] done in 29ms @ http://localhost:3010/_next/static/chunks/node_modules_next_dist_1e8vcs8._.js:776
[  422440ms] [LOG] [Fast Refresh] done in 29ms @ http://localhost:3010/_next/static/chunks/node_modules_next_dist_1e8vcs8._.js:776
[  422503ms] [LOG] [Fast Refresh] done in 29ms @ http://localhost:3010/_next/static/chunks/node_modules_next_dist_1e8vcs8._.js:776
[  422566ms] [LOG] [Fast Refresh] done in 29ms @ http://localhost:3010/_next/static/chunks/node_modules_next_dist_1e8vcs8._.js:776
[  422628ms] [LOG] [Fast Refresh] done in 29ms @ http://localhost:3010/_next/static/chunks/node_modules_next_dist_1e8vcs8._.js:776
[  422692ms] [LOG] [Fast Refresh] done in 29ms @ http://localhost:3010/_next/static/chunks/node_modules_next_dist_1e8vcs8._.js:776
[  422740ms] [LOG] [Fast Refresh] done in 29ms @ http://localhost:3010/_next/static/chunks/node_modules_next_dist_1e8vcs8._.js:776
[  422788ms] [LOG] [Fast Refresh] done in 29ms @ http://localhost:3010/_next/static/chunks/node_modules_next_dist_1e8vcs8._.js:776
[  422851ms] [LOG] [Fast Refresh] done in 29ms @ http://localhost:3010/_next/static/chunks/node_modules_next_dist_1e8vcs8._.js:776
[  422915ms] [LOG] [Fast Refresh] done in 29ms @ http://localhost:3010/_next/static/chunks/node_modules_next_dist_1e8vcs8._.js:776
[  422970ms] [LOG] [Fast Refresh] done in 29ms @ http://localhost:3010/_next/static/chunks/node_modules_next_dist_1e8vcs8._.js:776
[  423019ms] [LOG] [Fast Refresh] done in 29ms @ http://localhost:3010/_next/static/chunks/node_modules_next_dist_1e8vcs8._.js:776
[  423069ms] [LOG] [Fast Refresh] done in 29ms @ http://localhost:3010/_next/static/chunks/node_modules_next_dist_1e8vcs8._.js:776
[  423130ms] [LOG] [Fast Refresh] done in 29ms @ http://localhost:3010/_next/static/chunks/node_modules_next_dist_1e8vcs8._.js:776
[  423176ms] [LOG] [Fast Refresh] done in 29ms @ http://localhost:3010/_next/static/chunks/node_modules_next_dist_1e8vcs8._.js:776
[  423220ms] [LOG] [Fast Refresh] done in 29ms @ http://localhost:3010/_next/static/chunks/node_modules_next_dist_1e8vcs8._.js:776
[  423270ms] [LOG] [Fast Refresh] done in 29ms @ http://localhost:3010/_next/static/chunks/node_modules_next_dist_1e8vcs8._.js:776
[  423324ms] [LOG] [Fast Refresh] done in 29ms @ http://localhost:3010/_next/static/chunks/node_modules_next_dist_1e8vcs8._.js:776
[  423369ms] [LOG] [Fast Refresh] done in 29ms @ http://localhost:3010/_next/static/chunks/node_modules_next_dist_1e8vcs8._.js:776
[  423419ms] [LOG] [Fast Refresh] done in 29ms @ http://localhost:3010/_next/static/chunks/node_modules_next_dist_1e8vcs8._.js:776
[  423470ms] [LOG] [Fast Refresh] done in 29ms @ http://localhost:3010/_next/static/chunks/node_modules_next_dist_1e8vcs8._.js:776
[  423520ms] [LOG] [Fast Refresh] done in 29ms @ http://localhost:3010/_next/static/chunks/node_modules_next_dist_1e8vcs8._.js:776
[  423569ms] [LOG] [Fast Refresh] done in 29ms @ http://localhost:3010/_next/static/chunks/node_modules_next_dist_1e8vcs8._.js:776
[  423619ms] [LOG] [Fast Refresh] done in 29ms @ http://localhost:3010/_next/static/chunks/node_modules_next_dist_1e8vcs8._.js:776
[  423670ms] [LOG] [Fast Refresh] done in 29ms @ http://localhost:3010/_next/static/chunks/node_modules_next_dist_1e8vcs8._.js:776
[  423720ms] [LOG] [Fast Refresh] done in 29ms @ http://localhost:3010/_next/static/chunks/node_modules_next_dist_1e8vcs8._.js:776
[  423770ms] [LOG] [Fast Refresh] done in 29ms @ http://localhost:3010/_next/static/chunks/node_modules_next_dist_1e8vcs8._.js:776
[  423820ms] [LOG] [Fast Refresh] done in 29ms @ http://localhost:3010/_next/static/chunks/node_modules_next_dist_1e8vcs8._.js:776
[  423869ms] [LOG] [Fast Refresh] done in 29ms @ http://localhost:3010/_next/static/chunks/node_modules_next_dist_1e8vcs8._.js:776
[  423920ms] [LOG] [Fast Refresh] done in 29ms @ http://localhost:3010/_next/static/chunks/node_modules_next_dist_1e8vcs8._.js:776
[  423969ms] [LOG] [Fast Refresh] done in 29ms @ http://localhost:3010/_next/static/chunks/node_modules_next_dist_1e8vcs8._.js:776
[  424019ms] [LOG] [Fast Refresh] done in 29ms @ http://localhost:3010/_next/static/chunks/node_modules_next_dist_1e8vcs8._.js:776
[  424070ms] [LOG] [Fast Refresh] done in 29ms @ http://localhost:3010/_next/static/chunks/node_modules_next_dist_1e8vcs8._.js:776
[  424119ms] [LOG] [Fast Refresh] done in 29ms @ http://localhost:3010/_next/static/chunks/node_modules_next_dist_1e8vcs8._.js:776
[  424170ms] [LOG] [Fast Refresh] done in 29ms @ http://localhost:3010/_next/static/chunks/node_modules_next_dist_1e8vcs8._.js:776
[  424220ms] [LOG] [Fast Refresh] done in 29ms @ http://localhost:3010/_next/static/chunks/node_modules_next_dist_1e8vcs8._.js:776
[  424269ms] [LOG] [Fast Refresh] done in 29ms @ http://localhost:3010/_next/static/chunks/node_modules_next_dist_1e8vcs8._.js:776
[  424320ms] [LOG] [Fast Refresh] done in 29ms @ http://localhost:3010/_next/static/chunks/node_modules_next_dist_1e8vcs8._.js:776
[  424370ms] [LOG] [Fast Refresh] done in 29ms @ http://localhost:3010/_next/static/chunks/node_modules_next_dist_1e8vcs8._.js:776
[  424419ms] [LOG] [Fast Refresh] done in 29ms @ http://localhost:3010/_next/static/chunks/node_modules_next_dist_1e8vcs8._.js:776
[  424469ms] [LOG] [Fast Refresh] done in 29ms @ http://localhost:3010/_next/static/chunks/node_modules_next_dist_1e8vcs8._.js:776
[  424525ms] [LOG] [Fast Refresh] done in 29ms @ http://localhost:3010/_next/static/chunks/node_modules_next_dist_1e8vcs8._.js:776
[  424569ms] [LOG] [Fast Refresh] done in 29ms @ http://localhost:3010/_next/static/chunks/node_modules_next_dist_1e8vcs8._.js:776
[  424620ms] [LOG] [Fast Refresh] done in 29ms @ http://localhost:3010/_next/static/chunks/node_modules_next_dist_1e8vcs8._.js:776
[  424670ms] [LOG] [Fast Refresh] done in 29ms @ http://localhost:3010/_next/static/chunks/node_modules_next_dist_1e8vcs8._.js:776
[  424720ms] [LOG] [Fast Refresh] done in 29ms @ http://localhost:3010/_next/static/chunks/node_modules_next_dist_1e8vcs8._.js:776
[  424770ms] [LOG] [Fast Refresh] done in 29ms @ http://localhost:3010/_next/static/chunks/node_modules_next_dist_1e8vcs8._.js:776
[  424820ms] [LOG] [Fast Refresh] done in 29ms @ http://localhost:3010/_next/static/chunks/node_modules_next_dist_1e8vcs8._.js:776
[  424870ms] [LOG] [Fast Refresh] done in 29ms @ http://localhost:3010/_next/static/chunks/node_modules_next_dist_1e8vcs8._.js:776
[  424925ms] [LOG] [Fast Refresh] done in 29ms @ http://localhost:3010/_next/static/chunks/node_modules_next_dist_1e8vcs8._.js:776
[  424975ms] [LOG] [Fast Refresh] done in 29ms @ http://localhost:3010/_next/static/chunks/node_modules_next_dist_1e8vcs8._.js:776
[  425022ms] [LOG] [Fast Refresh] done in 29ms @ http://localhost:3010/_next/static/chunks/node_modules_next_dist_1e8vcs8._.js:776
[  425070ms] [LOG] [Fast Refresh] done in 29ms @ http://localhost:3010/_next/static/chunks/node_modules_next_dist_1e8vcs8._.js:776
[  425133ms] [LOG] [Fast Refresh] done in 29ms @ http://localhost:3010/_next/static/chunks/node_modules_next_dist_1e8vcs8._.js:776
[  425180ms] [LOG] [Fast Refresh] done in 29ms @ http://localhost:3010/_next/static/chunks/node_modules_next_dist_1e8vcs8._.js:776
[  425244ms] [LOG] [Fast Refresh] done in 29ms @ http://localhost:3010/_next/static/chunks/node_modules_next_dist_1e8vcs8._.js:776
[  425307ms] [LOG] [Fast Refresh] done in 29ms @ http://localhost:3010/_next/static/chunks/node_modules_next_dist_1e8vcs8._.js:776
[  425355ms] [LOG] [Fast Refresh] done in 29ms @ http://localhost:3010/_next/static/chunks/node_modules_next_dist_1e8vcs8._.js:776
[  425403ms] [LOG] [Fast Refresh] done in 29ms @ http://localhost:3010/_next/static/chunks/node_modules_next_dist_1e8vcs8._.js:776
[  425466ms] [LOG] [Fast Refresh] done in 29ms @ http://localhost:3010/_next/static/chunks/node_modules_next_dist_1e8vcs8._.js:776
[  425514ms] [LOG] [Fast Refresh] done in 29ms @ http://localhost:3010/_next/static/chunks/node_modules_next_dist_1e8vcs8._.js:776
[  425562ms] [LOG] [Fast Refresh] done in 29ms @ http://localhost:3010/_next/static/chunks/node_modules_next_dist_1e8vcs8._.js:776
[  425624ms] [LOG] [Fast Refresh] done in 29ms @ http://localhost:3010/_next/static/chunks/node_modules_next_dist_1e8vcs8._.js:776
[  425687ms] [LOG] [Fast Refresh] done in 29ms @ http://localhost:3010/_next/static/chunks/node_modules_next_dist_1e8vcs8._.js:776
[  425734ms] [LOG] [Fast Refresh] done in 29ms @ http://localhost:3010/_next/static/chunks/node_modules_next_dist_1e8vcs8._.js:776
[  425782ms] [LOG] [Fast Refresh] done in 29ms @ http://localhost:3010/_next/static/chunks/node_modules_next_dist_1e8vcs8._.js:776
[  425846ms] [LOG] [Fast Refresh] done in 29ms @ http://localhost:3010/_next/static/chunks/node_modules_next_dist_1e8vcs8._.js:776
[  425906ms] [LOG] [Fast Refresh] done in 29ms @ http://localhost:3010/_next/static/chunks/node_modules_next_dist_1e8vcs8._.js:776
[  425969ms] [LOG] [Fast Refresh] done in 29ms @ http://localhost:3010/_next/static/chunks/node_modules_next_dist_1e8vcs8._.js:776
[  426033ms] [LOG] [Fast Refresh] done in 29ms @ http://localhost:3010/_next/static/chunks/node_modules_next_dist_1e8vcs8._.js:776
[  426097ms] [LOG] [Fast Refresh] done in 29ms @ http://localhost:3010/_next/static/chunks/node_modules_next_dist_1e8vcs8._.js:776
[  426160ms] [LOG] [Fast Refresh] done in 29ms @ http://localhost:3010/_next/static/chunks/node_modules_next_dist_1e8vcs8._.js:776
[  426224ms] [LOG] [Fast Refresh] done in 29ms @ http://localhost:3010/_next/static/chunks/node_modules_next_dist_1e8vcs8._.js:776
[  426288ms] [LOG] [Fast Refresh] done in 29ms @ http://localhost:3010/_next/static/chunks/node_modules_next_dist_1e8vcs8._.js:776
[  426351ms] [LOG] [Fast Refresh] done in 29ms @ http://localhost:3010/_next/static/chunks/node_modules_next_dist_1e8vcs8._.js:776
[  426399ms] [LOG] [Fast Refresh] done in 29ms @ http://localhost:3010/_next/static/chunks/node_modules_next_dist_1e8vcs8._.js:776
[  426447ms] [LOG] [Fast Refresh] done in 29ms @ http://localhost:3010/_next/static/chunks/node_modules_next_dist_1e8vcs8._.js:776
[  426495ms] [LOG] [Fast Refresh] done in 29ms @ http://localhost:3010/_next/static/chunks/node_modules_next_dist_1e8vcs8._.js:776
[  426558ms] [LOG] [Fast Refresh] done in 29ms @ http://localhost:3010/_next/static/chunks/node_modules_next_dist_1e8vcs8._.js:776
[  426622ms] [LOG] [Fast Refresh] done in 29ms @ http://localhost:3010/_next/static/chunks/node_modules_next_dist_1e8vcs8._.js:776
[  426684ms] [LOG] [Fast Refresh] done in 29ms @ http://localhost:3010/_next/static/chunks/node_modules_next_dist_1e8vcs8._.js:776
[  426746ms] [LOG] [Fast Refresh] done in 29ms @ http://localhost:3010/_next/static/chunks/node_modules_next_dist_1e8vcs8._.js:776
[  426810ms] [LOG] [Fast Refresh] done in 29ms @ http://localhost:3010/_next/static/chunks/node_modules_next_dist_1e8vcs8._.js:776
[  426873ms] [LOG] [Fast Refresh] done in 29ms @ http://localhost:3010/_next/static/chunks/node_modules_next_dist_1e8vcs8._.js:776
[  426934ms] [LOG] [Fast Refresh] done in 29ms @ http://localhost:3010/_next/static/chunks/node_modules_next_dist_1e8vcs8._.js:776
[  426990ms] [LOG] [Fast Refresh] done in 29ms @ http://localhost:3010/_next/static/chunks/node_modules_next_dist_1e8vcs8._.js:776
[  427040ms] [LOG] [Fast Refresh] done in 29ms @ http://localhost:3010/_next/static/chunks/node_modules_next_dist_1e8vcs8._.js:776
[  427095ms] [LOG] [Fast Refresh] done in 29ms @ http://localhost:3010/_next/static/chunks/node_modules_next_dist_1e8vcs8._.js:776
[  427140ms] [LOG] [Fast Refresh] done in 29ms @ http://localhost:3010/_next/static/chunks/node_modules_next_dist_1e8vcs8._.js:776
[  427190ms] [LOG] [Fast Refresh] done in 29ms @ http://localhost:3010/_next/static/chunks/node_modules_next_dist_1e8vcs8._.js:776
[  427240ms] [LOG] [Fast Refresh] done in 29ms @ http://localhost:3010/_next/static/chunks/node_modules_next_dist_1e8vcs8._.js:776
[  427290ms] [LOG] [Fast Refresh] done in 29ms @ http://localhost:3010/_next/static/chunks/node_modules_next_dist_1e8vcs8._.js:776
[  427340ms] [LOG] [Fast Refresh] done in 29ms @ http://localhost:3010/_next/static/chunks/node_modules_next_dist_1e8vcs8._.js:776
[  427390ms] [LOG] [Fast Refresh] done in 29ms @ http://localhost:3010/_next/static/chunks/node_modules_next_dist_1e8vcs8._.js:776
[  427440ms] [LOG] [Fast Refresh] done in 29ms @ http://localhost:3010/_next/static/chunks/node_modules_next_dist_1e8vcs8._.js:776
[  427491ms] [LOG] [Fast Refresh] done in 29ms @ http://localhost:3010/_next/static/chunks/node_modules_next_dist_1e8vcs8._.js:776
[  427540ms] [LOG] [Fast Refresh] done in 29ms @ http://localhost:3010/_next/static/chunks/node_modules_next_dist_1e8vcs8._.js:776
[  427590ms] [LOG] [Fast Refresh] done in 29ms @ http://localhost:3010/_next/static/chunks/node_modules_next_dist_1e8vcs8._.js:776
[  427640ms] [LOG] [Fast Refresh] done in 29ms @ http://localhost:3010/_next/static/chunks/node_modules_next_dist_1e8vcs8._.js:776
[  427690ms] [LOG] [Fast Refresh] done in 29ms @ http://localhost:3010/_next/static/chunks/node_modules_next_dist_1e8vcs8._.js:776
[  427740ms] [LOG] [Fast Refresh] done in 29ms @ http://localhost:3010/_next/static/chunks/node_modules_next_dist_1e8vcs8._.js:776
[  427790ms] [LOG] [Fast Refresh] done in 29ms @ http://localhost:3010/_next/static/chunks/node_modules_next_dist_1e8vcs8._.js:776
[  427840ms] [LOG] [Fast Refresh] done in 29ms @ http://localhost:3010/_next/static/chunks/node_modules_next_dist_1e8vcs8._.js:776
[  427890ms] [LOG] [Fast Refresh] done in 29ms @ http://localhost:3010/_next/static/chunks/node_modules_next_dist_1e8vcs8._.js:776
[  427940ms] [LOG] [Fast Refresh] done in 29ms @ http://localhost:3010/_next/static/chunks/node_modules_next_dist_1e8vcs8._.js:776
[  427990ms] [LOG] [Fast Refresh] done in 29ms @ http://localhost:3010/_next/static/chunks/node_modules_next_dist_1e8vcs8._.js:776
[  428040ms] [LOG] [Fast Refresh] done in 29ms @ http://localhost:3010/_next/static/chunks/node_modules_next_dist_1e8vcs8._.js:776
[  428090ms] [LOG] [Fast Refresh] done in 29ms @ http://localhost:3010/_next/static/chunks/node_modules_next_dist_1e8vcs8._.js:776
[  428140ms] [LOG] [Fast Refresh] done in 29ms @ http://localhost:3010/_next/static/chunks/node_modules_next_dist_1e8vcs8._.js:776
[  428190ms] [LOG] [Fast Refresh] done in 29ms @ http://localhost:3010/_next/static/chunks/node_modules_next_dist_1e8vcs8._.js:776
[  428240ms] [LOG] [Fast Refresh] done in 29ms @ http://localhost:3010/_next/static/chunks/node_modules_next_dist_1e8vcs8._.js:776
[  428290ms] [LOG] [Fast Refresh] done in 29ms @ http://localhost:3010/_next/static/chunks/node_modules_next_dist_1e8vcs8._.js:776
[  428340ms] [LOG] [Fast Refresh] done in 29ms @ http://localhost:3010/_next/static/chunks/node_modules_next_dist_1e8vcs8._.js:776
[  428385ms] [LOG] [Fast Refresh] done in 29ms @ http://localhost:3010/_next/static/chunks/node_modules_next_dist_1e8vcs8._.js:776
[  428430ms] [LOG] [Fast Refresh] done in 29ms @ http://localhost:3010/_next/static/chunks/node_modules_next_dist_1e8vcs8._.js:776
[  428480ms] [LOG] [Fast Refresh] done in 29ms @ http://localhost:3010/_next/static/chunks/node_modules_next_dist_1e8vcs8._.js:776
[  428530ms] [LOG] [Fast Refresh] done in 29ms @ http://localhost:3010/_next/static/chunks/node_modules_next_dist_1e8vcs8._.js:776
[  428580ms] [LOG] [Fast Refresh] done in 29ms @ http://localhost:3010/_next/static/chunks/node_modules_next_dist_1e8vcs8._.js:776
[  428630ms] [LOG] [Fast Refresh] done in 29ms @ http://localhost:3010/_next/static/chunks/node_modules_next_dist_1e8vcs8._.js:776
[  428680ms] [LOG] [Fast Refresh] done in 29ms @ http://localhost:3010/_next/static/chunks/node_modules_next_dist_1e8vcs8._.js:776
[  428730ms] [LOG] [Fast Refresh] done in 29ms @ http://localhost:3010/_next/static/chunks/node_modules_next_dist_1e8vcs8._.js:776
[  428780ms] [LOG] [Fast Refresh] done in 29ms @ http://localhost:3010/_next/static/chunks/node_modules_next_dist_1e8vcs8._.js:776
[  428830ms] [LOG] [Fast Refresh] done in 29ms @ http://localhost:3010/_next/static/chunks/node_modules_next_dist_1e8vcs8._.js:776
[  428880ms] [LOG] [Fast Refresh] done in 29ms @ http://localhost:3010/_next/static/chunks/node_modules_next_dist_1e8vcs8._.js:776
[  428925ms] [LOG] [Fast Refresh] done in 29ms @ http://localhost:3010/_next/static/chunks/node_modules_next_dist_1e8vcs8._.js:776
[  428975ms] [LOG] [Fast Refresh] done in 29ms @ http://localhost:3010/_next/static/chunks/node_modules_next_dist_1e8vcs8._.js:776
[  429037ms] [LOG] [Fast Refresh] done in 29ms @ http://localhost:3010/_next/static/chunks/node_modules_next_dist_1e8vcs8._.js:776
[  429085ms] [LOG] [Fast Refresh] done in 29ms @ http://localhost:3010/_next/static/chunks/node_modules_next_dist_1e8vcs8._.js:776
[  429133ms] [LOG] [Fast Refresh] done in 29ms @ http://localhost:3010/_next/static/chunks/node_modules_next_dist_1e8vcs8._.js:776
[  429181ms] [LOG] [Fast Refresh] done in 29ms @ http://localhost:3010/_next/static/chunks/node_modules_next_dist_1e8vcs8._.js:776
[  429243ms] [LOG] [Fast Refresh] done in 29ms @ http://localhost:3010/_next/static/chunks/node_modules_next_dist_1e8vcs8._.js:776
[  429291ms] [LOG] [Fast Refresh] done in 29ms @ http://localhost:3010/_next/static/chunks/node_modules_next_dist_1e8vcs8._.js:776
[  429354ms] [LOG] [Fast Refresh] done in 29ms @ http://localhost:3010/_next/static/chunks/node_modules_next_dist_1e8vcs8._.js:776
[  429402ms] [LOG] [Fast Refresh] done in 29ms @ http://localhost:3010/_next/static/chunks/node_modules_next_dist_1e8vcs8._.js:776
[  429465ms] [LOG] [Fast Refresh] done in 29ms @ http://localhost:3010/_next/static/chunks/node_modules_next_dist_1e8vcs8._.js:776
[  429527ms] [LOG] [Fast Refresh] done in 29ms @ http://localhost:3010/_next/static/chunks/node_modules_next_dist_1e8vcs8._.js:776
[  429590ms] [LOG] [Fast Refresh] done in 29ms @ http://localhost:3010/_next/static/chunks/node_modules_next_dist_1e8vcs8._.js:776
[  429653ms] [LOG] [Fast Refresh] done in 29ms @ http://localhost:3010/_next/static/chunks/node_modules_next_dist_1e8vcs8._.js:776
[  429715ms] [LOG] [Fast Refresh] done in 29ms @ http://localhost:3010/_next/static/chunks/node_modules_next_dist_1e8vcs8._.js:776
[  429763ms] [LOG] [Fast Refresh] done in 29ms @ http://localhost:3010/_next/static/chunks/node_modules_next_dist_1e8vcs8._.js:776
[  429827ms] [LOG] [Fast Refresh] done in 29ms @ http://localhost:3010/_next/static/chunks/node_modules_next_dist_1e8vcs8._.js:776
[  429890ms] [LOG] [Fast Refresh] done in 29ms @ http://localhost:3010/_next/static/chunks/node_modules_next_dist_1e8vcs8._.js:776
[  429952ms] [LOG] [Fast Refresh] done in 29ms @ http://localhost:3010/_next/static/chunks/node_modules_next_dist_1e8vcs8._.js:776
[  430016ms] [LOG] [Fast Refresh] done in 29ms @ http://localhost:3010/_next/static/chunks/node_modules_next_dist_1e8vcs8._.js:776
[  430080ms] [LOG] [Fast Refresh] done in 29ms @ http://localhost:3010/_next/static/chunks/node_modules_next_dist_1e8vcs8._.js:776
[  430143ms] [LOG] [Fast Refresh] done in 29ms @ http://localhost:3010/_next/static/chunks/node_modules_next_dist_1e8vcs8._.js:776
[  430207ms] [LOG] [Fast Refresh] done in 29ms @ http://localhost:3010/_next/static/chunks/node_modules_next_dist_1e8vcs8._.js:776
[  430271ms] [LOG] [Fast Refresh] done in 29ms @ http://localhost:3010/_next/static/chunks/node_modules_next_dist_1e8vcs8._.js:776
[  430334ms] [LOG] [Fast Refresh] done in 29ms @ http://localhost:3010/_next/static/chunks/node_modules_next_dist_1e8vcs8._.js:776
[  430398ms] [LOG] [Fast Refresh] done in 29ms @ http://localhost:3010/_next/static/chunks/node_modules_next_dist_1e8vcs8._.js:776
[  430461ms] [LOG] [Fast Refresh] done in 29ms @ http://localhost:3010/_next/static/chunks/node_modules_next_dist_1e8vcs8._.js:776
[  430525ms] [LOG] [Fast Refresh] done in 29ms @ http://localhost:3010/_next/static/chunks/node_modules_next_dist_1e8vcs8._.js:776
[  430588ms] [LOG] [Fast Refresh] done in 29ms @ http://localhost:3010/_next/static/chunks/node_modules_next_dist_1e8vcs8._.js:776
[  430651ms] [LOG] [Fast Refresh] done in 29ms @ http://localhost:3010/_next/static/chunks/node_modules_next_dist_1e8vcs8._.js:776
[  430699ms] [LOG] [Fast Refresh] done in 29ms @ http://localhost:3010/_next/static/chunks/node_modules_next_dist_1e8vcs8._.js:776
[  430762ms] [LOG] [Fast Refresh] done in 29ms @ http://localhost:3010/_next/static/chunks/node_modules_next_dist_1e8vcs8._.js:776
[  430810ms] [LOG] [Fast Refresh] done in 29ms @ http://localhost:3010/_next/static/chunks/node_modules_next_dist_1e8vcs8._.js:776
[  430858ms] [LOG] [Fast Refresh] done in 29ms @ http://localhost:3010/_next/static/chunks/node_modules_next_dist_1e8vcs8._.js:776
[  430906ms] [LOG] [Fast Refresh] done in 29ms @ http://localhost:3010/_next/static/chunks/node_modules_next_dist_1e8vcs8._.js:776
[  430954ms] [LOG] [Fast Refresh] done in 29ms @ http://localhost:3010/_next/static/chunks/node_modules_next_dist_1e8vcs8._.js:776
[  431003ms] [LOG] [Fast Refresh] done in 29ms @ http://localhost:3010/_next/static/chunks/node_modules_next_dist_1e8vcs8._.js:776
[  431051ms] [LOG] [Fast Refresh] done in 29ms @ http://localhost:3010/_next/static/chunks/node_modules_next_dist_1e8vcs8._.js:776
[  431114ms] [LOG] [Fast Refresh] done in 29ms @ http://localhost:3010/_next/static/chunks/node_modules_next_dist_1e8vcs8._.js:776
[  431178ms] [LOG] [Fast Refresh] done in 29ms @ http://localhost:3010/_next/static/chunks/node_modules_next_dist_1e8vcs8._.js:776
[  431241ms] [LOG] [Fast Refresh] done in 29ms @ http://localhost:3010/_next/static/chunks/node_modules_next_dist_1e8vcs8._.js:776
[  431303ms] [LOG] [Fast Refresh] done in 29ms @ http://localhost:3010/_next/static/chunks/node_modules_next_dist_1e8vcs8._.js:776
[  431367ms] [LOG] [Fast Refresh] done in 29ms @ http://localhost:3010/_next/static/chunks/node_modules_next_dist_1e8vcs8._.js:776
[  431431ms] [LOG] [Fast Refresh] done in 29ms @ http://localhost:3010/_next/static/chunks/node_modules_next_dist_1e8vcs8._.js:776
[  431494ms] [LOG] [Fast Refresh] done in 29ms @ http://localhost:3010/_next/static/chunks/node_modules_next_dist_1e8vcs8._.js:776
[  431557ms] [LOG] [Fast Refresh] done in 29ms @ http://localhost:3010/_next/static/chunks/node_modules_next_dist_1e8vcs8._.js:776
[  431621ms] [LOG] [Fast Refresh] done in 29ms @ http://localhost:3010/_next/static/chunks/node_modules_next_dist_1e8vcs8._.js:776
[  431684ms] [LOG] [Fast Refresh] done in 29ms @ http://localhost:3010/_next/static/chunks/node_modules_next_dist_1e8vcs8._.js:776
[  431747ms] [LOG] [Fast Refresh] done in 29ms @ http://localhost:3010/_next/static/chunks/node_modules_next_dist_1e8vcs8._.js:776
[  431795ms] [LOG] [Fast Refresh] done in 29ms @ http://localhost:3010/_next/static/chunks/node_modules_next_dist_1e8vcs8._.js:776
[  431858ms] [LOG] [Fast Refresh] done in 29ms @ http://localhost:3010/_next/static/chunks/node_modules_next_dist_1e8vcs8._.js:776
[  431921ms] [LOG] [Fast Refresh] done in 29ms @ http://localhost:3010/_next/static/chunks/node_modules_next_dist_1e8vcs8._.js:776
[  431984ms] [LOG] [Fast Refresh] done in 29ms @ http://localhost:3010/_next/static/chunks/node_modules_next_dist_1e8vcs8._.js:776
[  432047ms] [LOG] [Fast Refresh] done in 29ms @ http://localhost:3010/_next/static/chunks/node_modules_next_dist_1e8vcs8._.js:776
[  432110ms] [LOG] [Fast Refresh] done in 29ms @ http://localhost:3010/_next/static/chunks/node_modules_next_dist_1e8vcs8._.js:776
[  432172ms] [LOG] [Fast Refresh] done in 29ms @ http://localhost:3010/_next/static/chunks/node_modules_next_dist_1e8vcs8._.js:776
[  432235ms] [LOG] [Fast Refresh] done in 29ms @ http://localhost:3010/_next/static/chunks/node_modules_next_dist_1e8vcs8._.js:776
[  432299ms] [LOG] [Fast Refresh] done in 29ms @ http://localhost:3010/_next/static/chunks/node_modules_next_dist_1e8vcs8._.js:776
[  432363ms] [LOG] [Fast Refresh] done in 29ms @ http://localhost:3010/_next/static/chunks/node_modules_next_dist_1e8vcs8._.js:776
[  432426ms] [LOG] [Fast Refresh] done in 29ms @ http://localhost:3010/_next/static/chunks/node_modules_next_dist_1e8vcs8._.js:776
[  432490ms] [LOG] [Fast Refresh] done in 29ms @ http://localhost:3010/_next/static/chunks/node_modules_next_dist_1e8vcs8._.js:776
[  432554ms] [LOG] [Fast Refresh] done in 29ms @ http://localhost:3010/_next/static/chunks/node_modules_next_dist_1e8vcs8._.js:776
[  432616ms] [LOG] [Fast Refresh] done in 29ms @ http://localhost:3010/_next/static/chunks/node_modules_next_dist_1e8vcs8._.js:776
[  432664ms] [LOG] [Fast Refresh] done in 29ms @ http://localhost:3010/_next/static/chunks/node_modules_next_dist_1e8vcs8._.js:776
[  432726ms] [LOG] [Fast Refresh] done in 29ms @ http://localhost:3010/_next/static/chunks/node_modules_next_dist_1e8vcs8._.js:776
[  432787ms] [LOG] [Fast Refresh] done in 29ms @ http://localhost:3010/_next/static/chunks/node_modules_next_dist_1e8vcs8._.js:776
[  432851ms] [LOG] [Fast Refresh] done in 29ms @ http://localhost:3010/_next/static/chunks/node_modules_next_dist_1e8vcs8._.js:776
[  432913ms] [LOG] [Fast Refresh] done in 29ms @ http://localhost:3010/_next/static/chunks/node_modules_next_dist_1e8vcs8._.js:776
[  432966ms] [LOG] [Fast Refresh] done in 29ms @ http://localhost:3010/_next/static/chunks/node_modules_next_dist_1e8vcs8._.js:776
[  433020ms] [LOG] [Fast Refresh] done in 29ms @ http://localhost:3010/_next/static/chunks/node_modules_next_dist_1e8vcs8._.js:776
[  433070ms] [LOG] [Fast Refresh] done in 29ms @ http://localhost:3010/_next/static/chunks/node_modules_next_dist_1e8vcs8._.js:776
[  433125ms] [LOG] [Fast Refresh] done in 29ms @ http://localhost:3010/_next/static/chunks/node_modules_next_dist_1e8vcs8._.js:776
[  433170ms] [LOG] [Fast Refresh] done in 29ms @ http://localhost:3010/_next/static/chunks/node_modules_next_dist_1e8vcs8._.js:776
[  433221ms] [LOG] [Fast Refresh] done in 29ms @ http://localhost:3010/_next/static/chunks/node_modules_next_dist_1e8vcs8._.js:776
[  433270ms] [LOG] [Fast Refresh] done in 29ms @ http://localhost:3010/_next/static/chunks/node_modules_next_dist_1e8vcs8._.js:776
[  433320ms] [LOG] [Fast Refresh] done in 29ms @ http://localhost:3010/_next/static/chunks/node_modules_next_dist_1e8vcs8._.js:776
[  433371ms] [LOG] [Fast Refresh] done in 29ms @ http://localhost:3010/_next/static/chunks/node_modules_next_dist_1e8vcs8._.js:776
[  433430ms] [LOG] [Fast Refresh] done in 29ms @ http://localhost:3010/_next/static/chunks/node_modules_next_dist_1e8vcs8._.js:776
[  433480ms] [LOG] [Fast Refresh] done in 29ms @ http://localhost:3010/_next/static/chunks/node_modules_next_dist_1e8vcs8._.js:776
[  433530ms] [LOG] [Fast Refresh] done in 29ms @ http://localhost:3010/_next/static/chunks/node_modules_next_dist_1e8vcs8._.js:776
[  433580ms] [LOG] [Fast Refresh] done in 29ms @ http://localhost:3010/_next/static/chunks/node_modules_next_dist_1e8vcs8._.js:776
[  433631ms] [LOG] [Fast Refresh] done in 29ms @ http://localhost:3010/_next/static/chunks/node_modules_next_dist_1e8vcs8._.js:776
[  433680ms] [LOG] [Fast Refresh] done in 29ms @ http://localhost:3010/_next/static/chunks/node_modules_next_dist_1e8vcs8._.js:776
[  433731ms] [LOG] [Fast Refresh] done in 29ms @ http://localhost:3010/_next/static/chunks/node_modules_next_dist_1e8vcs8._.js:776
[  433780ms] [LOG] [Fast Refresh] done in 29ms @ http://localhost:3010/_next/static/chunks/node_modules_next_dist_1e8vcs8._.js:776
[  433830ms] [LOG] [Fast Refresh] done in 29ms @ http://localhost:3010/_next/static/chunks/node_modules_next_dist_1e8vcs8._.js:776
[  433880ms] [LOG] [Fast Refresh] done in 29ms @ http://localhost:3010/_next/static/chunks/node_modules_next_dist_1e8vcs8._.js:776
[  433930ms] [LOG] [Fast Refresh] done in 29ms @ http://localhost:3010/_next/static/chunks/node_modules_next_dist_1e8vcs8._.js:776
[  433980ms] [LOG] [Fast Refresh] done in 29ms @ http://localhost:3010/_next/static/chunks/node_modules_next_dist_1e8vcs8._.js:776
[  434030ms] [LOG] [Fast Refresh] done in 29ms @ http://localhost:3010/_next/static/chunks/node_modules_next_dist_1e8vcs8._.js:776
[  434080ms] [LOG] [Fast Refresh] done in 29ms @ http://localhost:3010/_next/static/chunks/node_modules_next_dist_1e8vcs8._.js:776
[  434130ms] [LOG] [Fast Refresh] done in 29ms @ http://localhost:3010/_next/static/chunks/node_modules_next_dist_1e8vcs8._.js:776
[  434180ms] [LOG] [Fast Refresh] done in 29ms @ http://localhost:3010/_next/static/chunks/node_modules_next_dist_1e8vcs8._.js:776
[  434230ms] [LOG] [Fast Refresh] done in 29ms @ http://localhost:3010/_next/static/chunks/node_modules_next_dist_1e8vcs8._.js:776
[  434280ms] [LOG] [Fast Refresh] done in 29ms @ http://localhost:3010/_next/static/chunks/node_modules_next_dist_1e8vcs8._.js:776
[  434330ms] [LOG] [Fast Refresh] done in 29ms @ http://localhost:3010/_next/static/chunks/node_modules_next_dist_1e8vcs8._.js:776
[  434380ms] [LOG] [Fast Refresh] done in 29ms @ http://localhost:3010/_next/static/chunks/node_modules_next_dist_1e8vcs8._.js:776
[  434430ms] [LOG] [Fast Refresh] done in 29ms @ http://localhost:3010/_next/static/chunks/node_modules_next_dist_1e8vcs8._.js:776
[  434480ms] [LOG] [Fast Refresh] done in 29ms @ http://localhost:3010/_next/static/chunks/node_modules_next_dist_1e8vcs8._.js:776
[  434525ms] [LOG] [Fast Refresh] done in 29ms @ http://localhost:3010/_next/static/chunks/node_modules_next_dist_1e8vcs8._.js:776
[  434570ms] [LOG] [Fast Refresh] done in 29ms @ http://localhost:3010/_next/static/chunks/node_modules_next_dist_1e8vcs8._.js:776
[  434620ms] [LOG] [Fast Refresh] done in 29ms @ http://localhost:3010/_next/static/chunks/node_modules_next_dist_1e8vcs8._.js:776
[  434670ms] [LOG] [Fast Refresh] done in 29ms @ http://localhost:3010/_next/static/chunks/node_modules_next_dist_1e8vcs8._.js:776
[  434725ms] [LOG] [Fast Refresh] done in 29ms @ http://localhost:3010/_next/static/chunks/node_modules_next_dist_1e8vcs8._.js:776
[  434770ms] [LOG] [Fast Refresh] done in 29ms @ http://localhost:3010/_next/static/chunks/node_modules_next_dist_1e8vcs8._.js:776
[  434820ms] [LOG] [Fast Refresh] done in 29ms @ http://localhost:3010/_next/static/chunks/node_modules_next_dist_1e8vcs8._.js:776
[  434870ms] [LOG] [Fast Refresh] done in 29ms @ http://localhost:3010/_next/static/chunks/node_modules_next_dist_1e8vcs8._.js:776
[  434925ms] [LOG] [Fast Refresh] done in 29ms @ http://localhost:3010/_next/static/chunks/node_modules_next_dist_1e8vcs8._.js:776
[  434965ms] [LOG] [Fast Refresh] done in 29ms @ http://localhost:3010/_next/static/chunks/node_modules_next_dist_1e8vcs8._.js:776
[  435028ms] [LOG] [Fast Refresh] done in 29ms @ http://localhost:3010/_next/static/chunks/node_modules_next_dist_1e8vcs8._.js:776
[  435092ms] [LOG] [Fast Refresh] done in 29ms @ http://localhost:3010/_next/static/chunks/node_modules_next_dist_1e8vcs8._.js:776
[  435155ms] [LOG] [Fast Refresh] done in 29ms @ http://localhost:3010/_next/static/chunks/node_modules_next_dist_1e8vcs8._.js:776
[  435217ms] [LOG] [Fast Refresh] done in 29ms @ http://localhost:3010/_next/static/chunks/node_modules_next_dist_1e8vcs8._.js:776
[  435281ms] [LOG] [Fast Refresh] done in 29ms @ http://localhost:3010/_next/static/chunks/node_modules_next_dist_1e8vcs8._.js:776
[  435343ms] [LOG] [Fast Refresh] done in 29ms @ http://localhost:3010/_next/static/chunks/node_modules_next_dist_1e8vcs8._.js:776
[  435407ms] [LOG] [Fast Refresh] done in 29ms @ http://localhost:3010/_next/static/chunks/node_modules_next_dist_1e8vcs8._.js:776
[  435471ms] [LOG] [Fast Refresh] done in 29ms @ http://localhost:3010/_next/static/chunks/node_modules_next_dist_1e8vcs8._.js:776
[  435535ms] [LOG] [Fast Refresh] done in 29ms @ http://localhost:3010/_next/static/chunks/node_modules_next_dist_1e8vcs8._.js:776
[  435599ms] [LOG] [Fast Refresh] done in 29ms @ http://localhost:3010/_next/static/chunks/node_modules_next_dist_1e8vcs8._.js:776
[  435647ms] [LOG] [Fast Refresh] done in 29ms @ http://localhost:3010/_next/static/chunks/node_modules_next_dist_1e8vcs8._.js:776
[  435695ms] [LOG] [Fast Refresh] done in 29ms @ http://localhost:3010/_next/static/chunks/node_modules_next_dist_1e8vcs8._.js:776
[  435758ms] [LOG] [Fast Refresh] done in 29ms @ http://localhost:3010/_next/static/chunks/node_modules_next_dist_1e8vcs8._.js:776
[  435821ms] [LOG] [Fast Refresh] done in 29ms @ http://localhost:3010/_next/static/chunks/node_modules_next_dist_1e8vcs8._.js:776
[  435884ms] [LOG] [Fast Refresh] done in 29ms @ http://localhost:3010/_next/static/chunks/node_modules_next_dist_1e8vcs8._.js:776
[  435948ms] [LOG] [Fast Refresh] done in 29ms @ http://localhost:3010/_next/static/chunks/node_modules_next_dist_1e8vcs8._.js:776
[  436011ms] [LOG] [Fast Refresh] done in 29ms @ http://localhost:3010/_next/static/chunks/node_modules_next_dist_1e8vcs8._.js:776
[  436074ms] [LOG] [Fast Refresh] done in 29ms @ http://localhost:3010/_next/static/chunks/node_modules_next_dist_1e8vcs8._.js:776
[  436137ms] [LOG] [Fast Refresh] done in 29ms @ http://localhost:3010/_next/static/chunks/node_modules_next_dist_1e8vcs8._.js:776
[  436184ms] [LOG] [Fast Refresh] done in 29ms @ http://localhost:3010/_next/static/chunks/node_modules_next_dist_1e8vcs8._.js:776
[  436247ms] [LOG] [Fast Refresh] done in 29ms @ http://localhost:3010/_next/static/chunks/node_modules_next_dist_1e8vcs8._.js:776
[  436311ms] [LOG] [Fast Refresh] done in 29ms @ http://localhost:3010/_next/static/chunks/node_modules_next_dist_1e8vcs8._.js:776
[  436374ms] [LOG] [Fast Refresh] done in 29ms @ http://localhost:3010/_next/static/chunks/node_modules_next_dist_1e8vcs8._.js:776
[  436437ms] [LOG] [Fast Refresh] done in 29ms @ http://localhost:3010/_next/static/chunks/node_modules_next_dist_1e8vcs8._.js:776
[  436500ms] [LOG] [Fast Refresh] done in 29ms @ http://localhost:3010/_next/static/chunks/node_modules_next_dist_1e8vcs8._.js:776
[  436548ms] [LOG] [Fast Refresh] done in 29ms @ http://localhost:3010/_next/static/chunks/node_modules_next_dist_1e8vcs8._.js:776
[  436612ms] [LOG] [Fast Refresh] done in 29ms @ http://localhost:3010/_next/static/chunks/node_modules_next_dist_1e8vcs8._.js:776
[  436675ms] [LOG] [Fast Refresh] done in 29ms @ http://localhost:3010/_next/static/chunks/node_modules_next_dist_1e8vcs8._.js:776
[  436738ms] [LOG] [Fast Refresh] done in 29ms @ http://localhost:3010/_next/static/chunks/node_modules_next_dist_1e8vcs8._.js:776
[  436801ms] [LOG] [Fast Refresh] done in 29ms @ http://localhost:3010/_next/static/chunks/node_modules_next_dist_1e8vcs8._.js:776
[  436864ms] [LOG] [Fast Refresh] done in 29ms @ http://localhost:3010/_next/static/chunks/node_modules_next_dist_1e8vcs8._.js:776
[  436928ms] [LOG] [Fast Refresh] done in 29ms @ http://localhost:3010/_next/static/chunks/node_modules_next_dist_1e8vcs8._.js:776
[  436990ms] [LOG] [Fast Refresh] done in 29ms @ http://localhost:3010/_next/static/chunks/node_modules_next_dist_1e8vcs8._.js:776
[  437052ms] [LOG] [Fast Refresh] done in 29ms @ http://localhost:3010/_next/static/chunks/node_modules_next_dist_1e8vcs8._.js:776
[  437100ms] [LOG] [Fast Refresh] done in 29ms @ http://localhost:3010/_next/static/chunks/node_modules_next_dist_1e8vcs8._.js:776
[  437163ms] [LOG] [Fast Refresh] done in 29ms @ http://localhost:3010/_next/static/chunks/node_modules_next_dist_1e8vcs8._.js:776
[  437226ms] [LOG] [Fast Refresh] done in 29ms @ http://localhost:3010/_next/static/chunks/node_modules_next_dist_1e8vcs8._.js:776
[  437291ms] [LOG] [Fast Refresh] done in 29ms @ http://localhost:3010/_next/static/chunks/node_modules_next_dist_1e8vcs8._.js:776
[  437352ms] [LOG] [Fast Refresh] done in 29ms @ http://localhost:3010/_next/static/chunks/node_modules_next_dist_1e8vcs8._.js:776
[  437415ms] [LOG] [Fast Refresh] done in 29ms @ http://localhost:3010/_next/static/chunks/node_modules_next_dist_1e8vcs8._.js:776
[  437478ms] [LOG] [Fast Refresh] done in 29ms @ http://localhost:3010/_next/static/chunks/node_modules_next_dist_1e8vcs8._.js:776
[  437526ms] [LOG] [Fast Refresh] done in 29ms @ http://localhost:3010/_next/static/chunks/node_modules_next_dist_1e8vcs8._.js:776
[  437574ms] [LOG] [Fast Refresh] done in 29ms @ http://localhost:3010/_next/static/chunks/node_modules_next_dist_1e8vcs8._.js:776
[  437637ms] [LOG] [Fast Refresh] done in 29ms @ http://localhost:3010/_next/static/chunks/node_modules_next_dist_1e8vcs8._.js:776
[  437700ms] [LOG] [Fast Refresh] done in 29ms @ http://localhost:3010/_next/static/chunks/node_modules_next_dist_1e8vcs8._.js:776
[  437763ms] [LOG] [Fast Refresh] done in 29ms @ http://localhost:3010/_next/static/chunks/node_modules_next_dist_1e8vcs8._.js:776
[  437826ms] [LOG] [Fast Refresh] done in 29ms @ http://localhost:3010/_next/static/chunks/node_modules_next_dist_1e8vcs8._.js:776
[  437890ms] [LOG] [Fast Refresh] done in 29ms @ http://localhost:3010/_next/static/chunks/node_modules_next_dist_1e8vcs8._.js:776
[  437952ms] [LOG] [Fast Refresh] done in 29ms @ http://localhost:3010/_next/static/chunks/node_modules_next_dist_1e8vcs8._.js:776
[  438000ms] [LOG] [Fast Refresh] done in 29ms @ http://localhost:3010/_next/static/chunks/node_modules_next_dist_1e8vcs8._.js:776
[  438048ms] [LOG] [Fast Refresh] done in 29ms @ http://localhost:3010/_next/static/chunks/node_modules_next_dist_1e8vcs8._.js:776
[  438096ms] [LOG] [Fast Refresh] done in 29ms @ http://localhost:3010/_next/static/chunks/node_modules_next_dist_1e8vcs8._.js:776
[  438144ms] [LOG] [Fast Refresh] done in 29ms @ http://localhost:3010/_next/static/chunks/node_modules_next_dist_1e8vcs8._.js:776
[  438192ms] [LOG] [Fast Refresh] done in 29ms @ http://localhost:3010/_next/static/chunks/node_modules_next_dist_1e8vcs8._.js:776
[  438240ms] [LOG] [Fast Refresh] done in 29ms @ http://localhost:3010/_next/static/chunks/node_modules_next_dist_1e8vcs8._.js:776
[  438288ms] [LOG] [Fast Refresh] done in 29ms @ http://localhost:3010/_next/static/chunks/node_modules_next_dist_1e8vcs8._.js:776
[  438349ms] [LOG] [Fast Refresh] done in 29ms @ http://localhost:3010/_next/static/chunks/node_modules_next_dist_1e8vcs8._.js:776
[  438411ms] [LOG] [Fast Refresh] done in 29ms @ http://localhost:3010/_next/static/chunks/node_modules_next_dist_1e8vcs8._.js:776
[  438474ms] [LOG] [Fast Refresh] done in 29ms @ http://localhost:3010/_next/static/chunks/node_modules_next_dist_1e8vcs8._.js:776
[  438537ms] [LOG] [Fast Refresh] done in 29ms @ http://localhost:3010/_next/static/chunks/node_modules_next_dist_1e8vcs8._.js:776
[  438601ms] [LOG] [Fast Refresh] done in 29ms @ http://localhost:3010/_next/static/chunks/node_modules_next_dist_1e8vcs8._.js:776
[  438663ms] [LOG] [Fast Refresh] done in 29ms @ http://localhost:3010/_next/static/chunks/node_modules_next_dist_1e8vcs8._.js:776
[  438725ms] [LOG] [Fast Refresh] done in 29ms @ http://localhost:3010/_next/static/chunks/node_modules_next_dist_1e8vcs8._.js:776
[  438788ms] [LOG] [Fast Refresh] done in 29ms @ http://localhost:3010/_next/static/chunks/node_modules_next_dist_1e8vcs8._.js:776
[  438850ms] [LOG] [Fast Refresh] done in 29ms @ http://localhost:3010/_next/static/chunks/node_modules_next_dist_1e8vcs8._.js:776
[  438913ms] [LOG] [Fast Refresh] done in 29ms @ http://localhost:3010/_next/static/chunks/node_modules_next_dist_1e8vcs8._.js:776
[  438976ms] [LOG] [Fast Refresh] done in 29ms @ http://localhost:3010/_next/static/chunks/node_modules_next_dist_1e8vcs8._.js:776
[  439023ms] [LOG] [Fast Refresh] done in 29ms @ http://localhost:3010/_next/static/chunks/node_modules_next_dist_1e8vcs8._.js:776
[  439086ms] [LOG] [Fast Refresh] done in 29ms @ http://localhost:3010/_next/static/chunks/node_modules_next_dist_1e8vcs8._.js:776
[  439150ms] [LOG] [Fast Refresh] done in 29ms @ http://localhost:3010/_next/static/chunks/node_modules_next_dist_1e8vcs8._.js:776
[  439212ms] [LOG] [Fast Refresh] done in 29ms @ http://localhost:3010/_next/static/chunks/node_modules_next_dist_1e8vcs8._.js:776
[  439275ms] [LOG] [Fast Refresh] done in 29ms @ http://localhost:3010/_next/static/chunks/node_modules_next_dist_1e8vcs8._.js:776
[  439338ms] [LOG] [Fast Refresh] done in 29ms @ http://localhost:3010/_next/static/chunks/node_modules_next_dist_1e8vcs8._.js:776
[  439401ms] [LOG] [Fast Refresh] done in 29ms @ http://localhost:3010/_next/static/chunks/node_modules_next_dist_1e8vcs8._.js:776
[  439464ms] [LOG] [Fast Refresh] done in 29ms @ http://localhost:3010/_next/static/chunks/node_modules_next_dist_1e8vcs8._.js:776
[  439528ms] [LOG] [Fast Refresh] done in 29ms @ http://localhost:3010/_next/static/chunks/node_modules_next_dist_1e8vcs8._.js:776
[  439591ms] [LOG] [Fast Refresh] done in 29ms @ http://localhost:3010/_next/static/chunks/node_modules_next_dist_1e8vcs8._.js:776
[  439653ms] [LOG] [Fast Refresh] done in 29ms @ http://localhost:3010/_next/static/chunks/node_modules_next_dist_1e8vcs8._.js:776
[  439717ms] [LOG] [Fast Refresh] done in 29ms @ http://localhost:3010/_next/static/chunks/node_modules_next_dist_1e8vcs8._.js:776
[  439781ms] [LOG] [Fast Refresh] done in 29ms @ http://localhost:3010/_next/static/chunks/node_modules_next_dist_1e8vcs8._.js:776
[  439844ms] [LOG] [Fast Refresh] done in 29ms @ http://localhost:3010/_next/static/chunks/node_modules_next_dist_1e8vcs8._.js:776
[  439906ms] [LOG] [Fast Refresh] done in 29ms @ http://localhost:3010/_next/static/chunks/node_modules_next_dist_1e8vcs8._.js:776
[  439968ms] [LOG] [Fast Refresh] done in 29ms @ http://localhost:3010/_next/static/chunks/node_modules_next_dist_1e8vcs8._.js:776
[  440031ms] [LOG] [Fast Refresh] done in 29ms @ http://localhost:3010/_next/static/chunks/node_modules_next_dist_1e8vcs8._.js:776
[  440079ms] [LOG] [Fast Refresh] done in 29ms @ http://localhost:3010/_next/static/chunks/node_modules_next_dist_1e8vcs8._.js:776
[  440143ms] [LOG] [Fast Refresh] done in 29ms @ http://localhost:3010/_next/static/chunks/node_modules_next_dist_1e8vcs8._.js:776
[  440207ms] [LOG] [Fast Refresh] done in 29ms @ http://localhost:3010/_next/static/chunks/node_modules_next_dist_1e8vcs8._.js:776
[  440271ms] [LOG] [Fast Refresh] done in 29ms @ http://localhost:3010/_next/static/chunks/node_modules_next_dist_1e8vcs8._.js:776
[  440319ms] [LOG] [Fast Refresh] done in 29ms @ http://localhost:3010/_next/static/chunks/node_modules_next_dist_1e8vcs8._.js:776
[  440367ms] [LOG] [Fast Refresh] done in 29ms @ http://localhost:3010/_next/static/chunks/node_modules_next_dist_1e8vcs8._.js:776
[  440415ms] [LOG] [Fast Refresh] done in 29ms @ http://localhost:3010/_next/static/chunks/node_modules_next_dist_1e8vcs8._.js:776
[  440478ms] [LOG] [Fast Refresh] done in 29ms @ http://localhost:3010/_next/static/chunks/node_modules_next_dist_1e8vcs8._.js:776
[  440541ms] [LOG] [Fast Refresh] done in 29ms @ http://localhost:3010/_next/static/chunks/node_modules_next_dist_1e8vcs8._.js:776
[  440604ms] [LOG] [Fast Refresh] done in 29ms @ http://localhost:3010/_next/static/chunks/node_modules_next_dist_1e8vcs8._.js:776
[  440667ms] [LOG] [Fast Refresh] done in 29ms @ http://localhost:3010/_next/static/chunks/node_modules_next_dist_1e8vcs8._.js:776
[  440730ms] [LOG] [Fast Refresh] done in 29ms @ http://localhost:3010/_next/static/chunks/node_modules_next_dist_1e8vcs8._.js:776
[  440778ms] [LOG] [Fast Refresh] done in 29ms @ http://localhost:3010/_next/static/chunks/node_modules_next_dist_1e8vcs8._.js:776
[  440840ms] [LOG] [Fast Refresh] done in 29ms @ http://localhost:3010/_next/static/chunks/node_modules_next_dist_1e8vcs8._.js:776
[  440888ms] [LOG] [Fast Refresh] done in 29ms @ http://localhost:3010/_next/static/chunks/node_modules_next_dist_1e8vcs8._.js:776
[  440951ms] [LOG] [Fast Refresh] done in 29ms @ http://localhost:3010/_next/static/chunks/node_modules_next_dist_1e8vcs8._.js:776
[  441001ms] [LOG] [Fast Refresh] done in 29ms @ http://localhost:3010/_next/static/chunks/node_modules_next_dist_1e8vcs8._.js:776
[  441050ms] [LOG] [Fast Refresh] done in 29ms @ http://localhost:3010/_next/static/chunks/node_modules_next_dist_1e8vcs8._.js:776
[  441100ms] [LOG] [Fast Refresh] done in 29ms @ http://localhost:3010/_next/static/chunks/node_modules_next_dist_1e8vcs8._.js:776
[  441150ms] [LOG] [Fast Refresh] done in 29ms @ http://localhost:3010/_next/static/chunks/node_modules_next_dist_1e8vcs8._.js:776
[  441200ms] [LOG] [Fast Refresh] done in 29ms @ http://localhost:3010/_next/static/chunks/node_modules_next_dist_1e8vcs8._.js:776
[  441251ms] [LOG] [Fast Refresh] done in 29ms @ http://localhost:3010/_next/static/chunks/node_modules_next_dist_1e8vcs8._.js:776
[  441300ms] [LOG] [Fast Refresh] done in 29ms @ http://localhost:3010/_next/static/chunks/node_modules_next_dist_1e8vcs8._.js:776
[  441350ms] [LOG] [Fast Refresh] done in 29ms @ http://localhost:3010/_next/static/chunks/node_modules_next_dist_1e8vcs8._.js:776
[  441410ms] [LOG] [Fast Refresh] done in 29ms @ http://localhost:3010/_next/static/chunks/node_modules_next_dist_1e8vcs8._.js:776
[  441460ms] [LOG] [Fast Refresh] done in 29ms @ http://localhost:3010/_next/static/chunks/node_modules_next_dist_1e8vcs8._.js:776
[  441510ms] [LOG] [Fast Refresh] done in 29ms @ http://localhost:3010/_next/static/chunks/node_modules_next_dist_1e8vcs8._.js:776
[  441560ms] [LOG] [Fast Refresh] done in 29ms @ http://localhost:3010/_next/static/chunks/node_modules_next_dist_1e8vcs8._.js:776
[  441620ms] [LOG] [Fast Refresh] done in 29ms @ http://localhost:3010/_next/static/chunks/node_modules_next_dist_1e8vcs8._.js:776
[  441670ms] [LOG] [Fast Refresh] done in 29ms @ http://localhost:3010/_next/static/chunks/node_modules_next_dist_1e8vcs8._.js:776
[  441721ms] [LOG] [Fast Refresh] done in 29ms @ http://localhost:3010/_next/static/chunks/node_modules_next_dist_1e8vcs8._.js:776
[  441770ms] [LOG] [Fast Refresh] done in 29ms @ http://localhost:3010/_next/static/chunks/node_modules_next_dist_1e8vcs8._.js:776
[  441821ms] [LOG] [Fast Refresh] done in 29ms @ http://localhost:3010/_next/static/chunks/node_modules_next_dist_1e8vcs8._.js:776
[  441870ms] [LOG] [Fast Refresh] done in 29ms @ http://localhost:3010/_next/static/chunks/node_modules_next_dist_1e8vcs8._.js:776
[  441921ms] [LOG] [Fast Refresh] done in 29ms @ http://localhost:3010/_next/static/chunks/node_modules_next_dist_1e8vcs8._.js:776
[  441970ms] [LOG] [Fast Refresh] done in 29ms @ http://localhost:3010/_next/static/chunks/node_modules_next_dist_1e8vcs8._.js:776
[  442016ms] [LOG] [Fast Refresh] done in 29ms @ http://localhost:3010/_next/static/chunks/node_modules_next_dist_1e8vcs8._.js:776
[  442066ms] [LOG] [Fast Refresh] done in 29ms @ http://localhost:3010/_next/static/chunks/node_modules_next_dist_1e8vcs8._.js:776
[  442110ms] [LOG] [Fast Refresh] done in 29ms @ http://localhost:3010/_next/static/chunks/node_modules_next_dist_1e8vcs8._.js:776
[  442160ms] [LOG] [Fast Refresh] done in 29ms @ http://localhost:3010/_next/static/chunks/node_modules_next_dist_1e8vcs8._.js:776
[  442220ms] [LOG] [Fast Refresh] done in 29ms @ http://localhost:3010/_next/static/chunks/node_modules_next_dist_1e8vcs8._.js:776
[  442270ms] [LOG] [Fast Refresh] done in 29ms @ http://localhost:3010/_next/static/chunks/node_modules_next_dist_1e8vcs8._.js:776
[  442320ms] [LOG] [Fast Refresh] done in 29ms @ http://localhost:3010/_next/static/chunks/node_modules_next_dist_1e8vcs8._.js:776
[  442370ms] [LOG] [Fast Refresh] done in 29ms @ http://localhost:3010/_next/static/chunks/node_modules_next_dist_1e8vcs8._.js:776
[  442420ms] [LOG] [Fast Refresh] done in 29ms @ http://localhost:3010/_next/static/chunks/node_modules_next_dist_1e8vcs8._.js:776
[  442470ms] [LOG] [Fast Refresh] done in 29ms @ http://localhost:3010/_next/static/chunks/node_modules_next_dist_1e8vcs8._.js:776
[  442525ms] [LOG] [Fast Refresh] done in 29ms @ http://localhost:3010/_next/static/chunks/node_modules_next_dist_1e8vcs8._.js:776
[  442570ms] [LOG] [Fast Refresh] done in 29ms @ http://localhost:3010/_next/static/chunks/node_modules_next_dist_1e8vcs8._.js:776
[  442616ms] [LOG] [Fast Refresh] done in 29ms @ http://localhost:3010/_next/static/chunks/node_modules_next_dist_1e8vcs8._.js:776
[  442660ms] [LOG] [Fast Refresh] done in 29ms @ http://localhost:3010/_next/static/chunks/node_modules_next_dist_1e8vcs8._.js:776
[  442710ms] [LOG] [Fast Refresh] done in 29ms @ http://localhost:3010/_next/static/chunks/node_modules_next_dist_1e8vcs8._.js:776
[  442766ms] [LOG] [Fast Refresh] done in 29ms @ http://localhost:3010/_next/static/chunks/node_modules_next_dist_1e8vcs8._.js:776
[  442811ms] [LOG] [Fast Refresh] done in 29ms @ http://localhost:3010/_next/static/chunks/node_modules_next_dist_1e8vcs8._.js:776
[  442860ms] [LOG] [Fast Refresh] done in 29ms @ http://localhost:3010/_next/static/chunks/node_modules_next_dist_1e8vcs8._.js:776
[  442910ms] [LOG] [Fast Refresh] done in 29ms @ http://localhost:3010/_next/static/chunks/node_modules_next_dist_1e8vcs8._.js:776
[  442961ms] [LOG] [Fast Refresh] done in 29ms @ http://localhost:3010/_next/static/chunks/node_modules_next_dist_1e8vcs8._.js:776
[  443023ms] [LOG] [Fast Refresh] done in 29ms @ http://localhost:3010/_next/static/chunks/node_modules_next_dist_1e8vcs8._.js:776
[  443087ms] [LOG] [Fast Refresh] done in 29ms @ http://localhost:3010/_next/static/chunks/node_modules_next_dist_1e8vcs8._.js:776
[  443151ms] [LOG] [Fast Refresh] done in 29ms @ http://localhost:3010/_next/static/chunks/node_modules_next_dist_1e8vcs8._.js:776
[  443214ms] [LOG] [Fast Refresh] done in 29ms @ http://localhost:3010/_next/static/chunks/node_modules_next_dist_1e8vcs8._.js:776
[  443277ms] [LOG] [Fast Refresh] done in 29ms @ http://localhost:3010/_next/static/chunks/node_modules_next_dist_1e8vcs8._.js:776
[  443325ms] [LOG] [Fast Refresh] done in 29ms @ http://localhost:3010/_next/static/chunks/node_modules_next_dist_1e8vcs8._.js:776
[  443373ms] [LOG] [Fast Refresh] done in 29ms @ http://localhost:3010/_next/static/chunks/node_modules_next_dist_1e8vcs8._.js:776
[  443421ms] [LOG] [Fast Refresh] done in 29ms @ http://localhost:3010/_next/static/chunks/node_modules_next_dist_1e8vcs8._.js:776
[  443469ms] [LOG] [Fast Refresh] done in 29ms @ http://localhost:3010/_next/static/chunks/node_modules_next_dist_1e8vcs8._.js:776
[  443532ms] [LOG] [Fast Refresh] done in 29ms @ http://localhost:3010/_next/static/chunks/node_modules_next_dist_1e8vcs8._.js:776
[  443580ms] [LOG] [Fast Refresh] done in 29ms @ http://localhost:3010/_next/static/chunks/node_modules_next_dist_1e8vcs8._.js:776
[  443643ms] [LOG] [Fast Refresh] done in 29ms @ http://localhost:3010/_next/static/chunks/node_modules_next_dist_1e8vcs8._.js:776
[  443706ms] [LOG] [Fast Refresh] done in 29ms @ http://localhost:3010/_next/static/chunks/node_modules_next_dist_1e8vcs8._.js:776
[  443768ms] [LOG] [Fast Refresh] done in 29ms @ http://localhost:3010/_next/static/chunks/node_modules_next_dist_1e8vcs8._.js:776
[  443830ms] [LOG] [Fast Refresh] done in 29ms @ http://localhost:3010/_next/static/chunks/node_modules_next_dist_1e8vcs8._.js:776
[  443893ms] [LOG] [Fast Refresh] done in 29ms @ http://localhost:3010/_next/static/chunks/node_modules_next_dist_1e8vcs8._.js:776
[  443956ms] [LOG] [Fast Refresh] done in 29ms @ http://localhost:3010/_next/static/chunks/node_modules_next_dist_1e8vcs8._.js:776
[  444019ms] [LOG] [Fast Refresh] done in 29ms @ http://localhost:3010/_next/static/chunks/node_modules_next_dist_1e8vcs8._.js:776
[  444082ms] [LOG] [Fast Refresh] done in 29ms @ http://localhost:3010/_next/static/chunks/node_modules_next_dist_1e8vcs8._.js:776
[  444145ms] [LOG] [Fast Refresh] done in 29ms @ http://localhost:3010/_next/static/chunks/node_modules_next_dist_1e8vcs8._.js:776
[  444208ms] [LOG] [Fast Refresh] done in 29ms @ http://localhost:3010/_next/static/chunks/node_modules_next_dist_1e8vcs8._.js:776
[  444271ms] [LOG] [Fast Refresh] done in 29ms @ http://localhost:3010/_next/static/chunks/node_modules_next_dist_1e8vcs8._.js:776
[  444335ms] [LOG] [Fast Refresh] done in 29ms @ http://localhost:3010/_next/static/chunks/node_modules_next_dist_1e8vcs8._.js:776
[  444398ms] [LOG] [Fast Refresh] done in 29ms @ http://localhost:3010/_next/static/chunks/node_modules_next_dist_1e8vcs8._.js:776
[  444461ms] [LOG] [Fast Refresh] done in 29ms @ http://localhost:3010/_next/static/chunks/node_modules_next_dist_1e8vcs8._.js:776
[  444524ms] [LOG] [Fast Refresh] done in 29ms @ http://localhost:3010/_next/static/chunks/node_modules_next_dist_1e8vcs8._.js:776
[  444587ms] [LOG] [Fast Refresh] done in 29ms @ http://localhost:3010/_next/static/chunks/node_modules_next_dist_1e8vcs8._.js:776
[  444650ms] [LOG] [Fast Refresh] done in 29ms @ http://localhost:3010/_next/static/chunks/node_modules_next_dist_1e8vcs8._.js:776
[  444698ms] [LOG] [Fast Refresh] done in 29ms @ http://localhost:3010/_next/static/chunks/node_modules_next_dist_1e8vcs8._.js:776
[  444746ms] [LOG] [Fast Refresh] done in 29ms @ http://localhost:3010/_next/static/chunks/node_modules_next_dist_1e8vcs8._.js:776
[  444793ms] [LOG] [Fast Refresh] done in 29ms @ http://localhost:3010/_next/static/chunks/node_modules_next_dist_1e8vcs8._.js:776
[  444855ms] [LOG] [Fast Refresh] done in 29ms @ http://localhost:3010/_next/static/chunks/node_modules_next_dist_1e8vcs8._.js:776
[  444903ms] [LOG] [Fast Refresh] done in 29ms @ http://localhost:3010/_next/static/chunks/node_modules_next_dist_1e8vcs8._.js:776
[  444966ms] [LOG] [Fast Refresh] done in 29ms @ http://localhost:3010/_next/static/chunks/node_modules_next_dist_1e8vcs8._.js:776
[  445029ms] [LOG] [Fast Refresh] done in 29ms @ http://localhost:3010/_next/static/chunks/node_modules_next_dist_1e8vcs8._.js:776
[  445093ms] [LOG] [Fast Refresh] done in 29ms @ http://localhost:3010/_next/static/chunks/node_modules_next_dist_1e8vcs8._.js:776
[  445157ms] [LOG] [Fast Refresh] done in 29ms @ http://localhost:3010/_next/static/chunks/node_modules_next_dist_1e8vcs8._.js:776
[  445219ms] [LOG] [Fast Refresh] done in 29ms @ http://localhost:3010/_next/static/chunks/node_modules_next_dist_1e8vcs8._.js:776
[  445282ms] [LOG] [Fast Refresh] done in 29ms @ http://localhost:3010/_next/static/chunks/node_modules_next_dist_1e8vcs8._.js:776
[  445346ms] [LOG] [Fast Refresh] done in 29ms @ http://localhost:3010/_next/static/chunks/node_modules_next_dist_1e8vcs8._.js:776
[  445410ms] [LOG] [Fast Refresh] done in 29ms @ http://localhost:3010/_next/static/chunks/node_modules_next_dist_1e8vcs8._.js:776
[  445474ms] [LOG] [Fast Refresh] done in 29ms @ http://localhost:3010/_next/static/chunks/node_modules_next_dist_1e8vcs8._.js:776
[  445537ms] [LOG] [Fast Refresh] done in 29ms @ http://localhost:3010/_next/static/chunks/node_modules_next_dist_1e8vcs8._.js:776
[  445600ms] [LOG] [Fast Refresh] done in 29ms @ http://localhost:3010/_next/static/chunks/node_modules_next_dist_1e8vcs8._.js:776
[  445663ms] [LOG] [Fast Refresh] done in 29ms @ http://localhost:3010/_next/static/chunks/node_modules_next_dist_1e8vcs8._.js:776
[  445726ms] [LOG] [Fast Refresh] done in 29ms @ http://localhost:3010/_next/static/chunks/node_modules_next_dist_1e8vcs8._.js:776
[  445789ms] [LOG] [Fast Refresh] done in 29ms @ http://localhost:3010/_next/static/chunks/node_modules_next_dist_1e8vcs8._.js:776
[  445852ms] [LOG] [Fast Refresh] done in 29ms @ http://localhost:3010/_next/static/chunks/node_modules_next_dist_1e8vcs8._.js:776
[  445900ms] [LOG] [Fast Refresh] done in 29ms @ http://localhost:3010/_next/static/chunks/node_modules_next_dist_1e8vcs8._.js:776
[  445947ms] [LOG] [Fast Refresh] done in 29ms @ http://localhost:3010/_next/static/chunks/node_modules_next_dist_1e8vcs8._.js:776
[  445995ms] [LOG] [Fast Refresh] done in 29ms @ http://localhost:3010/_next/static/chunks/node_modules_next_dist_1e8vcs8._.js:776
[  446043ms] [LOG] [Fast Refresh] done in 29ms @ http://localhost:3010/_next/static/chunks/node_modules_next_dist_1e8vcs8._.js:776
[  446090ms] [LOG] [Fast Refresh] done in 29ms @ http://localhost:3010/_next/static/chunks/node_modules_next_dist_1e8vcs8._.js:776
[  446153ms] [LOG] [Fast Refresh] done in 29ms @ http://localhost:3010/_next/static/chunks/node_modules_next_dist_1e8vcs8._.js:776
[  446202ms] [LOG] [Fast Refresh] done in 29ms @ http://localhost:3010/_next/static/chunks/node_modules_next_dist_1e8vcs8._.js:776
[  446265ms] [LOG] [Fast Refresh] done in 29ms @ http://localhost:3010/_next/static/chunks/node_modules_next_dist_1e8vcs8._.js:776
[  446328ms] [LOG] [Fast Refresh] done in 29ms @ http://localhost:3010/_next/static/chunks/node_modules_next_dist_1e8vcs8._.js:776
[  446376ms] [LOG] [Fast Refresh] done in 29ms @ http://localhost:3010/_next/static/chunks/node_modules_next_dist_1e8vcs8._.js:776
[  446439ms] [LOG] [Fast Refresh] done in 29ms @ http://localhost:3010/_next/static/chunks/node_modules_next_dist_1e8vcs8._.js:776
[  446503ms] [LOG] [Fast Refresh] done in 29ms @ http://localhost:3010/_next/static/chunks/node_modules_next_dist_1e8vcs8._.js:776
[  446567ms] [LOG] [Fast Refresh] done in 29ms @ http://localhost:3010/_next/static/chunks/node_modules_next_dist_1e8vcs8._.js:776
[  446629ms] [LOG] [Fast Refresh] done in 29ms @ http://localhost:3010/_next/static/chunks/node_modules_next_dist_1e8vcs8._.js:776
[  446692ms] [LOG] [Fast Refresh] done in 29ms @ http://localhost:3010/_next/static/chunks/node_modules_next_dist_1e8vcs8._.js:776
[  446756ms] [LOG] [Fast Refresh] done in 29ms @ http://localhost:3010/_next/static/chunks/node_modules_next_dist_1e8vcs8._.js:776
[  446819ms] [LOG] [Fast Refresh] done in 29ms @ http://localhost:3010/_next/static/chunks/node_modules_next_dist_1e8vcs8._.js:776
[  446882ms] [LOG] [Fast Refresh] done in 29ms @ http://localhost:3010/_next/static/chunks/node_modules_next_dist_1e8vcs8._.js:776
[  446946ms] [LOG] [Fast Refresh] done in 29ms @ http://localhost:3010/_next/static/chunks/node_modules_next_dist_1e8vcs8._.js:776
[  446991ms] [LOG] [Fast Refresh] done in 29ms @ http://localhost:3010/_next/static/chunks/node_modules_next_dist_1e8vcs8._.js:776
[  447040ms] [LOG] [Fast Refresh] done in 29ms @ http://localhost:3010/_next/static/chunks/node_modules_next_dist_1e8vcs8._.js:776
[  447090ms] [LOG] [Fast Refresh] done in 29ms @ http://localhost:3010/_next/static/chunks/node_modules_next_dist_1e8vcs8._.js:776
[  447140ms] [LOG] [Fast Refresh] done in 29ms @ http://localhost:3010/_next/static/chunks/node_modules_next_dist_1e8vcs8._.js:776
[  447190ms] [LOG] [Fast Refresh] done in 29ms @ http://localhost:3010/_next/static/chunks/node_modules_next_dist_1e8vcs8._.js:776
[  447241ms] [LOG] [Fast Refresh] done in 29ms @ http://localhost:3010/_next/static/chunks/node_modules_next_dist_1e8vcs8._.js:776
[  447290ms] [LOG] [Fast Refresh] done in 29ms @ http://localhost:3010/_next/static/chunks/node_modules_next_dist_1e8vcs8._.js:776
[  447340ms] [LOG] [Fast Refresh] done in 29ms @ http://localhost:3010/_next/static/chunks/node_modules_next_dist_1e8vcs8._.js:776
[  447391ms] [LOG] [Fast Refresh] done in 29ms @ http://localhost:3010/_next/static/chunks/node_modules_next_dist_1e8vcs8._.js:776
[  447441ms] [LOG] [Fast Refresh] done in 29ms @ http://localhost:3010/_next/static/chunks/node_modules_next_dist_1e8vcs8._.js:776
[  447491ms] [LOG] [Fast Refresh] done in 29ms @ http://localhost:3010/_next/static/chunks/node_modules_next_dist_1e8vcs8._.js:776
[  447541ms] [LOG] [Fast Refresh] done in 29ms @ http://localhost:3010/_next/static/chunks/node_modules_next_dist_1e8vcs8._.js:776
[  447596ms] [LOG] [Fast Refresh] done in 29ms @ http://localhost:3010/_next/static/chunks/node_modules_next_dist_1e8vcs8._.js:776
[  447661ms] [LOG] [Fast Refresh] done in 29ms @ http://localhost:3010/_next/static/chunks/node_modules_next_dist_1e8vcs8._.js:776
[  447710ms] [LOG] [Fast Refresh] done in 29ms @ http://localhost:3010/_next/static/chunks/node_modules_next_dist_1e8vcs8._.js:776
[  447760ms] [LOG] [Fast Refresh] done in 29ms @ http://localhost:3010/_next/static/chunks/node_modules_next_dist_1e8vcs8._.js:776
[  447810ms] [LOG] [Fast Refresh] done in 29ms @ http://localhost:3010/_next/static/chunks/node_modules_next_dist_1e8vcs8._.js:776
[  447860ms] [LOG] [Fast Refresh] done in 29ms @ http://localhost:3010/_next/static/chunks/node_modules_next_dist_1e8vcs8._.js:776
[  447910ms] [LOG] [Fast Refresh] done in 29ms @ http://localhost:3010/_next/static/chunks/node_modules_next_dist_1e8vcs8._.js:776
[  447956ms] [LOG] [Fast Refresh] done in 29ms @ http://localhost:3010/_next/static/chunks/node_modules_next_dist_1e8vcs8._.js:776
[  448021ms] [LOG] [Fast Refresh] done in 29ms @ http://localhost:3010/_next/static/chunks/node_modules_next_dist_1e8vcs8._.js:776
[  448070ms] [LOG] [Fast Refresh] done in 29ms @ http://localhost:3010/_next/static/chunks/node_modules_next_dist_1e8vcs8._.js:776
[  448125ms] [LOG] [Fast Refresh] done in 29ms @ http://localhost:3010/_next/static/chunks/node_modules_next_dist_1e8vcs8._.js:776
[  448170ms] [LOG] [Fast Refresh] done in 29ms @ http://localhost:3010/_next/static/chunks/node_modules_next_dist_1e8vcs8._.js:776
[  448221ms] [LOG] [Fast Refresh] done in 29ms @ http://localhost:3010/_next/static/chunks/node_modules_next_dist_1e8vcs8._.js:776
[  448271ms] [LOG] [Fast Refresh] done in 29ms @ http://localhost:3010/_next/static/chunks/node_modules_next_dist_1e8vcs8._.js:776
[  448325ms] [LOG] [Fast Refresh] done in 29ms @ http://localhost:3010/_next/static/chunks/node_modules_next_dist_1e8vcs8._.js:776
[  448371ms] [LOG] [Fast Refresh] done in 29ms @ http://localhost:3010/_next/static/chunks/node_modules_next_dist_1e8vcs8._.js:776
[  448420ms] [LOG] [Fast Refresh] done in 29ms @ http://localhost:3010/_next/static/chunks/node_modules_next_dist_1e8vcs8._.js:776
[  448477ms] [LOG] [Fast Refresh] done in 29ms @ http://localhost:3010/_next/static/chunks/node_modules_next_dist_1e8vcs8._.js:776
[  448521ms] [LOG] [Fast Refresh] done in 29ms @ http://localhost:3010/_next/static/chunks/node_modules_next_dist_1e8vcs8._.js:776
[  448571ms] [LOG] [Fast Refresh] done in 29ms @ http://localhost:3010/_next/static/chunks/node_modules_next_dist_1e8vcs8._.js:776
[  448631ms] [LOG] [Fast Refresh] done in 29ms @ http://localhost:3010/_next/static/chunks/node_modules_next_dist_1e8vcs8._.js:776
[  448680ms] [LOG] [Fast Refresh] done in 29ms @ http://localhost:3010/_next/static/chunks/node_modules_next_dist_1e8vcs8._.js:776
[  448731ms] [LOG] [Fast Refresh] done in 29ms @ http://localhost:3010/_next/static/chunks/node_modules_next_dist_1e8vcs8._.js:776
[  448781ms] [LOG] [Fast Refresh] done in 29ms @ http://localhost:3010/_next/static/chunks/node_modules_next_dist_1e8vcs8._.js:776
[  448831ms] [LOG] [Fast Refresh] done in 29ms @ http://localhost:3010/_next/static/chunks/node_modules_next_dist_1e8vcs8._.js:776
[  448881ms] [LOG] [Fast Refresh] done in 29ms @ http://localhost:3010/_next/static/chunks/node_modules_next_dist_1e8vcs8._.js:776
[  448931ms] [LOG] [Fast Refresh] done in 29ms @ http://localhost:3010/_next/static/chunks/node_modules_next_dist_1e8vcs8._.js:776
[  448983ms] [LOG] [Fast Refresh] done in 29ms @ http://localhost:3010/_next/static/chunks/node_modules_next_dist_1e8vcs8._.js:776
[  449047ms] [LOG] [Fast Refresh] done in 29ms @ http://localhost:3010/_next/static/chunks/node_modules_next_dist_1e8vcs8._.js:776
[  449109ms] [LOG] [Fast Refresh] done in 29ms @ http://localhost:3010/_next/static/chunks/node_modules_next_dist_1e8vcs8._.js:776
[  449173ms] [LOG] [Fast Refresh] done in 29ms @ http://localhost:3010/_next/static/chunks/node_modules_next_dist_1e8vcs8._.js:776
[  449234ms] [LOG] [Fast Refresh] done in 29ms @ http://localhost:3010/_next/static/chunks/node_modules_next_dist_1e8vcs8._.js:776
[  449298ms] [LOG] [Fast Refresh] done in 29ms @ http://localhost:3010/_next/static/chunks/node_modules_next_dist_1e8vcs8._.js:776
[  449345ms] [LOG] [Fast Refresh] done in 29ms @ http://localhost:3010/_next/static/chunks/node_modules_next_dist_1e8vcs8._.js:776
[  449392ms] [LOG] [Fast Refresh] done in 29ms @ http://localhost:3010/_next/static/chunks/node_modules_next_dist_1e8vcs8._.js:776
[  449440ms] [LOG] [Fast Refresh] done in 29ms @ http://localhost:3010/_next/static/chunks/node_modules_next_dist_1e8vcs8._.js:776
[  449488ms] [LOG] [Fast Refresh] done in 29ms @ http://localhost:3010/_next/static/chunks/node_modules_next_dist_1e8vcs8._.js:776
[  449536ms] [LOG] [Fast Refresh] done in 29ms @ http://localhost:3010/_next/static/chunks/node_modules_next_dist_1e8vcs8._.js:776
[  449598ms] [LOG] [Fast Refresh] done in 29ms @ http://localhost:3010/_next/static/chunks/node_modules_next_dist_1e8vcs8._.js:776
[  449662ms] [LOG] [Fast Refresh] done in 29ms @ http://localhost:3010/_next/static/chunks/node_modules_next_dist_1e8vcs8._.js:776
[  449726ms] [LOG] [Fast Refresh] done in 29ms @ http://localhost:3010/_next/static/chunks/node_modules_next_dist_1e8vcs8._.js:776
[  449789ms] [LOG] [Fast Refresh] done in 29ms @ http://localhost:3010/_next/static/chunks/node_modules_next_dist_1e8vcs8._.js:776
[  449852ms] [LOG] [Fast Refresh] done in 29ms @ http://localhost:3010/_next/static/chunks/node_modules_next_dist_1e8vcs8._.js:776
[  449916ms] [LOG] [Fast Refresh] done in 29ms @ http://localhost:3010/_next/static/chunks/node_modules_next_dist_1e8vcs8._.js:776
[  449979ms] [LOG] [Fast Refresh] done in 29ms @ http://localhost:3010/_next/static/chunks/node_modules_next_dist_1e8vcs8._.js:776
[  450041ms] [LOG] [Fast Refresh] done in 29ms @ http://localhost:3010/_next/static/chunks/node_modules_next_dist_1e8vcs8._.js:776
[  450103ms] [LOG] [Fast Refresh] done in 29ms @ http://localhost:3010/_next/static/chunks/node_modules_next_dist_1e8vcs8._.js:776
[  450166ms] [LOG] [Fast Refresh] done in 29ms @ http://localhost:3010/_next/static/chunks/node_modules_next_dist_1e8vcs8._.js:776
[  450228ms] [LOG] [Fast Refresh] done in 29ms @ http://localhost:3010/_next/static/chunks/node_modules_next_dist_1e8vcs8._.js:776
[  450291ms] [LOG] [Fast Refresh] done in 29ms @ http://localhost:3010/_next/static/chunks/node_modules_next_dist_1e8vcs8._.js:776
[  450355ms] [LOG] [Fast Refresh] done in 29ms @ http://localhost:3010/_next/static/chunks/node_modules_next_dist_1e8vcs8._.js:776
[  450419ms] [LOG] [Fast Refresh] done in 29ms @ http://localhost:3010/_next/static/chunks/node_modules_next_dist_1e8vcs8._.js:776
[  450482ms] [LOG] [Fast Refresh] done in 29ms @ http://localhost:3010/_next/static/chunks/node_modules_next_dist_1e8vcs8._.js:776
[  450530ms] [LOG] [Fast Refresh] done in 29ms @ http://localhost:3010/_next/static/chunks/node_modules_next_dist_1e8vcs8._.js:776
[  450593ms] [LOG] [Fast Refresh] done in 29ms @ http://localhost:3010/_next/static/chunks/node_modules_next_dist_1e8vcs8._.js:776
[  450640ms] [LOG] [Fast Refresh] done in 29ms @ http://localhost:3010/_next/static/chunks/node_modules_next_dist_1e8vcs8._.js:776
[  450688ms] [LOG] [Fast Refresh] done in 29ms @ http://localhost:3010/_next/static/chunks/node_modules_next_dist_1e8vcs8._.js:776
[  450751ms] [LOG] [Fast Refresh] done in 29ms @ http://localhost:3010/_next/static/chunks/node_modules_next_dist_1e8vcs8._.js:776
[  450799ms] [LOG] [Fast Refresh] done in 29ms @ http://localhost:3010/_next/static/chunks/node_modules_next_dist_1e8vcs8._.js:776
[  450846ms] [LOG] [Fast Refresh] done in 29ms @ http://localhost:3010/_next/static/chunks/node_modules_next_dist_1e8vcs8._.js:776
[  450894ms] [LOG] [Fast Refresh] done in 29ms @ http://localhost:3010/_next/static/chunks/node_modules_next_dist_1e8vcs8._.js:776
[  450959ms] [LOG] [Fast Refresh] done in 29ms @ http://localhost:3010/_next/static/chunks/node_modules_next_dist_1e8vcs8._.js:776
[  451022ms] [LOG] [Fast Refresh] done in 29ms @ http://localhost:3010/_next/static/chunks/node_modules_next_dist_1e8vcs8._.js:776
[  451085ms] [LOG] [Fast Refresh] done in 29ms @ http://localhost:3010/_next/static/chunks/node_modules_next_dist_1e8vcs8._.js:776
[  451148ms] [LOG] [Fast Refresh] done in 29ms @ http://localhost:3010/_next/static/chunks/node_modules_next_dist_1e8vcs8._.js:776
[  451211ms] [LOG] [Fast Refresh] done in 29ms @ http://localhost:3010/_next/static/chunks/node_modules_next_dist_1e8vcs8._.js:776
[  451274ms] [LOG] [Fast Refresh] done in 29ms @ http://localhost:3010/_next/static/chunks/node_modules_next_dist_1e8vcs8._.js:776
[  451338ms] [LOG] [Fast Refresh] done in 29ms @ http://localhost:3010/_next/static/chunks/node_modules_next_dist_1e8vcs8._.js:776
[  451402ms] [LOG] [Fast Refresh] done in 29ms @ http://localhost:3010/_next/static/chunks/node_modules_next_dist_1e8vcs8._.js:776
[  451465ms] [LOG] [Fast Refresh] done in 29ms @ http://localhost:3010/_next/static/chunks/node_modules_next_dist_1e8vcs8._.js:776
[  451528ms] [LOG] [Fast Refresh] done in 29ms @ http://localhost:3010/_next/static/chunks/node_modules_next_dist_1e8vcs8._.js:776
[  451591ms] [LOG] [Fast Refresh] done in 29ms @ http://localhost:3010/_next/static/chunks/node_modules_next_dist_1e8vcs8._.js:776
[  451639ms] [LOG] [Fast Refresh] done in 29ms @ http://localhost:3010/_next/static/chunks/node_modules_next_dist_1e8vcs8._.js:776
[  451687ms] [LOG] [Fast Refresh] done in 29ms @ http://localhost:3010/_next/static/chunks/node_modules_next_dist_1e8vcs8._.js:776
[  451751ms] [LOG] [Fast Refresh] done in 29ms @ http://localhost:3010/_next/static/chunks/node_modules_next_dist_1e8vcs8._.js:776
[  451813ms] [LOG] [Fast Refresh] done in 29ms @ http://localhost:3010/_next/static/chunks/node_modules_next_dist_1e8vcs8._.js:776
[  451876ms] [LOG] [Fast Refresh] done in 29ms @ http://localhost:3010/_next/static/chunks/node_modules_next_dist_1e8vcs8._.js:776
[  451939ms] [LOG] [Fast Refresh] done in 29ms @ http://localhost:3010/_next/static/chunks/node_modules_next_dist_1e8vcs8._.js:776
[  452001ms] [LOG] [Fast Refresh] done in 29ms @ http://localhost:3010/_next/static/chunks/node_modules_next_dist_1e8vcs8._.js:776
[  452048ms] [LOG] [Fast Refresh] done in 29ms @ http://localhost:3010/_next/static/chunks/node_modules_next_dist_1e8vcs8._.js:776
[  452111ms] [LOG] [Fast Refresh] done in 29ms @ http://localhost:3010/_next/static/chunks/node_modules_next_dist_1e8vcs8._.js:776
[  452175ms] [LOG] [Fast Refresh] done in 29ms @ http://localhost:3010/_next/static/chunks/node_modules_next_dist_1e8vcs8._.js:776
[  452240ms] [LOG] [Fast Refresh] done in 29ms @ http://localhost:3010/_next/static/chunks/node_modules_next_dist_1e8vcs8._.js:776
[  452301ms] [LOG] [Fast Refresh] done in 29ms @ http://localhost:3010/_next/static/chunks/node_modules_next_dist_1e8vcs8._.js:776
[  452364ms] [LOG] [Fast Refresh] done in 29ms @ http://localhost:3010/_next/static/chunks/node_modules_next_dist_1e8vcs8._.js:776
[  452425ms] [LOG] [Fast Refresh] done in 29ms @ http://localhost:3010/_next/static/chunks/node_modules_next_dist_1e8vcs8._.js:776
[  452473ms] [LOG] [Fast Refresh] done in 29ms @ http://localhost:3010/_next/static/chunks/node_modules_next_dist_1e8vcs8._.js:776
[  452521ms] [LOG] [Fast Refresh] done in 29ms @ http://localhost:3010/_next/static/chunks/node_modules_next_dist_1e8vcs8._.js:776
[  452583ms] [LOG] [Fast Refresh] done in 29ms @ http://localhost:3010/_next/static/chunks/node_modules_next_dist_1e8vcs8._.js:776
[  452646ms] [LOG] [Fast Refresh] done in 29ms @ http://localhost:3010/_next/static/chunks/node_modules_next_dist_1e8vcs8._.js:776
[  452708ms] [LOG] [Fast Refresh] done in 29ms @ http://localhost:3010/_next/static/chunks/node_modules_next_dist_1e8vcs8._.js:776
[  452770ms] [LOG] [Fast Refresh] done in 29ms @ http://localhost:3010/_next/static/chunks/node_modules_next_dist_1e8vcs8._.js:776
[  452835ms] [LOG] [Fast Refresh] done in 29ms @ http://localhost:3010/_next/static/chunks/node_modules_next_dist_1e8vcs8._.js:776
[  452899ms] [LOG] [Fast Refresh] done in 29ms @ http://localhost:3010/_next/static/chunks/node_modules_next_dist_1e8vcs8._.js:776
[  452951ms] [LOG] [Fast Refresh] done in 29ms @ http://localhost:3010/_next/static/chunks/node_modules_next_dist_1e8vcs8._.js:776
[  453001ms] [LOG] [Fast Refresh] done in 29ms @ http://localhost:3010/_next/static/chunks/node_modules_next_dist_1e8vcs8._.js:776
[  453061ms] [LOG] [Fast Refresh] done in 29ms @ http://localhost:3010/_next/static/chunks/node_modules_next_dist_1e8vcs8._.js:776
[  453111ms] [LOG] [Fast Refresh] done in 29ms @ http://localhost:3010/_next/static/chunks/node_modules_next_dist_1e8vcs8._.js:776
[  453171ms] [LOG] [Fast Refresh] done in 29ms @ http://localhost:3010/_next/static/chunks/node_modules_next_dist_1e8vcs8._.js:776
[  453231ms] [LOG] [Fast Refresh] done in 29ms @ http://localhost:3010/_next/static/chunks/node_modules_next_dist_1e8vcs8._.js:776
[  453281ms] [LOG] [Fast Refresh] done in 29ms @ http://localhost:3010/_next/static/chunks/node_modules_next_dist_1e8vcs8._.js:776
[  453331ms] [LOG] [Fast Refresh] done in 29ms @ http://localhost:3010/_next/static/chunks/node_modules_next_dist_1e8vcs8._.js:776
[  453381ms] [LOG] [Fast Refresh] done in 29ms @ http://localhost:3010/_next/static/chunks/node_modules_next_dist_1e8vcs8._.js:776
[  453431ms] [LOG] [Fast Refresh] done in 29ms @ http://localhost:3010/_next/static/chunks/node_modules_next_dist_1e8vcs8._.js:776
[  453481ms] [LOG] [Fast Refresh] done in 29ms @ http://localhost:3010/_next/static/chunks/node_modules_next_dist_1e8vcs8._.js:776
[  453531ms] [LOG] [Fast Refresh] done in 29ms @ http://localhost:3010/_next/static/chunks/node_modules_next_dist_1e8vcs8._.js:776
[  453581ms] [LOG] [Fast Refresh] done in 29ms @ http://localhost:3010/_next/static/chunks/node_modules_next_dist_1e8vcs8._.js:776
[  453631ms] [LOG] [Fast Refresh] done in 29ms @ http://localhost:3010/_next/static/chunks/node_modules_next_dist_1e8vcs8._.js:776
[  453681ms] [LOG] [Fast Refresh] done in 29ms @ http://localhost:3010/_next/static/chunks/node_modules_next_dist_1e8vcs8._.js:776
[  453728ms] [LOG] [Fast Refresh] done in 29ms @ http://localhost:3010/_next/static/chunks/node_modules_next_dist_1e8vcs8._.js:776
[  453771ms] [LOG] [Fast Refresh] done in 29ms @ http://localhost:3010/_next/static/chunks/node_modules_next_dist_1e8vcs8._.js:776
[  453821ms] [LOG] [Fast Refresh] done in 29ms @ http://localhost:3010/_next/static/chunks/node_modules_next_dist_1e8vcs8._.js:776
[  453871ms] [LOG] [Fast Refresh] done in 29ms @ http://localhost:3010/_next/static/chunks/node_modules_next_dist_1e8vcs8._.js:776
[  453921ms] [LOG] [Fast Refresh] done in 29ms @ http://localhost:3010/_next/static/chunks/node_modules_next_dist_1e8vcs8._.js:776
[  453967ms] [LOG] [Fast Refresh] done in 29ms @ http://localhost:3010/_next/static/chunks/node_modules_next_dist_1e8vcs8._.js:776
[  454011ms] [LOG] [Fast Refresh] done in 29ms @ http://localhost:3010/_next/static/chunks/node_modules_next_dist_1e8vcs8._.js:776
[  454061ms] [LOG] [Fast Refresh] done in 29ms @ http://localhost:3010/_next/static/chunks/node_modules_next_dist_1e8vcs8._.js:776
[  454111ms] [LOG] [Fast Refresh] done in 29ms @ http://localhost:3010/_next/static/chunks/node_modules_next_dist_1e8vcs8._.js:776
[  454161ms] [LOG] [Fast Refresh] done in 29ms @ http://localhost:3010/_next/static/chunks/node_modules_next_dist_1e8vcs8._.js:776
[  454211ms] [LOG] [Fast Refresh] done in 29ms @ http://localhost:3010/_next/static/chunks/node_modules_next_dist_1e8vcs8._.js:776
[  454261ms] [LOG] [Fast Refresh] done in 29ms @ http://localhost:3010/_next/static/chunks/node_modules_next_dist_1e8vcs8._.js:776
[  454311ms] [LOG] [Fast Refresh] done in 29ms @ http://localhost:3010/_next/static/chunks/node_modules_next_dist_1e8vcs8._.js:776
[  454361ms] [LOG] [Fast Refresh] done in 29ms @ http://localhost:3010/_next/static/chunks/node_modules_next_dist_1e8vcs8._.js:776
[  454421ms] [LOG] [Fast Refresh] done in 29ms @ http://localhost:3010/_next/static/chunks/node_modules_next_dist_1e8vcs8._.js:776
[  454471ms] [LOG] [Fast Refresh] done in 29ms @ http://localhost:3010/_next/static/chunks/node_modules_next_dist_1e8vcs8._.js:776
[  454521ms] [LOG] [Fast Refresh] done in 29ms @ http://localhost:3010/_next/static/chunks/node_modules_next_dist_1e8vcs8._.js:776
[  454567ms] [LOG] [Fast Refresh] done in 29ms @ http://localhost:3010/_next/static/chunks/node_modules_next_dist_1e8vcs8._.js:776
[  454611ms] [LOG] [Fast Refresh] done in 29ms @ http://localhost:3010/_next/static/chunks/node_modules_next_dist_1e8vcs8._.js:776
[  454661ms] [LOG] [Fast Refresh] done in 29ms @ http://localhost:3010/_next/static/chunks/node_modules_next_dist_1e8vcs8._.js:776
[  454711ms] [LOG] [Fast Refresh] done in 29ms @ http://localhost:3010/_next/static/chunks/node_modules_next_dist_1e8vcs8._.js:776
[  454759ms] [LOG] [Fast Refresh] done in 29ms @ http://localhost:3010/_next/static/chunks/node_modules_next_dist_1e8vcs8._.js:776
[  454806ms] [LOG] [Fast Refresh] done in 29ms @ http://localhost:3010/_next/static/chunks/node_modules_next_dist_1e8vcs8._.js:776
[  454851ms] [LOG] [Fast Refresh] done in 29ms @ http://localhost:3010/_next/static/chunks/node_modules_next_dist_1e8vcs8._.js:776
[  454901ms] [LOG] [Fast Refresh] done in 29ms @ http://localhost:3010/_next/static/chunks/node_modules_next_dist_1e8vcs8._.js:776
[  454951ms] [LOG] [Fast Refresh] done in 29ms @ http://localhost:3010/_next/static/chunks/node_modules_next_dist_1e8vcs8._.js:776
[  455014ms] [LOG] [Fast Refresh] done in 29ms @ http://localhost:3010/_next/static/chunks/node_modules_next_dist_1e8vcs8._.js:776
[  455076ms] [LOG] [Fast Refresh] done in 29ms @ http://localhost:3010/_next/static/chunks/node_modules_next_dist_1e8vcs8._.js:776
[  455124ms] [LOG] [Fast Refresh] done in 29ms @ http://localhost:3010/_next/static/chunks/node_modules_next_dist_1e8vcs8._.js:776
[  455172ms] [LOG] [Fast Refresh] done in 29ms @ http://localhost:3010/_next/static/chunks/node_modules_next_dist_1e8vcs8._.js:776
[  455220ms] [LOG] [Fast Refresh] done in 29ms @ http://localhost:3010/_next/static/chunks/node_modules_next_dist_1e8vcs8._.js:776
[  455282ms] [LOG] [Fast Refresh] done in 29ms @ http://localhost:3010/_next/static/chunks/node_modules_next_dist_1e8vcs8._.js:776
[  455330ms] [LOG] [Fast Refresh] done in 29ms @ http://localhost:3010/_next/static/chunks/node_modules_next_dist_1e8vcs8._.js:776
[  455393ms] [LOG] [Fast Refresh] done in 29ms @ http://localhost:3010/_next/static/chunks/node_modules_next_dist_1e8vcs8._.js:776
[  455441ms] [LOG] [Fast Refresh] done in 29ms @ http://localhost:3010/_next/static/chunks/node_modules_next_dist_1e8vcs8._.js:776
[  455504ms] [LOG] [Fast Refresh] done in 29ms @ http://localhost:3010/_next/static/chunks/node_modules_next_dist_1e8vcs8._.js:776
[  455566ms] [LOG] [Fast Refresh] done in 29ms @ http://localhost:3010/_next/static/chunks/node_modules_next_dist_1e8vcs8._.js:776
[  455631ms] [LOG] [Fast Refresh] done in 29ms @ http://localhost:3010/_next/static/chunks/node_modules_next_dist_1e8vcs8._.js:776
[  455694ms] [LOG] [Fast Refresh] done in 29ms @ http://localhost:3010/_next/static/chunks/node_modules_next_dist_1e8vcs8._.js:776
[  455758ms] [LOG] [Fast Refresh] done in 29ms @ http://localhost:3010/_next/static/chunks/node_modules_next_dist_1e8vcs8._.js:776
[  455822ms] [LOG] [Fast Refresh] done in 29ms @ http://localhost:3010/_next/static/chunks/node_modules_next_dist_1e8vcs8._.js:776
[  455886ms] [LOG] [Fast Refresh] done in 29ms @ http://localhost:3010/_next/static/chunks/node_modules_next_dist_1e8vcs8._.js:776
[  455949ms] [LOG] [Fast Refresh] done in 29ms @ http://localhost:3010/_next/static/chunks/node_modules_next_dist_1e8vcs8._.js:776
[  456012ms] [LOG] [Fast Refresh] done in 29ms @ http://localhost:3010/_next/static/chunks/node_modules_next_dist_1e8vcs8._.js:776
[  456074ms] [LOG] [Fast Refresh] done in 29ms @ http://localhost:3010/_next/static/chunks/node_modules_next_dist_1e8vcs8._.js:776
[  456122ms] [LOG] [Fast Refresh] done in 29ms @ http://localhost:3010/_next/static/chunks/node_modules_next_dist_1e8vcs8._.js:776
[  456184ms] [LOG] [Fast Refresh] done in 29ms @ http://localhost:3010/_next/static/chunks/node_modules_next_dist_1e8vcs8._.js:776
[  456246ms] [LOG] [Fast Refresh] done in 29ms @ http://localhost:3010/_next/static/chunks/node_modules_next_dist_1e8vcs8._.js:776
[  456293ms] [LOG] [Fast Refresh] done in 29ms @ http://localhost:3010/_next/static/chunks/node_modules_next_dist_1e8vcs8._.js:776
[  456356ms] [LOG] [Fast Refresh] done in 29ms @ http://localhost:3010/_next/static/chunks/node_modules_next_dist_1e8vcs8._.js:776
[  456404ms] [LOG] [Fast Refresh] done in 29ms @ http://localhost:3010/_next/static/chunks/node_modules_next_dist_1e8vcs8._.js:776
[  456451ms] [LOG] [Fast Refresh] done in 29ms @ http://localhost:3010/_next/static/chunks/node_modules_next_dist_1e8vcs8._.js:776
[  456499ms] [LOG] [Fast Refresh] done in 29ms @ http://localhost:3010/_next/static/chunks/node_modules_next_dist_1e8vcs8._.js:776
[  456563ms] [LOG] [Fast Refresh] done in 29ms @ http://localhost:3010/_next/static/chunks/node_modules_next_dist_1e8vcs8._.js:776
[  456626ms] [LOG] [Fast Refresh] done in 29ms @ http://localhost:3010/_next/static/chunks/node_modules_next_dist_1e8vcs8._.js:776
[  456674ms] [LOG] [Fast Refresh] done in 29ms @ http://localhost:3010/_next/static/chunks/node_modules_next_dist_1e8vcs8._.js:776
[  456737ms] [LOG] [Fast Refresh] done in 29ms @ http://localhost:3010/_next/static/chunks/node_modules_next_dist_1e8vcs8._.js:776
[  456801ms] [LOG] [Fast Refresh] done in 29ms @ http://localhost:3010/_next/static/chunks/node_modules_next_dist_1e8vcs8._.js:776
[  456863ms] [LOG] [Fast Refresh] done in 29ms @ http://localhost:3010/_next/static/chunks/node_modules_next_dist_1e8vcs8._.js:776
[  456927ms] [LOG] [Fast Refresh] done in 29ms @ http://localhost:3010/_next/static/chunks/node_modules_next_dist_1e8vcs8._.js:776
[  456990ms] [LOG] [Fast Refresh] done in 29ms @ http://localhost:3010/_next/static/chunks/node_modules_next_dist_1e8vcs8._.js:776
[  457054ms] [LOG] [Fast Refresh] done in 29ms @ http://localhost:3010/_next/static/chunks/node_modules_next_dist_1e8vcs8._.js:776
[  457118ms] [LOG] [Fast Refresh] done in 29ms @ http://localhost:3010/_next/static/chunks/node_modules_next_dist_1e8vcs8._.js:776
[  457165ms] [LOG] [Fast Refresh] done in 29ms @ http://localhost:3010/_next/static/chunks/node_modules_next_dist_1e8vcs8._.js:776
[  457229ms] [LOG] [Fast Refresh] done in 29ms @ http://localhost:3010/_next/static/chunks/node_modules_next_dist_1e8vcs8._.js:776
[  457293ms] [LOG] [Fast Refresh] done in 29ms @ http://localhost:3010/_next/static/chunks/node_modules_next_dist_1e8vcs8._.js:776
[  457355ms] [LOG] [Fast Refresh] done in 29ms @ http://localhost:3010/_next/static/chunks/node_modules_next_dist_1e8vcs8._.js:776
[  457418ms] [LOG] [Fast Refresh] done in 29ms @ http://localhost:3010/_next/static/chunks/node_modules_next_dist_1e8vcs8._.js:776
[  457479ms] [LOG] [Fast Refresh] done in 29ms @ http://localhost:3010/_next/static/chunks/node_modules_next_dist_1e8vcs8._.js:776
[  457542ms] [LOG] [Fast Refresh] done in 29ms @ http://localhost:3010/_next/static/chunks/node_modules_next_dist_1e8vcs8._.js:776
[  457605ms] [LOG] [Fast Refresh] done in 29ms @ http://localhost:3010/_next/static/chunks/node_modules_next_dist_1e8vcs8._.js:776
[  457668ms] [LOG] [Fast Refresh] done in 29ms @ http://localhost:3010/_next/static/chunks/node_modules_next_dist_1e8vcs8._.js:776
[  457731ms] [LOG] [Fast Refresh] done in 29ms @ http://localhost:3010/_next/static/chunks/node_modules_next_dist_1e8vcs8._.js:776
[  457794ms] [LOG] [Fast Refresh] done in 29ms @ http://localhost:3010/_next/static/chunks/node_modules_next_dist_1e8vcs8._.js:776
[  457856ms] [LOG] [Fast Refresh] done in 29ms @ http://localhost:3010/_next/static/chunks/node_modules_next_dist_1e8vcs8._.js:776
[  457918ms] [LOG] [Fast Refresh] done in 29ms @ http://localhost:3010/_next/static/chunks/node_modules_next_dist_1e8vcs8._.js:776
[  457966ms] [LOG] [Fast Refresh] done in 29ms @ http://localhost:3010/_next/static/chunks/node_modules_next_dist_1e8vcs8._.js:776
[  458014ms] [LOG] [Fast Refresh] done in 29ms @ http://localhost:3010/_next/static/chunks/node_modules_next_dist_1e8vcs8._.js:776
[  458077ms] [LOG] [Fast Refresh] done in 29ms @ http://localhost:3010/_next/static/chunks/node_modules_next_dist_1e8vcs8._.js:776
[  458140ms] [LOG] [Fast Refresh] done in 29ms @ http://localhost:3010/_next/static/chunks/node_modules_next_dist_1e8vcs8._.js:776
[  458203ms] [LOG] [Fast Refresh] done in 29ms @ http://localhost:3010/_next/static/chunks/node_modules_next_dist_1e8vcs8._.js:776
[  458266ms] [LOG] [Fast Refresh] done in 29ms @ http://localhost:3010/_next/static/chunks/node_modules_next_dist_1e8vcs8._.js:776
[  458329ms] [LOG] [Fast Refresh] done in 29ms @ http://localhost:3010/_next/static/chunks/node_modules_next_dist_1e8vcs8._.js:776
[  458377ms] [LOG] [Fast Refresh] done in 29ms @ http://localhost:3010/_next/static/chunks/node_modules_next_dist_1e8vcs8._.js:776
[  458425ms] [LOG] [Fast Refresh] done in 29ms @ http://localhost:3010/_next/static/chunks/node_modules_next_dist_1e8vcs8._.js:776
[  458488ms] [LOG] [Fast Refresh] done in 29ms @ http://localhost:3010/_next/static/chunks/node_modules_next_dist_1e8vcs8._.js:776
[  458536ms] [LOG] [Fast Refresh] done in 29ms @ http://localhost:3010/_next/static/chunks/node_modules_next_dist_1e8vcs8._.js:776
[  458585ms] [LOG] [Fast Refresh] done in 29ms @ http://localhost:3010/_next/static/chunks/node_modules_next_dist_1e8vcs8._.js:776
[  458648ms] [LOG] [Fast Refresh] done in 29ms @ http://localhost:3010/_next/static/chunks/node_modules_next_dist_1e8vcs8._.js:776
[  458711ms] [LOG] [Fast Refresh] done in 29ms @ http://localhost:3010/_next/static/chunks/node_modules_next_dist_1e8vcs8._.js:776
[  458759ms] [LOG] [Fast Refresh] done in 29ms @ http://localhost:3010/_next/static/chunks/node_modules_next_dist_1e8vcs8._.js:776
[  458822ms] [LOG] [Fast Refresh] done in 29ms @ http://localhost:3010/_next/static/chunks/node_modules_next_dist_1e8vcs8._.js:776
[  458884ms] [LOG] [Fast Refresh] done in 29ms @ http://localhost:3010/_next/static/chunks/node_modules_next_dist_1e8vcs8._.js:776
[  458932ms] [LOG] [Fast Refresh] done in 29ms @ http://localhost:3010/_next/static/chunks/node_modules_next_dist_1e8vcs8._.js:776
[  458981ms] [LOG] [Fast Refresh] done in 29ms @ http://localhost:3010/_next/static/chunks/node_modules_next_dist_1e8vcs8._.js:776
[  459031ms] [LOG] [Fast Refresh] done in 29ms @ http://localhost:3010/_next/static/chunks/node_modules_next_dist_1e8vcs8._.js:776
[  459081ms] [LOG] [Fast Refresh] done in 29ms @ http://localhost:3010/_next/static/chunks/node_modules_next_dist_1e8vcs8._.js:776
[  459131ms] [LOG] [Fast Refresh] done in 29ms @ http://localhost:3010/_next/static/chunks/node_modules_next_dist_1e8vcs8._.js:776
[  459177ms] [LOG] [Fast Refresh] done in 29ms @ http://localhost:3010/_next/static/chunks/node_modules_next_dist_1e8vcs8._.js:776
[  459221ms] [LOG] [Fast Refresh] done in 29ms @ http://localhost:3010/_next/static/chunks/node_modules_next_dist_1e8vcs8._.js:776
[  459271ms] [LOG] [Fast Refresh] done in 29ms @ http://localhost:3010/_next/static/chunks/node_modules_next_dist_1e8vcs8._.js:776
[  459326ms] [LOG] [Fast Refresh] done in 29ms @ http://localhost:3010/_next/static/chunks/node_modules_next_dist_1e8vcs8._.js:776
[  459367ms] [LOG] [Fast Refresh] done in 29ms @ http://localhost:3010/_next/static/chunks/node_modules_next_dist_1e8vcs8._.js:776
[  459407ms] [LOG] [Fast Refresh] done in 29ms @ http://localhost:3010/_next/static/chunks/node_modules_next_dist_1e8vcs8._.js:776
[  459451ms] [LOG] [Fast Refresh] done in 29ms @ http://localhost:3010/_next/static/chunks/node_modules_next_dist_1e8vcs8._.js:776
[  459501ms] [LOG] [Fast Refresh] done in 29ms @ http://localhost:3010/_next/static/chunks/node_modules_next_dist_1e8vcs8._.js:776
[  459551ms] [LOG] [Fast Refresh] done in 29ms @ http://localhost:3010/_next/static/chunks/node_modules_next_dist_1e8vcs8._.js:776
[  459601ms] [LOG] [Fast Refresh] done in 29ms @ http://localhost:3010/_next/static/chunks/node_modules_next_dist_1e8vcs8._.js:776
[  459646ms] [LOG] [Fast Refresh] done in 29ms @ http://localhost:3010/_next/static/chunks/node_modules_next_dist_1e8vcs8._.js:776
[  459701ms] [LOG] [Fast Refresh] done in 29ms @ http://localhost:3010/_next/static/chunks/node_modules_next_dist_1e8vcs8._.js:776
[  459751ms] [LOG] [Fast Refresh] done in 29ms @ http://localhost:3010/_next/static/chunks/node_modules_next_dist_1e8vcs8._.js:776
[  459801ms] [LOG] [Fast Refresh] done in 29ms @ http://localhost:3010/_next/static/chunks/node_modules_next_dist_1e8vcs8._.js:776
[  459851ms] [LOG] [Fast Refresh] done in 29ms @ http://localhost:3010/_next/static/chunks/node_modules_next_dist_1e8vcs8._.js:776
[  459901ms] [LOG] [Fast Refresh] done in 29ms @ http://localhost:3010/_next/static/chunks/node_modules_next_dist_1e8vcs8._.js:776
[  459951ms] [LOG] [Fast Refresh] done in 29ms @ http://localhost:3010/_next/static/chunks/node_modules_next_dist_1e8vcs8._.js:776
[  460001ms] [LOG] [Fast Refresh] done in 29ms @ http://localhost:3010/_next/static/chunks/node_modules_next_dist_1e8vcs8._.js:776
[  460047ms] [LOG] [Fast Refresh] done in 29ms @ http://localhost:3010/_next/static/chunks/node_modules_next_dist_1e8vcs8._.js:776
[  460101ms] [LOG] [Fast Refresh] done in 29ms @ http://localhost:3010/_next/static/chunks/node_modules_next_dist_1e8vcs8._.js:776
[  460151ms] [LOG] [Fast Refresh] done in 29ms @ http://localhost:3010/_next/static/chunks/node_modules_next_dist_1e8vcs8._.js:776
[  460201ms] [LOG] [Fast Refresh] done in 29ms @ http://localhost:3010/_next/static/chunks/node_modules_next_dist_1e8vcs8._.js:776
[  460247ms] [LOG] [Fast Refresh] done in 29ms @ http://localhost:3010/_next/static/chunks/node_modules_next_dist_1e8vcs8._.js:776
[  460301ms] [LOG] [Fast Refresh] done in 29ms @ http://localhost:3010/_next/static/chunks/node_modules_next_dist_1e8vcs8._.js:776
[  460351ms] [LOG] [Fast Refresh] done in 29ms @ http://localhost:3010/_next/static/chunks/node_modules_next_dist_1e8vcs8._.js:776
[  460407ms] [LOG] [Fast Refresh] done in 29ms @ http://localhost:3010/_next/static/chunks/node_modules_next_dist_1e8vcs8._.js:776
[  460457ms] [LOG] [Fast Refresh] done in 29ms @ http://localhost:3010/_next/static/chunks/node_modules_next_dist_1e8vcs8._.js:776
[  460496ms] [LOG] [Fast Refresh] done in 29ms @ http://localhost:3010/_next/static/chunks/node_modules_next_dist_1e8vcs8._.js:776
[  460541ms] [LOG] [Fast Refresh] done in 29ms @ http://localhost:3010/_next/static/chunks/node_modules_next_dist_1e8vcs8._.js:776
[  460591ms] [LOG] [Fast Refresh] done in 29ms @ http://localhost:3010/_next/static/chunks/node_modules_next_dist_1e8vcs8._.js:776
[  460641ms] [LOG] [Fast Refresh] done in 29ms @ http://localhost:3010/_next/static/chunks/node_modules_next_dist_1e8vcs8._.js:776
[  460691ms] [LOG] [Fast Refresh] done in 29ms @ http://localhost:3010/_next/static/chunks/node_modules_next_dist_1e8vcs8._.js:776
[  460741ms] [LOG] [Fast Refresh] done in 29ms @ http://localhost:3010/_next/static/chunks/node_modules_next_dist_1e8vcs8._.js:776
[  460791ms] [LOG] [Fast Refresh] done in 29ms @ http://localhost:3010/_next/static/chunks/node_modules_next_dist_1e8vcs8._.js:776
[  460847ms] [LOG] [Fast Refresh] done in 29ms @ http://localhost:3010/_next/static/chunks/node_modules_next_dist_1e8vcs8._.js:776
[  460901ms] [LOG] [Fast Refresh] done in 29ms @ http://localhost:3010/_next/static/chunks/node_modules_next_dist_1e8vcs8._.js:776
[  460951ms] [LOG] [Fast Refresh] done in 29ms @ http://localhost:3010/_next/static/chunks/node_modules_next_dist_1e8vcs8._.js:776
[  461009ms] [LOG] [Fast Refresh] done in 29ms @ http://localhost:3010/_next/static/chunks/node_modules_next_dist_1e8vcs8._.js:776
[  461057ms] [LOG] [Fast Refresh] done in 29ms @ http://localhost:3010/_next/static/chunks/node_modules_next_dist_1e8vcs8._.js:776
[  461118ms] [LOG] [Fast Refresh] done in 29ms @ http://localhost:3010/_next/static/chunks/node_modules_next_dist_1e8vcs8._.js:776
[  461182ms] [LOG] [Fast Refresh] done in 29ms @ http://localhost:3010/_next/static/chunks/node_modules_next_dist_1e8vcs8._.js:776
[  461245ms] [LOG] [Fast Refresh] done in 29ms @ http://localhost:3010/_next/static/chunks/node_modules_next_dist_1e8vcs8._.js:776
[  461293ms] [LOG] [Fast Refresh] done in 29ms @ http://localhost:3010/_next/static/chunks/node_modules_next_dist_1e8vcs8._.js:776
[  461357ms] [LOG] [Fast Refresh] done in 29ms @ http://localhost:3010/_next/static/chunks/node_modules_next_dist_1e8vcs8._.js:776
[  461420ms] [LOG] [Fast Refresh] done in 29ms @ http://localhost:3010/_next/static/chunks/node_modules_next_dist_1e8vcs8._.js:776
[  461483ms] [LOG] [Fast Refresh] done in 29ms @ http://localhost:3010/_next/static/chunks/node_modules_next_dist_1e8vcs8._.js:776
[  461546ms] [LOG] [Fast Refresh] done in 29ms @ http://localhost:3010/_next/static/chunks/node_modules_next_dist_1e8vcs8._.js:776
[  461609ms] [LOG] [Fast Refresh] done in 29ms @ http://localhost:3010/_next/static/chunks/node_modules_next_dist_1e8vcs8._.js:776
[  461672ms] [LOG] [Fast Refresh] done in 29ms @ http://localhost:3010/_next/static/chunks/node_modules_next_dist_1e8vcs8._.js:776
[  461734ms] [LOG] [Fast Refresh] done in 29ms @ http://localhost:3010/_next/static/chunks/node_modules_next_dist_1e8vcs8._.js:776
[  461797ms] [LOG] [Fast Refresh] done in 29ms @ http://localhost:3010/_next/static/chunks/node_modules_next_dist_1e8vcs8._.js:776
[  461861ms] [LOG] [Fast Refresh] done in 29ms @ http://localhost:3010/_next/static/chunks/node_modules_next_dist_1e8vcs8._.js:776
[  461925ms] [LOG] [Fast Refresh] done in 29ms @ http://localhost:3010/_next/static/chunks/node_modules_next_dist_1e8vcs8._.js:776
[  461973ms] [LOG] [Fast Refresh] done in 29ms @ http://localhost:3010/_next/static/chunks/node_modules_next_dist_1e8vcs8._.js:776
[  462036ms] [LOG] [Fast Refresh] done in 29ms @ http://localhost:3010/_next/static/chunks/node_modules_next_dist_1e8vcs8._.js:776
[  462100ms] [LOG] [Fast Refresh] done in 29ms @ http://localhost:3010/_next/static/chunks/node_modules_next_dist_1e8vcs8._.js:776
[  462162ms] [LOG] [Fast Refresh] done in 29ms @ http://localhost:3010/_next/static/chunks/node_modules_next_dist_1e8vcs8._.js:776
[  462210ms] [LOG] [Fast Refresh] done in 29ms @ http://localhost:3010/_next/static/chunks/node_modules_next_dist_1e8vcs8._.js:776
[  462272ms] [LOG] [Fast Refresh] done in 29ms @ http://localhost:3010/_next/static/chunks/node_modules_next_dist_1e8vcs8._.js:776
[  462320ms] [LOG] [Fast Refresh] done in 29ms @ http://localhost:3010/_next/static/chunks/node_modules_next_dist_1e8vcs8._.js:776
[  462382ms] [LOG] [Fast Refresh] done in 29ms @ http://localhost:3010/_next/static/chunks/node_modules_next_dist_1e8vcs8._.js:776
[  462445ms] [LOG] [Fast Refresh] done in 29ms @ http://localhost:3010/_next/static/chunks/node_modules_next_dist_1e8vcs8._.js:776
[  462493ms] [LOG] [Fast Refresh] done in 29ms @ http://localhost:3010/_next/static/chunks/node_modules_next_dist_1e8vcs8._.js:776
[  462556ms] [LOG] [Fast Refresh] done in 29ms @ http://localhost:3010/_next/static/chunks/node_modules_next_dist_1e8vcs8._.js:776
[  462618ms] [LOG] [Fast Refresh] done in 29ms @ http://localhost:3010/_next/static/chunks/node_modules_next_dist_1e8vcs8._.js:776
[  462666ms] [LOG] [Fast Refresh] done in 29ms @ http://localhost:3010/_next/static/chunks/node_modules_next_dist_1e8vcs8._.js:776
[  462714ms] [LOG] [Fast Refresh] done in 29ms @ http://localhost:3010/_next/static/chunks/node_modules_next_dist_1e8vcs8._.js:776
[  462777ms] [LOG] [Fast Refresh] done in 29ms @ http://localhost:3010/_next/static/chunks/node_modules_next_dist_1e8vcs8._.js:776
[  462842ms] [LOG] [Fast Refresh] done in 29ms @ http://localhost:3010/_next/static/chunks/node_modules_next_dist_1e8vcs8._.js:776
[  462906ms] [LOG] [Fast Refresh] done in 29ms @ http://localhost:3010/_next/static/chunks/node_modules_next_dist_1e8vcs8._.js:776
[  462967ms] [LOG] [Fast Refresh] done in 29ms @ http://localhost:3010/_next/static/chunks/node_modules_next_dist_1e8vcs8._.js:776
[  463011ms] [LOG] [Fast Refresh] done in 29ms @ http://localhost:3010/_next/static/chunks/node_modules_next_dist_1e8vcs8._.js:776
[  463067ms] [LOG] [Fast Refresh] done in 29ms @ http://localhost:3010/_next/static/chunks/node_modules_next_dist_1e8vcs8._.js:776
[  463112ms] [LOG] [Fast Refresh] done in 29ms @ http://localhost:3010/_next/static/chunks/node_modules_next_dist_1e8vcs8._.js:776
[  463161ms] [LOG] [Fast Refresh] done in 29ms @ http://localhost:3010/_next/static/chunks/node_modules_next_dist_1e8vcs8._.js:776
[  463211ms] [LOG] [Fast Refresh] done in 29ms @ http://localhost:3010/_next/static/chunks/node_modules_next_dist_1e8vcs8._.js:776
[  463267ms] [LOG] [Fast Refresh] done in 29ms @ http://localhost:3010/_next/static/chunks/node_modules_next_dist_1e8vcs8._.js:776
[  463307ms] [LOG] [Fast Refresh] done in 29ms @ http://localhost:3010/_next/static/chunks/node_modules_next_dist_1e8vcs8._.js:776
[  463351ms] [LOG] [Fast Refresh] done in 29ms @ http://localhost:3010/_next/static/chunks/node_modules_next_dist_1e8vcs8._.js:776
[  463401ms] [LOG] [Fast Refresh] done in 29ms @ http://localhost:3010/_next/static/chunks/node_modules_next_dist_1e8vcs8._.js:776
[  463451ms] [LOG] [Fast Refresh] done in 29ms @ http://localhost:3010/_next/static/chunks/node_modules_next_dist_1e8vcs8._.js:776
[  463496ms] [LOG] [Fast Refresh] done in 29ms @ http://localhost:3010/_next/static/chunks/node_modules_next_dist_1e8vcs8._.js:776
[  463541ms] [LOG] [Fast Refresh] done in 29ms @ http://localhost:3010/_next/static/chunks/node_modules_next_dist_1e8vcs8._.js:776
[  463591ms] [LOG] [Fast Refresh] done in 29ms @ http://localhost:3010/_next/static/chunks/node_modules_next_dist_1e8vcs8._.js:776
[  463642ms] [LOG] [Fast Refresh] done in 29ms @ http://localhost:3010/_next/static/chunks/node_modules_next_dist_1e8vcs8._.js:776
[  463691ms] [LOG] [Fast Refresh] done in 29ms @ http://localhost:3010/_next/static/chunks/node_modules_next_dist_1e8vcs8._.js:776
[  463741ms] [LOG] [Fast Refresh] done in 29ms @ http://localhost:3010/_next/static/chunks/node_modules_next_dist_1e8vcs8._.js:776
[  463791ms] [LOG] [Fast Refresh] done in 29ms @ http://localhost:3010/_next/static/chunks/node_modules_next_dist_1e8vcs8._.js:776
[  463842ms] [LOG] [Fast Refresh] done in 29ms @ http://localhost:3010/_next/static/chunks/node_modules_next_dist_1e8vcs8._.js:776
[  463897ms] [LOG] [Fast Refresh] done in 29ms @ http://localhost:3010/_next/static/chunks/node_modules_next_dist_1e8vcs8._.js:776
[  463941ms] [LOG] [Fast Refresh] done in 29ms @ http://localhost:3010/_next/static/chunks/node_modules_next_dist_1e8vcs8._.js:776
[  463991ms] [LOG] [Fast Refresh] done in 29ms @ http://localhost:3010/_next/static/chunks/node_modules_next_dist_1e8vcs8._.js:776
[  464041ms] [LOG] [Fast Refresh] done in 29ms @ http://localhost:3010/_next/static/chunks/node_modules_next_dist_1e8vcs8._.js:776
[  464097ms] [LOG] [Fast Refresh] done in 29ms @ http://localhost:3010/_next/static/chunks/node_modules_next_dist_1e8vcs8._.js:776
[  464141ms] [LOG] [Fast Refresh] done in 29ms @ http://localhost:3010/_next/static/chunks/node_modules_next_dist_1e8vcs8._.js:776
[  464191ms] [LOG] [Fast Refresh] done in 29ms @ http://localhost:3010/_next/static/chunks/node_modules_next_dist_1e8vcs8._.js:776
[  464241ms] [LOG] [Fast Refresh] done in 29ms @ http://localhost:3010/_next/static/chunks/node_modules_next_dist_1e8vcs8._.js:776
[  464291ms] [LOG] [Fast Refresh] done in 29ms @ http://localhost:3010/_next/static/chunks/node_modules_next_dist_1e8vcs8._.js:776
[  464337ms] [LOG] [Fast Refresh] done in 29ms @ http://localhost:3010/_next/static/chunks/node_modules_next_dist_1e8vcs8._.js:776
[  464391ms] [LOG] [Fast Refresh] done in 29ms @ http://localhost:3010/_next/static/chunks/node_modules_next_dist_1e8vcs8._.js:776
[  464442ms] [LOG] [Fast Refresh] done in 29ms @ http://localhost:3010/_next/static/chunks/node_modules_next_dist_1e8vcs8._.js:776
[  464496ms] [LOG] [Fast Refresh] done in 29ms @ http://localhost:3010/_next/static/chunks/node_modules_next_dist_1e8vcs8._.js:776
[  464537ms] [LOG] [Fast Refresh] done in 29ms @ http://localhost:3010/_next/static/chunks/node_modules_next_dist_1e8vcs8._.js:776
[  464591ms] [LOG] [Fast Refresh] done in 29ms @ http://localhost:3010/_next/static/chunks/node_modules_next_dist_1e8vcs8._.js:776
[  464642ms] [LOG] [Fast Refresh] done in 29ms @ http://localhost:3010/_next/static/chunks/node_modules_next_dist_1e8vcs8._.js:776
[  464691ms] [LOG] [Fast Refresh] done in 29ms @ http://localhost:3010/_next/static/chunks/node_modules_next_dist_1e8vcs8._.js:776
[  464737ms] [LOG] [Fast Refresh] done in 29ms @ http://localhost:3010/_next/static/chunks/node_modules_next_dist_1e8vcs8._.js:776
[  464791ms] [LOG] [Fast Refresh] done in 29ms @ http://localhost:3010/_next/static/chunks/node_modules_next_dist_1e8vcs8._.js:776
[  464841ms] [LOG] [Fast Refresh] done in 29ms @ http://localhost:3010/_next/static/chunks/node_modules_next_dist_1e8vcs8._.js:776
[  464892ms] [LOG] [Fast Refresh] done in 29ms @ http://localhost:3010/_next/static/chunks/node_modules_next_dist_1e8vcs8._.js:776
[  464941ms] [LOG] [Fast Refresh] done in 29ms @ http://localhost:3010/_next/static/chunks/node_modules_next_dist_1e8vcs8._.js:776
[  464999ms] [LOG] [Fast Refresh] done in 29ms @ http://localhost:3010/_next/static/chunks/node_modules_next_dist_1e8vcs8._.js:776
[  465061ms] [LOG] [Fast Refresh] done in 29ms @ http://localhost:3010/_next/static/chunks/node_modules_next_dist_1e8vcs8._.js:776
[  465109ms] [LOG] [Fast Refresh] done in 29ms @ http://localhost:3010/_next/static/chunks/node_modules_next_dist_1e8vcs8._.js:776
[  465157ms] [LOG] [Fast Refresh] done in 29ms @ http://localhost:3010/_next/static/chunks/node_modules_next_dist_1e8vcs8._.js:776
[  465204ms] [LOG] [Fast Refresh] done in 29ms @ http://localhost:3010/_next/static/chunks/node_modules_next_dist_1e8vcs8._.js:776
[  465267ms] [LOG] [Fast Refresh] done in 29ms @ http://localhost:3010/_next/static/chunks/node_modules_next_dist_1e8vcs8._.js:776
[  465329ms] [LOG] [Fast Refresh] done in 29ms @ http://localhost:3010/_next/static/chunks/node_modules_next_dist_1e8vcs8._.js:776
[  465393ms] [LOG] [Fast Refresh] done in 29ms @ http://localhost:3010/_next/static/chunks/node_modules_next_dist_1e8vcs8._.js:776
[  465457ms] [LOG] [Fast Refresh] done in 29ms @ http://localhost:3010/_next/static/chunks/node_modules_next_dist_1e8vcs8._.js:776
[  465520ms] [LOG] [Fast Refresh] done in 29ms @ http://localhost:3010/_next/static/chunks/node_modules_next_dist_1e8vcs8._.js:776
[  465583ms] [LOG] [Fast Refresh] done in 29ms @ http://localhost:3010/_next/static/chunks/node_modules_next_dist_1e8vcs8._.js:776
[  465646ms] [LOG] [Fast Refresh] done in 29ms @ http://localhost:3010/_next/static/chunks/node_modules_next_dist_1e8vcs8._.js:776
[  465694ms] [LOG] [Fast Refresh] done in 29ms @ http://localhost:3010/_next/static/chunks/node_modules_next_dist_1e8vcs8._.js:776
[  465755ms] [LOG] [Fast Refresh] done in 29ms @ http://localhost:3010/_next/static/chunks/node_modules_next_dist_1e8vcs8._.js:776
[  465818ms] [LOG] [Fast Refresh] done in 29ms @ http://localhost:3010/_next/static/chunks/node_modules_next_dist_1e8vcs8._.js:776
[  465882ms] [LOG] [Fast Refresh] done in 29ms @ http://localhost:3010/_next/static/chunks/node_modules_next_dist_1e8vcs8._.js:776
[  465946ms] [LOG] [Fast Refresh] done in 29ms @ http://localhost:3010/_next/static/chunks/node_modules_next_dist_1e8vcs8._.js:776
[  466010ms] [LOG] [Fast Refresh] done in 29ms @ http://localhost:3010/_next/static/chunks/node_modules_next_dist_1e8vcs8._.js:776
[  466073ms] [LOG] [Fast Refresh] done in 29ms @ http://localhost:3010/_next/static/chunks/node_modules_next_dist_1e8vcs8._.js:776
[  466121ms] [LOG] [Fast Refresh] done in 29ms @ http://localhost:3010/_next/static/chunks/node_modules_next_dist_1e8vcs8._.js:776
[  466169ms] [LOG] [Fast Refresh] done in 29ms @ http://localhost:3010/_next/static/chunks/node_modules_next_dist_1e8vcs8._.js:776
[  466217ms] [LOG] [Fast Refresh] done in 29ms @ http://localhost:3010/_next/static/chunks/node_modules_next_dist_1e8vcs8._.js:776
[  466265ms] [LOG] [Fast Refresh] done in 29ms @ http://localhost:3010/_next/static/chunks/node_modules_next_dist_1e8vcs8._.js:776
[  466329ms] [LOG] [Fast Refresh] done in 29ms @ http://localhost:3010/_next/static/chunks/node_modules_next_dist_1e8vcs8._.js:776
[  466393ms] [LOG] [Fast Refresh] done in 29ms @ http://localhost:3010/_next/static/chunks/node_modules_next_dist_1e8vcs8._.js:776
[  466440ms] [LOG] [Fast Refresh] done in 29ms @ http://localhost:3010/_next/static/chunks/node_modules_next_dist_1e8vcs8._.js:776
[  466502ms] [LOG] [Fast Refresh] done in 29ms @ http://localhost:3010/_next/static/chunks/node_modules_next_dist_1e8vcs8._.js:776
[  466564ms] [LOG] [Fast Refresh] done in 29ms @ http://localhost:3010/_next/static/chunks/node_modules_next_dist_1e8vcs8._.js:776
[  466612ms] [LOG] [Fast Refresh] done in 29ms @ http://localhost:3010/_next/static/chunks/node_modules_next_dist_1e8vcs8._.js:776
[  466675ms] [LOG] [Fast Refresh] done in 29ms @ http://localhost:3010/_next/static/chunks/node_modules_next_dist_1e8vcs8._.js:776
[  466739ms] [LOG] [Fast Refresh] done in 29ms @ http://localhost:3010/_next/static/chunks/node_modules_next_dist_1e8vcs8._.js:776
[  466788ms] [LOG] [Fast Refresh] done in 29ms @ http://localhost:3010/_next/static/chunks/node_modules_next_dist_1e8vcs8._.js:776
[  466850ms] [LOG] [Fast Refresh] done in 29ms @ http://localhost:3010/_next/static/chunks/node_modules_next_dist_1e8vcs8._.js:776
[  466911ms] [LOG] [Fast Refresh] done in 29ms @ http://localhost:3010/_next/static/chunks/node_modules_next_dist_1e8vcs8._.js:776
[  466967ms] [LOG] [Fast Refresh] done in 29ms @ http://localhost:3010/_next/static/chunks/node_modules_next_dist_1e8vcs8._.js:776
[  467012ms] [LOG] [Fast Refresh] done in 29ms @ http://localhost:3010/_next/static/chunks/node_modules_next_dist_1e8vcs8._.js:776
[  467061ms] [LOG] [Fast Refresh] done in 29ms @ http://localhost:3010/_next/static/chunks/node_modules_next_dist_1e8vcs8._.js:776
[  467111ms] [LOG] [Fast Refresh] done in 29ms @ http://localhost:3010/_next/static/chunks/node_modules_next_dist_1e8vcs8._.js:776
[  467167ms] [LOG] [Fast Refresh] done in 29ms @ http://localhost:3010/_next/static/chunks/node_modules_next_dist_1e8vcs8._.js:776
[  467222ms] [LOG] [Fast Refresh] done in 29ms @ http://localhost:3010/_next/static/chunks/node_modules_next_dist_1e8vcs8._.js:776
[  467271ms] [LOG] [Fast Refresh] done in 29ms @ http://localhost:3010/_next/static/chunks/node_modules_next_dist_1e8vcs8._.js:776
[  467322ms] [LOG] [Fast Refresh] done in 29ms @ http://localhost:3010/_next/static/chunks/node_modules_next_dist_1e8vcs8._.js:776
[  467372ms] [LOG] [Fast Refresh] done in 29ms @ http://localhost:3010/_next/static/chunks/node_modules_next_dist_1e8vcs8._.js:776
[  467421ms] [LOG] [Fast Refresh] done in 29ms @ http://localhost:3010/_next/static/chunks/node_modules_next_dist_1e8vcs8._.js:776
[  467471ms] [LOG] [Fast Refresh] done in 29ms @ http://localhost:3010/_next/static/chunks/node_modules_next_dist_1e8vcs8._.js:776
[  467527ms] [LOG] [Fast Refresh] done in 29ms @ http://localhost:3010/_next/static/chunks/node_modules_next_dist_1e8vcs8._.js:776
[  467572ms] [LOG] [Fast Refresh] done in 29ms @ http://localhost:3010/_next/static/chunks/node_modules_next_dist_1e8vcs8._.js:776
[  467621ms] [LOG] [Fast Refresh] done in 29ms @ http://localhost:3010/_next/static/chunks/node_modules_next_dist_1e8vcs8._.js:776
[  467671ms] [LOG] [Fast Refresh] done in 29ms @ http://localhost:3010/_next/static/chunks/node_modules_next_dist_1e8vcs8._.js:776
[  467727ms] [LOG] [Fast Refresh] done in 29ms @ http://localhost:3010/_next/static/chunks/node_modules_next_dist_1e8vcs8._.js:776
[  467767ms] [LOG] [Fast Refresh] done in 29ms @ http://localhost:3010/_next/static/chunks/node_modules_next_dist_1e8vcs8._.js:776
[  467811ms] [LOG] [Fast Refresh] done in 29ms @ http://localhost:3010/_next/static/chunks/node_modules_next_dist_1e8vcs8._.js:776
[  467861ms] [LOG] [Fast Refresh] done in 29ms @ http://localhost:3010/_next/static/chunks/node_modules_next_dist_1e8vcs8._.js:776
[  467911ms] [LOG] [Fast Refresh] done in 29ms @ http://localhost:3010/_next/static/chunks/node_modules_next_dist_1e8vcs8._.js:776
[  467957ms] [LOG] [Fast Refresh] done in 29ms @ http://localhost:3010/_next/static/chunks/node_modules_next_dist_1e8vcs8._.js:776
[  468007ms] [LOG] [Fast Refresh] done in 29ms @ http://localhost:3010/_next/static/chunks/node_modules_next_dist_1e8vcs8._.js:776
[  468047ms] [LOG] [Fast Refresh] done in 29ms @ http://localhost:3010/_next/static/chunks/node_modules_next_dist_1e8vcs8._.js:776
[  468101ms] [LOG] [Fast Refresh] done in 29ms @ http://localhost:3010/_next/static/chunks/node_modules_next_dist_1e8vcs8._.js:776
[  468152ms] [LOG] [Fast Refresh] done in 29ms @ http://localhost:3010/_next/static/chunks/node_modules_next_dist_1e8vcs8._.js:776
[  468202ms] [LOG] [Fast Refresh] done in 29ms @ http://localhost:3010/_next/static/chunks/node_modules_next_dist_1e8vcs8._.js:776
[  468247ms] [LOG] [Fast Refresh] done in 29ms @ http://localhost:3010/_next/static/chunks/node_modules_next_dist_1e8vcs8._.js:776
[  468301ms] [LOG] [Fast Refresh] done in 29ms @ http://localhost:3010/_next/static/chunks/node_modules_next_dist_1e8vcs8._.js:776
[  468351ms] [LOG] [Fast Refresh] done in 29ms @ http://localhost:3010/_next/static/chunks/node_modules_next_dist_1e8vcs8._.js:776
[  468407ms] [LOG] [Fast Refresh] done in 29ms @ http://localhost:3010/_next/static/chunks/node_modules_next_dist_1e8vcs8._.js:776
[  468457ms] [LOG] [Fast Refresh] done in 29ms @ http://localhost:3010/_next/static/chunks/node_modules_next_dist_1e8vcs8._.js:776
[  468501ms] [LOG] [Fast Refresh] done in 29ms @ http://localhost:3010/_next/static/chunks/node_modules_next_dist_1e8vcs8._.js:776
[  468551ms] [LOG] [Fast Refresh] done in 29ms @ http://localhost:3010/_next/static/chunks/node_modules_next_dist_1e8vcs8._.js:776
[  468601ms] [LOG] [Fast Refresh] done in 29ms @ http://localhost:3010/_next/static/chunks/node_modules_next_dist_1e8vcs8._.js:776
[  468647ms] [LOG] [Fast Refresh] done in 29ms @ http://localhost:3010/_next/static/chunks/node_modules_next_dist_1e8vcs8._.js:776
[  468701ms] [LOG] [Fast Refresh] done in 29ms @ http://localhost:3010/_next/static/chunks/node_modules_next_dist_1e8vcs8._.js:776
[  468751ms] [LOG] [Fast Refresh] done in 29ms @ http://localhost:3010/_next/static/chunks/node_modules_next_dist_1e8vcs8._.js:776
[  468807ms] [LOG] [Fast Refresh] done in 29ms @ http://localhost:3010/_next/static/chunks/node_modules_next_dist_1e8vcs8._.js:776
[  468861ms] [LOG] [Fast Refresh] done in 29ms @ http://localhost:3010/_next/static/chunks/node_modules_next_dist_1e8vcs8._.js:776
[  468911ms] [LOG] [Fast Refresh] done in 29ms @ http://localhost:3010/_next/static/chunks/node_modules_next_dist_1e8vcs8._.js:776
[  468968ms] [LOG] [Fast Refresh] done in 29ms @ http://localhost:3010/_next/static/chunks/node_modules_next_dist_1e8vcs8._.js:776
[  469031ms] [LOG] [Fast Refresh] done in 29ms @ http://localhost:3010/_next/static/chunks/node_modules_next_dist_1e8vcs8._.js:776
[  469094ms] [LOG] [Fast Refresh] done in 29ms @ http://localhost:3010/_next/static/chunks/node_modules_next_dist_1e8vcs8._.js:776
[  469142ms] [LOG] [Fast Refresh] done in 29ms @ http://localhost:3010/_next/static/chunks/node_modules_next_dist_1e8vcs8._.js:776
[  469205ms] [LOG] [Fast Refresh] done in 29ms @ http://localhost:3010/_next/static/chunks/node_modules_next_dist_1e8vcs8._.js:776
[  469268ms] [LOG] [Fast Refresh] done in 29ms @ http://localhost:3010/_next/static/chunks/node_modules_next_dist_1e8vcs8._.js:776
[  469332ms] [LOG] [Fast Refresh] done in 29ms @ http://localhost:3010/_next/static/chunks/node_modules_next_dist_1e8vcs8._.js:776
[  469380ms] [LOG] [Fast Refresh] done in 29ms @ http://localhost:3010/_next/static/chunks/node_modules_next_dist_1e8vcs8._.js:776
[  469444ms] [LOG] [Fast Refresh] done in 29ms @ http://localhost:3010/_next/static/chunks/node_modules_next_dist_1e8vcs8._.js:776
[  469492ms] [LOG] [Fast Refresh] done in 29ms @ http://localhost:3010/_next/static/chunks/node_modules_next_dist_1e8vcs8._.js:776
[  469555ms] [LOG] [Fast Refresh] done in 29ms @ http://localhost:3010/_next/static/chunks/node_modules_next_dist_1e8vcs8._.js:776
[  469617ms] [LOG] [Fast Refresh] done in 29ms @ http://localhost:3010/_next/static/chunks/node_modules_next_dist_1e8vcs8._.js:776
[  469680ms] [LOG] [Fast Refresh] done in 29ms @ http://localhost:3010/_next/static/chunks/node_modules_next_dist_1e8vcs8._.js:776
[  469743ms] [LOG] [Fast Refresh] done in 29ms @ http://localhost:3010/_next/static/chunks/node_modules_next_dist_1e8vcs8._.js:776
[  469806ms] [LOG] [Fast Refresh] done in 29ms @ http://localhost:3010/_next/static/chunks/node_modules_next_dist_1e8vcs8._.js:776
[  469868ms] [LOG] [Fast Refresh] done in 29ms @ http://localhost:3010/_next/static/chunks/node_modules_next_dist_1e8vcs8._.js:776
[  469932ms] [LOG] [Fast Refresh] done in 29ms @ http://localhost:3010/_next/static/chunks/node_modules_next_dist_1e8vcs8._.js:776
[  469994ms] [LOG] [Fast Refresh] done in 29ms @ http://localhost:3010/_next/static/chunks/node_modules_next_dist_1e8vcs8._.js:776
[  470042ms] [LOG] [Fast Refresh] done in 29ms @ http://localhost:3010/_next/static/chunks/node_modules_next_dist_1e8vcs8._.js:776
[  470106ms] [LOG] [Fast Refresh] done in 29ms @ http://localhost:3010/_next/static/chunks/node_modules_next_dist_1e8vcs8._.js:776
[  470154ms] [LOG] [Fast Refresh] done in 29ms @ http://localhost:3010/_next/static/chunks/node_modules_next_dist_1e8vcs8._.js:776
[  470202ms] [LOG] [Fast Refresh] done in 29ms @ http://localhost:3010/_next/static/chunks/node_modules_next_dist_1e8vcs8._.js:776
[  470265ms] [LOG] [Fast Refresh] done in 29ms @ http://localhost:3010/_next/static/chunks/node_modules_next_dist_1e8vcs8._.js:776
[  470328ms] [LOG] [Fast Refresh] done in 29ms @ http://localhost:3010/_next/static/chunks/node_modules_next_dist_1e8vcs8._.js:776
[  470391ms] [LOG] [Fast Refresh] done in 29ms @ http://localhost:3010/_next/static/chunks/node_modules_next_dist_1e8vcs8._.js:776
[  470455ms] [LOG] [Fast Refresh] done in 29ms @ http://localhost:3010/_next/static/chunks/node_modules_next_dist_1e8vcs8._.js:776
[  470517ms] [LOG] [Fast Refresh] done in 29ms @ http://localhost:3010/_next/static/chunks/node_modules_next_dist_1e8vcs8._.js:776
[  470580ms] [LOG] [Fast Refresh] done in 29ms @ http://localhost:3010/_next/static/chunks/node_modules_next_dist_1e8vcs8._.js:776
[  470644ms] [LOG] [Fast Refresh] done in 29ms @ http://localhost:3010/_next/static/chunks/node_modules_next_dist_1e8vcs8._.js:776
[  470707ms] [LOG] [Fast Refresh] done in 29ms @ http://localhost:3010/_next/static/chunks/node_modules_next_dist_1e8vcs8._.js:776
[  470768ms] [LOG] [Fast Refresh] done in 29ms @ http://localhost:3010/_next/static/chunks/node_modules_next_dist_1e8vcs8._.js:776
[  470831ms] [LOG] [Fast Refresh] done in 29ms @ http://localhost:3010/_next/static/chunks/node_modules_next_dist_1e8vcs8._.js:776
[  470894ms] [LOG] [Fast Refresh] done in 29ms @ http://localhost:3010/_next/static/chunks/node_modules_next_dist_1e8vcs8._.js:776
[  470942ms] [LOG] [Fast Refresh] done in 29ms @ http://localhost:3010/_next/static/chunks/node_modules_next_dist_1e8vcs8._.js:776
[  471005ms] [LOG] [Fast Refresh] done in 29ms @ http://localhost:3010/_next/static/chunks/node_modules_next_dist_1e8vcs8._.js:776
[  471068ms] [LOG] [Fast Refresh] done in 29ms @ http://localhost:3010/_next/static/chunks/node_modules_next_dist_1e8vcs8._.js:776
[  471131ms] [LOG] [Fast Refresh] done in 29ms @ http://localhost:3010/_next/static/chunks/node_modules_next_dist_1e8vcs8._.js:776
[  471193ms] [LOG] [Fast Refresh] done in 29ms @ http://localhost:3010/_next/static/chunks/node_modules_next_dist_1e8vcs8._.js:776
[  471242ms] [LOG] [Fast Refresh] done in 29ms @ http://localhost:3010/_next/static/chunks/node_modules_next_dist_1e8vcs8._.js:776
[  471305ms] [LOG] [Fast Refresh] done in 29ms @ http://localhost:3010/_next/static/chunks/node_modules_next_dist_1e8vcs8._.js:776
[  471368ms] [LOG] [Fast Refresh] done in 29ms @ http://localhost:3010/_next/static/chunks/node_modules_next_dist_1e8vcs8._.js:776
[  471431ms] [LOG] [Fast Refresh] done in 29ms @ http://localhost:3010/_next/static/chunks/node_modules_next_dist_1e8vcs8._.js:776
[  471479ms] [LOG] [Fast Refresh] done in 29ms @ http://localhost:3010/_next/static/chunks/node_modules_next_dist_1e8vcs8._.js:776
[  471542ms] [LOG] [Fast Refresh] done in 29ms @ http://localhost:3010/_next/static/chunks/node_modules_next_dist_1e8vcs8._.js:776
[  471605ms] [LOG] [Fast Refresh] done in 29ms @ http://localhost:3010/_next/static/chunks/node_modules_next_dist_1e8vcs8._.js:776
[  471668ms] [LOG] [Fast Refresh] done in 29ms @ http://localhost:3010/_next/static/chunks/node_modules_next_dist_1e8vcs8._.js:776
[  471729ms] [LOG] [Fast Refresh] done in 29ms @ http://localhost:3010/_next/static/chunks/node_modules_next_dist_1e8vcs8._.js:776
[  471792ms] [LOG] [Fast Refresh] done in 29ms @ http://localhost:3010/_next/static/chunks/node_modules_next_dist_1e8vcs8._.js:776
[  471856ms] [LOG] [Fast Refresh] done in 29ms @ http://localhost:3010/_next/static/chunks/node_modules_next_dist_1e8vcs8._.js:776
[  471904ms] [LOG] [Fast Refresh] done in 29ms @ http://localhost:3010/_next/static/chunks/node_modules_next_dist_1e8vcs8._.js:776
[  471967ms] [LOG] [Fast Refresh] done in 29ms @ http://localhost:3010/_next/static/chunks/node_modules_next_dist_1e8vcs8._.js:776
[  472030ms] [LOG] [Fast Refresh] done in 29ms @ http://localhost:3010/_next/static/chunks/node_modules_next_dist_1e8vcs8._.js:776
[  472078ms] [LOG] [Fast Refresh] done in 29ms @ http://localhost:3010/_next/static/chunks/node_modules_next_dist_1e8vcs8._.js:776
[  472140ms] [LOG] [Fast Refresh] done in 29ms @ http://localhost:3010/_next/static/chunks/node_modules_next_dist_1e8vcs8._.js:776
[  472202ms] [LOG] [Fast Refresh] done in 29ms @ http://localhost:3010/_next/static/chunks/node_modules_next_dist_1e8vcs8._.js:776
[  472265ms] [LOG] [Fast Refresh] done in 29ms @ http://localhost:3010/_next/static/chunks/node_modules_next_dist_1e8vcs8._.js:776
[  472328ms] [LOG] [Fast Refresh] done in 29ms @ http://localhost:3010/_next/static/chunks/node_modules_next_dist_1e8vcs8._.js:776
[  472390ms] [LOG] [Fast Refresh] done in 29ms @ http://localhost:3010/_next/static/chunks/node_modules_next_dist_1e8vcs8._.js:776
[  472453ms] [LOG] [Fast Refresh] done in 29ms @ http://localhost:3010/_next/static/chunks/node_modules_next_dist_1e8vcs8._.js:776
[  472517ms] [LOG] [Fast Refresh] done in 29ms @ http://localhost:3010/_next/static/chunks/node_modules_next_dist_1e8vcs8._.js:776
[  472586ms] [LOG] [Fast Refresh] done in 29ms @ http://localhost:3010/_next/static/chunks/node_modules_next_dist_1e8vcs8._.js:776
[  472627ms] [LOG] [Fast Refresh] done in 29ms @ http://localhost:3010/_next/static/chunks/node_modules_next_dist_1e8vcs8._.js:776
[  472689ms] [LOG] [Fast Refresh] done in 29ms @ http://localhost:3010/_next/static/chunks/node_modules_next_dist_1e8vcs8._.js:776
[  472752ms] [LOG] [Fast Refresh] done in 29ms @ http://localhost:3010/_next/static/chunks/node_modules_next_dist_1e8vcs8._.js:776
[  472815ms] [LOG] [Fast Refresh] done in 29ms @ http://localhost:3010/_next/static/chunks/node_modules_next_dist_1e8vcs8._.js:776
[  472878ms] [LOG] [Fast Refresh] done in 29ms @ http://localhost:3010/_next/static/chunks/node_modules_next_dist_1e8vcs8._.js:776
[  472926ms] [LOG] [Fast Refresh] done in 29ms @ http://localhost:3010/_next/static/chunks/node_modules_next_dist_1e8vcs8._.js:776
[  472976ms] [LOG] [Fast Refresh] done in 29ms @ http://localhost:3010/_next/static/chunks/node_modules_next_dist_1e8vcs8._.js:776
[  473022ms] [LOG] [Fast Refresh] done in 29ms @ http://localhost:3010/_next/static/chunks/node_modules_next_dist_1e8vcs8._.js:776
[  473071ms] [LOG] [Fast Refresh] done in 29ms @ http://localhost:3010/_next/static/chunks/node_modules_next_dist_1e8vcs8._.js:776
[  473122ms] [LOG] [Fast Refresh] done in 29ms @ http://localhost:3010/_next/static/chunks/node_modules_next_dist_1e8vcs8._.js:776
[  473172ms] [LOG] [Fast Refresh] done in 29ms @ http://localhost:3010/_next/static/chunks/node_modules_next_dist_1e8vcs8._.js:776
[  473227ms] [LOG] [Fast Refresh] done in 29ms @ http://localhost:3010/_next/static/chunks/node_modules_next_dist_1e8vcs8._.js:776
[  473272ms] [LOG] [Fast Refresh] done in 29ms @ http://localhost:3010/_next/static/chunks/node_modules_next_dist_1e8vcs8._.js:776
[  473322ms] [LOG] [Fast Refresh] done in 29ms @ http://localhost:3010/_next/static/chunks/node_modules_next_dist_1e8vcs8._.js:776
[  473372ms] [LOG] [Fast Refresh] done in 29ms @ http://localhost:3010/_next/static/chunks/node_modules_next_dist_1e8vcs8._.js:776
[  473421ms] [LOG] [Fast Refresh] done in 29ms @ http://localhost:3010/_next/static/chunks/node_modules_next_dist_1e8vcs8._.js:776
[  473471ms] [LOG] [Fast Refresh] done in 29ms @ http://localhost:3010/_next/static/chunks/node_modules_next_dist_1e8vcs8._.js:776
[  473522ms] [LOG] [Fast Refresh] done in 29ms @ http://localhost:3010/_next/static/chunks/node_modules_next_dist_1e8vcs8._.js:776
[  473581ms] [LOG] [Fast Refresh] done in 29ms @ http://localhost:3010/_next/static/chunks/node_modules_next_dist_1e8vcs8._.js:776
[  473637ms] [LOG] [Fast Refresh] done in 29ms @ http://localhost:3010/_next/static/chunks/node_modules_next_dist_1e8vcs8._.js:776
[  473696ms] [LOG] [Fast Refresh] done in 29ms @ http://localhost:3010/_next/static/chunks/node_modules_next_dist_1e8vcs8._.js:776
[  473742ms] [LOG] [Fast Refresh] done in 29ms @ http://localhost:3010/_next/static/chunks/node_modules_next_dist_1e8vcs8._.js:776
[  473792ms] [LOG] [Fast Refresh] done in 29ms @ http://localhost:3010/_next/static/chunks/node_modules_next_dist_1e8vcs8._.js:776
[  473842ms] [LOG] [Fast Refresh] done in 29ms @ http://localhost:3010/_next/static/chunks/node_modules_next_dist_1e8vcs8._.js:776
[  473892ms] [LOG] [Fast Refresh] done in 29ms @ http://localhost:3010/_next/static/chunks/node_modules_next_dist_1e8vcs8._.js:776
[  473942ms] [LOG] [Fast Refresh] done in 29ms @ http://localhost:3010/_next/static/chunks/node_modules_next_dist_1e8vcs8._.js:776
[  473992ms] [LOG] [Fast Refresh] done in 29ms @ http://localhost:3010/_next/static/chunks/node_modules_next_dist_1e8vcs8._.js:776
[  474042ms] [LOG] [Fast Refresh] done in 29ms @ http://localhost:3010/_next/static/chunks/node_modules_next_dist_1e8vcs8._.js:776
[  474092ms] [LOG] [Fast Refresh] done in 29ms @ http://localhost:3010/_next/static/chunks/node_modules_next_dist_1e8vcs8._.js:776
[  474142ms] [LOG] [Fast Refresh] done in 29ms @ http://localhost:3010/_next/static/chunks/node_modules_next_dist_1e8vcs8._.js:776
[  474192ms] [LOG] [Fast Refresh] done in 29ms @ http://localhost:3010/_next/static/chunks/node_modules_next_dist_1e8vcs8._.js:776
[  474242ms] [LOG] [Fast Refresh] done in 29ms @ http://localhost:3010/_next/static/chunks/node_modules_next_dist_1e8vcs8._.js:776
[  474297ms] [LOG] [Fast Refresh] done in 29ms @ http://localhost:3010/_next/static/chunks/node_modules_next_dist_1e8vcs8._.js:776
[  474342ms] [LOG] [Fast Refresh] done in 29ms @ http://localhost:3010/_next/static/chunks/node_modules_next_dist_1e8vcs8._.js:776
[  474392ms] [LOG] [Fast Refresh] done in 29ms @ http://localhost:3010/_next/static/chunks/node_modules_next_dist_1e8vcs8._.js:776
[  474442ms] [LOG] [Fast Refresh] done in 29ms @ http://localhost:3010/_next/static/chunks/node_modules_next_dist_1e8vcs8._.js:776
[  474492ms] [LOG] [Fast Refresh] done in 29ms @ http://localhost:3010/_next/static/chunks/node_modules_next_dist_1e8vcs8._.js:776
[  474542ms] [LOG] [Fast Refresh] done in 29ms @ http://localhost:3010/_next/static/chunks/node_modules_next_dist_1e8vcs8._.js:776
[  474592ms] [LOG] [Fast Refresh] done in 29ms @ http://localhost:3010/_next/static/chunks/node_modules_next_dist_1e8vcs8._.js:776
[  474642ms] [LOG] [Fast Refresh] done in 29ms @ http://localhost:3010/_next/static/chunks/node_modules_next_dist_1e8vcs8._.js:776
[  474692ms] [LOG] [Fast Refresh] done in 29ms @ http://localhost:3010/_next/static/chunks/node_modules_next_dist_1e8vcs8._.js:776
[  474742ms] [LOG] [Fast Refresh] done in 29ms @ http://localhost:3010/_next/static/chunks/node_modules_next_dist_1e8vcs8._.js:776
[  474792ms] [LOG] [Fast Refresh] done in 29ms @ http://localhost:3010/_next/static/chunks/node_modules_next_dist_1e8vcs8._.js:776
[  474842ms] [LOG] [Fast Refresh] done in 29ms @ http://localhost:3010/_next/static/chunks/node_modules_next_dist_1e8vcs8._.js:776
[  474892ms] [LOG] [Fast Refresh] done in 29ms @ http://localhost:3010/_next/static/chunks/node_modules_next_dist_1e8vcs8._.js:776
[  474948ms] [LOG] [Fast Refresh] done in 29ms @ http://localhost:3010/_next/static/chunks/node_modules_next_dist_1e8vcs8._.js:776
[  474994ms] [LOG] [Fast Refresh] done in 29ms @ http://localhost:3010/_next/static/chunks/node_modules_next_dist_1e8vcs8._.js:776
[  475038ms] [LOG] [Fast Refresh] done in 29ms @ http://localhost:3010/_next/static/chunks/node_modules_next_dist_1e8vcs8._.js:776
[  475082ms] [LOG] [Fast Refresh] done in 29ms @ http://localhost:3010/_next/static/chunks/node_modules_next_dist_1e8vcs8._.js:776
[  475127ms] [LOG] [Fast Refresh] done in 29ms @ http://localhost:3010/_next/static/chunks/node_modules_next_dist_1e8vcs8._.js:776
[  475171ms] [LOG] [Fast Refresh] done in 29ms @ http://localhost:3010/_next/static/chunks/node_modules_next_dist_1e8vcs8._.js:776
[  475222ms] [LOG] [Fast Refresh] done in 29ms @ http://localhost:3010/_next/static/chunks/node_modules_next_dist_1e8vcs8._.js:776
[  475272ms] [LOG] [Fast Refresh] done in 29ms @ http://localhost:3010/_next/static/chunks/node_modules_next_dist_1e8vcs8._.js:776
[  475322ms] [LOG] [Fast Refresh] done in 29ms @ http://localhost:3010/_next/static/chunks/node_modules_next_dist_1e8vcs8._.js:776
[  475372ms] [LOG] [Fast Refresh] done in 29ms @ http://localhost:3010/_next/static/chunks/node_modules_next_dist_1e8vcs8._.js:776
[  475422ms] [LOG] [Fast Refresh] done in 29ms @ http://localhost:3010/_next/static/chunks/node_modules_next_dist_1e8vcs8._.js:776
[  475472ms] [LOG] [Fast Refresh] done in 29ms @ http://localhost:3010/_next/static/chunks/node_modules_next_dist_1e8vcs8._.js:776
[  475522ms] [LOG] [Fast Refresh] done in 29ms @ http://localhost:3010/_next/static/chunks/node_modules_next_dist_1e8vcs8._.js:776
[  475572ms] [LOG] [Fast Refresh] done in 29ms @ http://localhost:3010/_next/static/chunks/node_modules_next_dist_1e8vcs8._.js:776
[  475622ms] [LOG] [Fast Refresh] done in 29ms @ http://localhost:3010/_next/static/chunks/node_modules_next_dist_1e8vcs8._.js:776
[  475672ms] [LOG] [Fast Refresh] done in 29ms @ http://localhost:3010/_next/static/chunks/node_modules_next_dist_1e8vcs8._.js:776
[  475722ms] [LOG] [Fast Refresh] done in 29ms @ http://localhost:3010/_next/static/chunks/node_modules_next_dist_1e8vcs8._.js:776
[  475772ms] [LOG] [Fast Refresh] done in 29ms @ http://localhost:3010/_next/static/chunks/node_modules_next_dist_1e8vcs8._.js:776
[  475819ms] [LOG] [Fast Refresh] done in 29ms @ http://localhost:3010/_next/static/chunks/node_modules_next_dist_1e8vcs8._.js:776
[  475872ms] [LOG] [Fast Refresh] done in 29ms @ http://localhost:3010/_next/static/chunks/node_modules_next_dist_1e8vcs8._.js:776
[  475926ms] [LOG] [Fast Refresh] done in 29ms @ http://localhost:3010/_next/static/chunks/node_modules_next_dist_1e8vcs8._.js:776
[  475978ms] [LOG] [Fast Refresh] done in 29ms @ http://localhost:3010/_next/static/chunks/node_modules_next_dist_1e8vcs8._.js:776
[  476022ms] [LOG] [Fast Refresh] done in 29ms @ http://localhost:3010/_next/static/chunks/node_modules_next_dist_1e8vcs8._.js:776
[  476071ms] [LOG] [Fast Refresh] done in 29ms @ http://localhost:3010/_next/static/chunks/node_modules_next_dist_1e8vcs8._.js:776
[  476127ms] [LOG] [Fast Refresh] done in 29ms @ http://localhost:3010/_next/static/chunks/node_modules_next_dist_1e8vcs8._.js:776
[  476178ms] [LOG] [Fast Refresh] done in 29ms @ http://localhost:3010/_next/static/chunks/node_modules_next_dist_1e8vcs8._.js:776
[  476232ms] [LOG] [Fast Refresh] done in 29ms @ http://localhost:3010/_next/static/chunks/node_modules_next_dist_1e8vcs8._.js:776
[  476282ms] [LOG] [Fast Refresh] done in 29ms @ http://localhost:3010/_next/static/chunks/node_modules_next_dist_1e8vcs8._.js:776
[  476332ms] [LOG] [Fast Refresh] done in 29ms @ http://localhost:3010/_next/static/chunks/node_modules_next_dist_1e8vcs8._.js:776
[  476382ms] [LOG] [Fast Refresh] done in 29ms @ http://localhost:3010/_next/static/chunks/node_modules_next_dist_1e8vcs8._.js:776
[  476432ms] [LOG] [Fast Refresh] done in 29ms @ http://localhost:3010/_next/static/chunks/node_modules_next_dist_1e8vcs8._.js:776
[  476482ms] [LOG] [Fast Refresh] done in 29ms @ http://localhost:3010/_next/static/chunks/node_modules_next_dist_1e8vcs8._.js:776
[  476532ms] [LOG] [Fast Refresh] done in 29ms @ http://localhost:3010/_next/static/chunks/node_modules_next_dist_1e8vcs8._.js:776
[  476582ms] [LOG] [Fast Refresh] done in 29ms @ http://localhost:3010/_next/static/chunks/node_modules_next_dist_1e8vcs8._.js:776
[  476632ms] [LOG] [Fast Refresh] done in 29ms @ http://localhost:3010/_next/static/chunks/node_modules_next_dist_1e8vcs8._.js:776
[  476682ms] [LOG] [Fast Refresh] done in 29ms @ http://localhost:3010/_next/static/chunks/node_modules_next_dist_1e8vcs8._.js:776
[  476737ms] [LOG] [Fast Refresh] done in 29ms @ http://localhost:3010/_next/static/chunks/node_modules_next_dist_1e8vcs8._.js:776
[  476792ms] [LOG] [Fast Refresh] done in 29ms @ http://localhost:3010/_next/static/chunks/node_modules_next_dist_1e8vcs8._.js:776
[  476842ms] [LOG] [Fast Refresh] done in 29ms @ http://localhost:3010/_next/static/chunks/node_modules_next_dist_1e8vcs8._.js:776
[  476892ms] [LOG] [Fast Refresh] done in 29ms @ http://localhost:3010/_next/static/chunks/node_modules_next_dist_1e8vcs8._.js:776
[  476942ms] [LOG] [Fast Refresh] done in 29ms @ http://localhost:3010/_next/static/chunks/node_modules_next_dist_1e8vcs8._.js:776
[  476999ms] [LOG] [Fast Refresh] done in 29ms @ http://localhost:3010/_next/static/chunks/node_modules_next_dist_1e8vcs8._.js:776
[  477062ms] [LOG] [Fast Refresh] done in 29ms @ http://localhost:3010/_next/static/chunks/node_modules_next_dist_1e8vcs8._.js:776
[  477126ms] [LOG] [Fast Refresh] done in 29ms @ http://localhost:3010/_next/static/chunks/node_modules_next_dist_1e8vcs8._.js:776
[  477188ms] [LOG] [Fast Refresh] done in 29ms @ http://localhost:3010/_next/static/chunks/node_modules_next_dist_1e8vcs8._.js:776
[  477250ms] [LOG] [Fast Refresh] done in 29ms @ http://localhost:3010/_next/static/chunks/node_modules_next_dist_1e8vcs8._.js:776
[  477298ms] [LOG] [Fast Refresh] done in 29ms @ http://localhost:3010/_next/static/chunks/node_modules_next_dist_1e8vcs8._.js:776
[  477360ms] [LOG] [Fast Refresh] done in 29ms @ http://localhost:3010/_next/static/chunks/node_modules_next_dist_1e8vcs8._.js:776
[  477408ms] [LOG] [Fast Refresh] done in 29ms @ http://localhost:3010/_next/static/chunks/node_modules_next_dist_1e8vcs8._.js:776
[  477472ms] [LOG] [Fast Refresh] done in 29ms @ http://localhost:3010/_next/static/chunks/node_modules_next_dist_1e8vcs8._.js:776
[  477534ms] [LOG] [Fast Refresh] done in 29ms @ http://localhost:3010/_next/static/chunks/node_modules_next_dist_1e8vcs8._.js:776
[  477597ms] [LOG] [Fast Refresh] done in 29ms @ http://localhost:3010/_next/static/chunks/node_modules_next_dist_1e8vcs8._.js:776
[  477644ms] [LOG] [Fast Refresh] done in 29ms @ http://localhost:3010/_next/static/chunks/node_modules_next_dist_1e8vcs8._.js:776
[  477692ms] [LOG] [Fast Refresh] done in 29ms @ http://localhost:3010/_next/static/chunks/node_modules_next_dist_1e8vcs8._.js:776
[  477756ms] [LOG] [Fast Refresh] done in 29ms @ http://localhost:3010/_next/static/chunks/node_modules_next_dist_1e8vcs8._.js:776
[  477818ms] [LOG] [Fast Refresh] done in 29ms @ http://localhost:3010/_next/static/chunks/node_modules_next_dist_1e8vcs8._.js:776
[  477881ms] [LOG] [Fast Refresh] done in 29ms @ http://localhost:3010/_next/static/chunks/node_modules_next_dist_1e8vcs8._.js:776
[  477929ms] [LOG] [Fast Refresh] done in 29ms @ http://localhost:3010/_next/static/chunks/node_modules_next_dist_1e8vcs8._.js:776
[  477991ms] [LOG] [Fast Refresh] done in 29ms @ http://localhost:3010/_next/static/chunks/node_modules_next_dist_1e8vcs8._.js:776
[  478054ms] [LOG] [Fast Refresh] done in 29ms @ http://localhost:3010/_next/static/chunks/node_modules_next_dist_1e8vcs8._.js:776
[  478119ms] [LOG] [Fast Refresh] done in 29ms @ http://localhost:3010/_next/static/chunks/node_modules_next_dist_1e8vcs8._.js:776
[  478183ms] [LOG] [Fast Refresh] done in 29ms @ http://localhost:3010/_next/static/chunks/node_modules_next_dist_1e8vcs8._.js:776
[  478245ms] [LOG] [Fast Refresh] done in 29ms @ http://localhost:3010/_next/static/chunks/node_modules_next_dist_1e8vcs8._.js:776
[  478293ms] [LOG] [Fast Refresh] done in 29ms @ http://localhost:3010/_next/static/chunks/node_modules_next_dist_1e8vcs8._.js:776
[  478355ms] [LOG] [Fast Refresh] done in 29ms @ http://localhost:3010/_next/static/chunks/node_modules_next_dist_1e8vcs8._.js:776
[  478418ms] [LOG] [Fast Refresh] done in 29ms @ http://localhost:3010/_next/static/chunks/node_modules_next_dist_1e8vcs8._.js:776
[  478482ms] [LOG] [Fast Refresh] done in 29ms @ http://localhost:3010/_next/static/chunks/node_modules_next_dist_1e8vcs8._.js:776
[  478546ms] [LOG] [Fast Refresh] done in 29ms @ http://localhost:3010/_next/static/chunks/node_modules_next_dist_1e8vcs8._.js:776
[  478608ms] [LOG] [Fast Refresh] done in 29ms @ http://localhost:3010/_next/static/chunks/node_modules_next_dist_1e8vcs8._.js:776
[  478672ms] [LOG] [Fast Refresh] done in 29ms @ http://localhost:3010/_next/static/chunks/node_modules_next_dist_1e8vcs8._.js:776
[  478735ms] [LOG] [Fast Refresh] done in 29ms @ http://localhost:3010/_next/static/chunks/node_modules_next_dist_1e8vcs8._.js:776
[  478799ms] [LOG] [Fast Refresh] done in 29ms @ http://localhost:3010/_next/static/chunks/node_modules_next_dist_1e8vcs8._.js:776
[  478861ms] [LOG] [Fast Refresh] done in 29ms @ http://localhost:3010/_next/static/chunks/node_modules_next_dist_1e8vcs8._.js:776
[  478909ms] [LOG] [Fast Refresh] done in 29ms @ http://localhost:3010/_next/static/chunks/node_modules_next_dist_1e8vcs8._.js:776
[  478968ms] [LOG] [Fast Refresh] done in 29ms @ http://localhost:3010/_next/static/chunks/node_modules_next_dist_1e8vcs8._.js:776
[  479012ms] [LOG] [Fast Refresh] done in 29ms @ http://localhost:3010/_next/static/chunks/node_modules_next_dist_1e8vcs8._.js:776
[  479062ms] [LOG] [Fast Refresh] done in 29ms @ http://localhost:3010/_next/static/chunks/node_modules_next_dist_1e8vcs8._.js:776
[  479112ms] [LOG] [Fast Refresh] done in 29ms @ http://localhost:3010/_next/static/chunks/node_modules_next_dist_1e8vcs8._.js:776
[  479162ms] [LOG] [Fast Refresh] done in 29ms @ http://localhost:3010/_next/static/chunks/node_modules_next_dist_1e8vcs8._.js:776
[  479212ms] [LOG] [Fast Refresh] done in 29ms @ http://localhost:3010/_next/static/chunks/node_modules_next_dist_1e8vcs8._.js:776
[  479262ms] [LOG] [Fast Refresh] done in 29ms @ http://localhost:3010/_next/static/chunks/node_modules_next_dist_1e8vcs8._.js:776
[  479312ms] [LOG] [Fast Refresh] done in 29ms @ http://localhost:3010/_next/static/chunks/node_modules_next_dist_1e8vcs8._.js:776
[  479368ms] [LOG] [Fast Refresh] done in 29ms @ http://localhost:3010/_next/static/chunks/node_modules_next_dist_1e8vcs8._.js:776
[  479408ms] [LOG] [Fast Refresh] done in 29ms @ http://localhost:3010/_next/static/chunks/node_modules_next_dist_1e8vcs8._.js:776
[  479462ms] [LOG] [Fast Refresh] done in 29ms @ http://localhost:3010/_next/static/chunks/node_modules_next_dist_1e8vcs8._.js:776
[  479512ms] [LOG] [Fast Refresh] done in 29ms @ http://localhost:3010/_next/static/chunks/node_modules_next_dist_1e8vcs8._.js:776
[  479562ms] [LOG] [Fast Refresh] done in 29ms @ http://localhost:3010/_next/static/chunks/node_modules_next_dist_1e8vcs8._.js:776
[  479612ms] [LOG] [Fast Refresh] done in 29ms @ http://localhost:3010/_next/static/chunks/node_modules_next_dist_1e8vcs8._.js:776
[  479662ms] [LOG] [Fast Refresh] done in 29ms @ http://localhost:3010/_next/static/chunks/node_modules_next_dist_1e8vcs8._.js:776
[  479712ms] [LOG] [Fast Refresh] done in 29ms @ http://localhost:3010/_next/static/chunks/node_modules_next_dist_1e8vcs8._.js:776
[  479762ms] [LOG] [Fast Refresh] done in 29ms @ http://localhost:3010/_next/static/chunks/node_modules_next_dist_1e8vcs8._.js:776
[  479812ms] [LOG] [Fast Refresh] done in 29ms @ http://localhost:3010/_next/static/chunks/node_modules_next_dist_1e8vcs8._.js:776
[  479862ms] [LOG] [Fast Refresh] done in 29ms @ http://localhost:3010/_next/static/chunks/node_modules_next_dist_1e8vcs8._.js:776
[  479912ms] [LOG] [Fast Refresh] done in 29ms @ http://localhost:3010/_next/static/chunks/node_modules_next_dist_1e8vcs8._.js:776
[  479962ms] [LOG] [Fast Refresh] done in 29ms @ http://localhost:3010/_next/static/chunks/node_modules_next_dist_1e8vcs8._.js:776
[  480008ms] [LOG] [Fast Refresh] done in 29ms @ http://localhost:3010/_next/static/chunks/node_modules_next_dist_1e8vcs8._.js:776
[  480062ms] [LOG] [Fast Refresh] done in 29ms @ http://localhost:3010/_next/static/chunks/node_modules_next_dist_1e8vcs8._.js:776
[  480112ms] [LOG] [Fast Refresh] done in 29ms @ http://localhost:3010/_next/static/chunks/node_modules_next_dist_1e8vcs8._.js:776
[  480168ms] [LOG] [Fast Refresh] done in 29ms @ http://localhost:3010/_next/static/chunks/node_modules_next_dist_1e8vcs8._.js:776
[  480212ms] [LOG] [Fast Refresh] done in 29ms @ http://localhost:3010/_next/static/chunks/node_modules_next_dist_1e8vcs8._.js:776
[  480262ms] [LOG] [Fast Refresh] done in 29ms @ http://localhost:3010/_next/static/chunks/node_modules_next_dist_1e8vcs8._.js:776
[  480312ms] [LOG] [Fast Refresh] done in 29ms @ http://localhost:3010/_next/static/chunks/node_modules_next_dist_1e8vcs8._.js:776
[  480368ms] [LOG] [Fast Refresh] done in 29ms @ http://localhost:3010/_next/static/chunks/node_modules_next_dist_1e8vcs8._.js:776
[  480412ms] [LOG] [Fast Refresh] done in 29ms @ http://localhost:3010/_next/static/chunks/node_modules_next_dist_1e8vcs8._.js:776
[  480462ms] [LOG] [Fast Refresh] done in 29ms @ http://localhost:3010/_next/static/chunks/node_modules_next_dist_1e8vcs8._.js:776
[  480512ms] [LOG] [Fast Refresh] done in 29ms @ http://localhost:3010/_next/static/chunks/node_modules_next_dist_1e8vcs8._.js:776
[  480562ms] [LOG] [Fast Refresh] done in 29ms @ http://localhost:3010/_next/static/chunks/node_modules_next_dist_1e8vcs8._.js:776
[  480612ms] [LOG] [Fast Refresh] done in 29ms @ http://localhost:3010/_next/static/chunks/node_modules_next_dist_1e8vcs8._.js:776
[  480662ms] [LOG] [Fast Refresh] done in 29ms @ http://localhost:3010/_next/static/chunks/node_modules_next_dist_1e8vcs8._.js:776
[  480712ms] [LOG] [Fast Refresh] done in 29ms @ http://localhost:3010/_next/static/chunks/node_modules_next_dist_1e8vcs8._.js:776
[  480768ms] [LOG] [Fast Refresh] done in 29ms @ http://localhost:3010/_next/static/chunks/node_modules_next_dist_1e8vcs8._.js:776
[  480812ms] [LOG] [Fast Refresh] done in 29ms @ http://localhost:3010/_next/static/chunks/node_modules_next_dist_1e8vcs8._.js:776
[  480862ms] [LOG] [Fast Refresh] done in 29ms @ http://localhost:3010/_next/static/chunks/node_modules_next_dist_1e8vcs8._.js:776
[  480912ms] [LOG] [Fast Refresh] done in 29ms @ http://localhost:3010/_next/static/chunks/node_modules_next_dist_1e8vcs8._.js:776
[  480967ms] [LOG] [Fast Refresh] done in 29ms @ http://localhost:3010/_next/static/chunks/node_modules_next_dist_1e8vcs8._.js:776
[  481030ms] [LOG] [Fast Refresh] done in 29ms @ http://localhost:3010/_next/static/chunks/node_modules_next_dist_1e8vcs8._.js:776
[  481093ms] [LOG] [Fast Refresh] done in 29ms @ http://localhost:3010/_next/static/chunks/node_modules_next_dist_1e8vcs8._.js:776
[  481157ms] [LOG] [Fast Refresh] done in 29ms @ http://localhost:3010/_next/static/chunks/node_modules_next_dist_1e8vcs8._.js:776
[  481220ms] [LOG] [Fast Refresh] done in 29ms @ http://localhost:3010/_next/static/chunks/node_modules_next_dist_1e8vcs8._.js:776
[  481283ms] [LOG] [Fast Refresh] done in 29ms @ http://localhost:3010/_next/static/chunks/node_modules_next_dist_1e8vcs8._.js:776
[  481330ms] [LOG] [Fast Refresh] done in 29ms @ http://localhost:3010/_next/static/chunks/node_modules_next_dist_1e8vcs8._.js:776
[  481393ms] [LOG] [Fast Refresh] done in 29ms @ http://localhost:3010/_next/static/chunks/node_modules_next_dist_1e8vcs8._.js:776
[  481456ms] [LOG] [Fast Refresh] done in 29ms @ http://localhost:3010/_next/static/chunks/node_modules_next_dist_1e8vcs8._.js:776
[  481518ms] [LOG] [Fast Refresh] done in 29ms @ http://localhost:3010/_next/static/chunks/node_modules_next_dist_1e8vcs8._.js:776
[  481581ms] [LOG] [Fast Refresh] done in 29ms @ http://localhost:3010/_next/static/chunks/node_modules_next_dist_1e8vcs8._.js:776
[  481645ms] [LOG] [Fast Refresh] done in 29ms @ http://localhost:3010/_next/static/chunks/node_modules_next_dist_1e8vcs8._.js:776
[  481708ms] [LOG] [Fast Refresh] done in 29ms @ http://localhost:3010/_next/static/chunks/node_modules_next_dist_1e8vcs8._.js:776
[  481770ms] [LOG] [Fast Refresh] done in 29ms @ http://localhost:3010/_next/static/chunks/node_modules_next_dist_1e8vcs8._.js:776
[  481834ms] [LOG] [Fast Refresh] done in 29ms @ http://localhost:3010/_next/static/chunks/node_modules_next_dist_1e8vcs8._.js:776
[  481897ms] [LOG] [Fast Refresh] done in 29ms @ http://localhost:3010/_next/static/chunks/node_modules_next_dist_1e8vcs8._.js:776
[  481960ms] [LOG] [Fast Refresh] done in 29ms @ http://localhost:3010/_next/static/chunks/node_modules_next_dist_1e8vcs8._.js:776
[  482007ms] [LOG] [Fast Refresh] done in 29ms @ http://localhost:3010/_next/static/chunks/node_modules_next_dist_1e8vcs8._.js:776
[  482070ms] [LOG] [Fast Refresh] done in 29ms @ http://localhost:3010/_next/static/chunks/node_modules_next_dist_1e8vcs8._.js:776
[  482118ms] [LOG] [Fast Refresh] done in 29ms @ http://localhost:3010/_next/static/chunks/node_modules_next_dist_1e8vcs8._.js:776
[  482181ms] [LOG] [Fast Refresh] done in 29ms @ http://localhost:3010/_next/static/chunks/node_modules_next_dist_1e8vcs8._.js:776
[  482243ms] [LOG] [Fast Refresh] done in 29ms @ http://localhost:3010/_next/static/chunks/node_modules_next_dist_1e8vcs8._.js:776
[  482305ms] [LOG] [Fast Refresh] done in 29ms @ http://localhost:3010/_next/static/chunks/node_modules_next_dist_1e8vcs8._.js:776
[  482367ms] [LOG] [Fast Refresh] done in 29ms @ http://localhost:3010/_next/static/chunks/node_modules_next_dist_1e8vcs8._.js:776
[  482431ms] [LOG] [Fast Refresh] done in 29ms @ http://localhost:3010/_next/static/chunks/node_modules_next_dist_1e8vcs8._.js:776
[  482479ms] [LOG] [Fast Refresh] done in 29ms @ http://localhost:3010/_next/static/chunks/node_modules_next_dist_1e8vcs8._.js:776
[  482542ms] [LOG] [Fast Refresh] done in 29ms @ http://localhost:3010/_next/static/chunks/node_modules_next_dist_1e8vcs8._.js:776
[  482605ms] [LOG] [Fast Refresh] done in 29ms @ http://localhost:3010/_next/static/chunks/node_modules_next_dist_1e8vcs8._.js:776
[  482652ms] [LOG] [Fast Refresh] done in 29ms @ http://localhost:3010/_next/static/chunks/node_modules_next_dist_1e8vcs8._.js:776
[  482700ms] [LOG] [Fast Refresh] done in 29ms @ http://localhost:3010/_next/static/chunks/node_modules_next_dist_1e8vcs8._.js:776
[  482763ms] [LOG] [Fast Refresh] done in 29ms @ http://localhost:3010/_next/static/chunks/node_modules_next_dist_1e8vcs8._.js:776
[  482826ms] [LOG] [Fast Refresh] done in 29ms @ http://localhost:3010/_next/static/chunks/node_modules_next_dist_1e8vcs8._.js:776
[  482889ms] [LOG] [Fast Refresh] done in 29ms @ http://localhost:3010/_next/static/chunks/node_modules_next_dist_1e8vcs8._.js:776
[  482952ms] [LOG] [Fast Refresh] done in 29ms @ http://localhost:3010/_next/static/chunks/node_modules_next_dist_1e8vcs8._.js:776
[  483002ms] [LOG] [Fast Refresh] done in 29ms @ http://localhost:3010/_next/static/chunks/node_modules_next_dist_1e8vcs8._.js:776
[  483052ms] [LOG] [Fast Refresh] done in 29ms @ http://localhost:3010/_next/static/chunks/node_modules_next_dist_1e8vcs8._.js:776
[  483108ms] [LOG] [Fast Refresh] done in 29ms @ http://localhost:3010/_next/static/chunks/node_modules_next_dist_1e8vcs8._.js:776
[  483162ms] [LOG] [Fast Refresh] done in 29ms @ http://localhost:3010/_next/static/chunks/node_modules_next_dist_1e8vcs8._.js:776
[  483212ms] [LOG] [Fast Refresh] done in 29ms @ http://localhost:3010/_next/static/chunks/node_modules_next_dist_1e8vcs8._.js:776
[  483268ms] [LOG] [Fast Refresh] done in 29ms @ http://localhost:3010/_next/static/chunks/node_modules_next_dist_1e8vcs8._.js:776
[  483308ms] [LOG] [Fast Refresh] done in 29ms @ http://localhost:3010/_next/static/chunks/node_modules_next_dist_1e8vcs8._.js:776
[  483352ms] [LOG] [Fast Refresh] done in 29ms @ http://localhost:3010/_next/static/chunks/node_modules_next_dist_1e8vcs8._.js:776
[  483402ms] [LOG] [Fast Refresh] done in 29ms @ http://localhost:3010/_next/static/chunks/node_modules_next_dist_1e8vcs8._.js:776
[  483452ms] [LOG] [Fast Refresh] done in 29ms @ http://localhost:3010/_next/static/chunks/node_modules_next_dist_1e8vcs8._.js:776
[  483508ms] [LOG] [Fast Refresh] done in 29ms @ http://localhost:3010/_next/static/chunks/node_modules_next_dist_1e8vcs8._.js:776
[  483552ms] [LOG] [Fast Refresh] done in 29ms @ http://localhost:3010/_next/static/chunks/node_modules_next_dist_1e8vcs8._.js:776
[  483602ms] [LOG] [Fast Refresh] done in 29ms @ http://localhost:3010/_next/static/chunks/node_modules_next_dist_1e8vcs8._.js:776
[  483652ms] [LOG] [Fast Refresh] done in 29ms @ http://localhost:3010/_next/static/chunks/node_modules_next_dist_1e8vcs8._.js:776
[  483702ms] [LOG] [Fast Refresh] done in 29ms @ http://localhost:3010/_next/static/chunks/node_modules_next_dist_1e8vcs8._.js:776
[  483752ms] [LOG] [Fast Refresh] done in 29ms @ http://localhost:3010/_next/static/chunks/node_modules_next_dist_1e8vcs8._.js:776
[  483802ms] [LOG] [Fast Refresh] done in 29ms @ http://localhost:3010/_next/static/chunks/node_modules_next_dist_1e8vcs8._.js:776
[  483852ms] [LOG] [Fast Refresh] done in 29ms @ http://localhost:3010/_next/static/chunks/node_modules_next_dist_1e8vcs8._.js:776
[  483897ms] [LOG] [Fast Refresh] done in 29ms @ http://localhost:3010/_next/static/chunks/node_modules_next_dist_1e8vcs8._.js:776
[  483942ms] [LOG] [Fast Refresh] done in 29ms @ http://localhost:3010/_next/static/chunks/node_modules_next_dist_1e8vcs8._.js:776
[  483992ms] [LOG] [Fast Refresh] done in 29ms @ http://localhost:3010/_next/static/chunks/node_modules_next_dist_1e8vcs8._.js:776
[  484048ms] [LOG] [Fast Refresh] done in 29ms @ http://localhost:3010/_next/static/chunks/node_modules_next_dist_1e8vcs8._.js:776
[  484092ms] [LOG] [Fast Refresh] done in 29ms @ http://localhost:3010/_next/static/chunks/node_modules_next_dist_1e8vcs8._.js:776
[  484152ms] [LOG] [Fast Refresh] done in 29ms @ http://localhost:3010/_next/static/chunks/node_modules_next_dist_1e8vcs8._.js:776
[  484208ms] [LOG] [Fast Refresh] done in 29ms @ http://localhost:3010/_next/static/chunks/node_modules_next_dist_1e8vcs8._.js:776
[  484262ms] [LOG] [Fast Refresh] done in 29ms @ http://localhost:3010/_next/static/chunks/node_modules_next_dist_1e8vcs8._.js:776
[  484312ms] [LOG] [Fast Refresh] done in 29ms @ http://localhost:3010/_next/static/chunks/node_modules_next_dist_1e8vcs8._.js:776
[  484362ms] [LOG] [Fast Refresh] done in 29ms @ http://localhost:3010/_next/static/chunks/node_modules_next_dist_1e8vcs8._.js:776
[  484412ms] [LOG] [Fast Refresh] done in 29ms @ http://localhost:3010/_next/static/chunks/node_modules_next_dist_1e8vcs8._.js:776
[  484462ms] [LOG] [Fast Refresh] done in 29ms @ http://localhost:3010/_next/static/chunks/node_modules_next_dist_1e8vcs8._.js:776
[  484512ms] [LOG] [Fast Refresh] done in 29ms @ http://localhost:3010/_next/static/chunks/node_modules_next_dist_1e8vcs8._.js:776
[  484562ms] [LOG] [Fast Refresh] done in 29ms @ http://localhost:3010/_next/static/chunks/node_modules_next_dist_1e8vcs8._.js:776
[  484612ms] [LOG] [Fast Refresh] done in 29ms @ http://localhost:3010/_next/static/chunks/node_modules_next_dist_1e8vcs8._.js:776
[  484662ms] [LOG] [Fast Refresh] done in 29ms @ http://localhost:3010/_next/static/chunks/node_modules_next_dist_1e8vcs8._.js:776
[  484712ms] [LOG] [Fast Refresh] done in 29ms @ http://localhost:3010/_next/static/chunks/node_modules_next_dist_1e8vcs8._.js:776
[  484768ms] [LOG] [Fast Refresh] done in 29ms @ http://localhost:3010/_next/static/chunks/node_modules_next_dist_1e8vcs8._.js:776
[  484812ms] [LOG] [Fast Refresh] done in 29ms @ http://localhost:3010/_next/static/chunks/node_modules_next_dist_1e8vcs8._.js:776
[  484862ms] [LOG] [Fast Refresh] done in 29ms @ http://localhost:3010/_next/static/chunks/node_modules_next_dist_1e8vcs8._.js:776
[  484912ms] [LOG] [Fast Refresh] done in 29ms @ http://localhost:3010/_next/static/chunks/node_modules_next_dist_1e8vcs8._.js:776
[  484968ms] [LOG] [Fast Refresh] done in 29ms @ http://localhost:3010/_next/static/chunks/node_modules_next_dist_1e8vcs8._.js:776
[  485030ms] [LOG] [Fast Refresh] done in 29ms @ http://localhost:3010/_next/static/chunks/node_modules_next_dist_1e8vcs8._.js:776
[  485093ms] [LOG] [Fast Refresh] done in 29ms @ http://localhost:3010/_next/static/chunks/node_modules_next_dist_1e8vcs8._.js:776
[  485156ms] [LOG] [Fast Refresh] done in 29ms @ http://localhost:3010/_next/static/chunks/node_modules_next_dist_1e8vcs8._.js:776
[  485204ms] [LOG] [Fast Refresh] done in 29ms @ http://localhost:3010/_next/static/chunks/node_modules_next_dist_1e8vcs8._.js:776
[  485268ms] [LOG] [Fast Refresh] done in 29ms @ http://localhost:3010/_next/static/chunks/node_modules_next_dist_1e8vcs8._.js:776
[  485332ms] [LOG] [Fast Refresh] done in 29ms @ http://localhost:3010/_next/static/chunks/node_modules_next_dist_1e8vcs8._.js:776
[  485394ms] [LOG] [Fast Refresh] done in 29ms @ http://localhost:3010/_next/static/chunks/node_modules_next_dist_1e8vcs8._.js:776
[  485457ms] [LOG] [Fast Refresh] done in 29ms @ http://localhost:3010/_next/static/chunks/node_modules_next_dist_1e8vcs8._.js:776
[  485505ms] [LOG] [Fast Refresh] done in 29ms @ http://localhost:3010/_next/static/chunks/node_modules_next_dist_1e8vcs8._.js:776
[  485569ms] [LOG] [Fast Refresh] done in 29ms @ http://localhost:3010/_next/static/chunks/node_modules_next_dist_1e8vcs8._.js:776
[  485632ms] [LOG] [Fast Refresh] done in 29ms @ http://localhost:3010/_next/static/chunks/node_modules_next_dist_1e8vcs8._.js:776
[  485695ms] [LOG] [Fast Refresh] done in 29ms @ http://localhost:3010/_next/static/chunks/node_modules_next_dist_1e8vcs8._.js:776
[  485759ms] [LOG] [Fast Refresh] done in 29ms @ http://localhost:3010/_next/static/chunks/node_modules_next_dist_1e8vcs8._.js:776
[  485821ms] [LOG] [Fast Refresh] done in 29ms @ http://localhost:3010/_next/static/chunks/node_modules_next_dist_1e8vcs8._.js:776
[  485884ms] [LOG] [Fast Refresh] done in 29ms @ http://localhost:3010/_next/static/chunks/node_modules_next_dist_1e8vcs8._.js:776
[  485948ms] [LOG] [Fast Refresh] done in 29ms @ http://localhost:3010/_next/static/chunks/node_modules_next_dist_1e8vcs8._.js:776
[  486010ms] [LOG] [Fast Refresh] done in 29ms @ http://localhost:3010/_next/static/chunks/node_modules_next_dist_1e8vcs8._.js:776
[  486072ms] [LOG] [Fast Refresh] done in 29ms @ http://localhost:3010/_next/static/chunks/node_modules_next_dist_1e8vcs8._.js:776
[  486136ms] [LOG] [Fast Refresh] done in 29ms @ http://localhost:3010/_next/static/chunks/node_modules_next_dist_1e8vcs8._.js:776
[  486199ms] [LOG] [Fast Refresh] done in 29ms @ http://localhost:3010/_next/static/chunks/node_modules_next_dist_1e8vcs8._.js:776
[  486262ms] [LOG] [Fast Refresh] done in 29ms @ http://localhost:3010/_next/static/chunks/node_modules_next_dist_1e8vcs8._.js:776
[  486325ms] [LOG] [Fast Refresh] done in 29ms @ http://localhost:3010/_next/static/chunks/node_modules_next_dist_1e8vcs8._.js:776
[  486387ms] [LOG] [Fast Refresh] done in 29ms @ http://localhost:3010/_next/static/chunks/node_modules_next_dist_1e8vcs8._.js:776
[  486450ms] [LOG] [Fast Refresh] done in 29ms @ http://localhost:3010/_next/static/chunks/node_modules_next_dist_1e8vcs8._.js:776
[  486513ms] [LOG] [Fast Refresh] done in 29ms @ http://localhost:3010/_next/static/chunks/node_modules_next_dist_1e8vcs8._.js:776
[  486575ms] [LOG] [Fast Refresh] done in 29ms @ http://localhost:3010/_next/static/chunks/node_modules_next_dist_1e8vcs8._.js:776
[  486638ms] [LOG] [Fast Refresh] done in 29ms @ http://localhost:3010/_next/static/chunks/node_modules_next_dist_1e8vcs8._.js:776
[  486685ms] [LOG] [Fast Refresh] done in 29ms @ http://localhost:3010/_next/static/chunks/node_modules_next_dist_1e8vcs8._.js:776
[  486749ms] [LOG] [Fast Refresh] done in 29ms @ http://localhost:3010/_next/static/chunks/node_modules_next_dist_1e8vcs8._.js:776
[  486813ms] [LOG] [Fast Refresh] done in 29ms @ http://localhost:3010/_next/static/chunks/node_modules_next_dist_1e8vcs8._.js:776
[  486860ms] [LOG] [Fast Refresh] done in 29ms @ http://localhost:3010/_next/static/chunks/node_modules_next_dist_1e8vcs8._.js:776
[  486924ms] [LOG] [Fast Refresh] done in 29ms @ http://localhost:3010/_next/static/chunks/node_modules_next_dist_1e8vcs8._.js:776
[  486972ms] [LOG] [Fast Refresh] done in 29ms @ http://localhost:3010/_next/static/chunks/node_modules_next_dist_1e8vcs8._.js:776
[  487016ms] [LOG] [Fast Refresh] done in 29ms @ http://localhost:3010/_next/static/chunks/node_modules_next_dist_1e8vcs8._.js:776
[  487062ms] [LOG] [Fast Refresh] done in 29ms @ http://localhost:3010/_next/static/chunks/node_modules_next_dist_1e8vcs8._.js:776
[  487112ms] [LOG] [Fast Refresh] done in 29ms @ http://localhost:3010/_next/static/chunks/node_modules_next_dist_1e8vcs8._.js:776
[  487162ms] [LOG] [Fast Refresh] done in 29ms @ http://localhost:3010/_next/static/chunks/node_modules_next_dist_1e8vcs8._.js:776
[  487212ms] [LOG] [Fast Refresh] done in 29ms @ http://localhost:3010/_next/static/chunks/node_modules_next_dist_1e8vcs8._.js:776
[  487268ms] [LOG] [Fast Refresh] done in 29ms @ http://localhost:3010/_next/static/chunks/node_modules_next_dist_1e8vcs8._.js:776
[  487308ms] [LOG] [Fast Refresh] done in 29ms @ http://localhost:3010/_next/static/chunks/node_modules_next_dist_1e8vcs8._.js:776
[  487353ms] [LOG] [Fast Refresh] done in 29ms @ http://localhost:3010/_next/static/chunks/node_modules_next_dist_1e8vcs8._.js:776
[  487402ms] [LOG] [Fast Refresh] done in 29ms @ http://localhost:3010/_next/static/chunks/node_modules_next_dist_1e8vcs8._.js:776
[  487452ms] [LOG] [Fast Refresh] done in 29ms @ http://localhost:3010/_next/static/chunks/node_modules_next_dist_1e8vcs8._.js:776
[  487502ms] [LOG] [Fast Refresh] done in 29ms @ http://localhost:3010/_next/static/chunks/node_modules_next_dist_1e8vcs8._.js:776
[  487552ms] [LOG] [Fast Refresh] done in 29ms @ http://localhost:3010/_next/static/chunks/node_modules_next_dist_1e8vcs8._.js:776
[  487602ms] [LOG] [Fast Refresh] done in 29ms @ http://localhost:3010/_next/static/chunks/node_modules_next_dist_1e8vcs8._.js:776
[  487652ms] [LOG] [Fast Refresh] done in 29ms @ http://localhost:3010/_next/static/chunks/node_modules_next_dist_1e8vcs8._.js:776
[  487702ms] [LOG] [Fast Refresh] done in 29ms @ http://localhost:3010/_next/static/chunks/node_modules_next_dist_1e8vcs8._.js:776
[  487753ms] [LOG] [Fast Refresh] done in 29ms @ http://localhost:3010/_next/static/chunks/node_modules_next_dist_1e8vcs8._.js:776
[  487802ms] [LOG] [Fast Refresh] done in 29ms @ http://localhost:3010/_next/static/chunks/node_modules_next_dist_1e8vcs8._.js:776
[  487853ms] [LOG] [Fast Refresh] done in 29ms @ http://localhost:3010/_next/static/chunks/node_modules_next_dist_1e8vcs8._.js:776
[  487908ms] [LOG] [Fast Refresh] done in 29ms @ http://localhost:3010/_next/static/chunks/node_modules_next_dist_1e8vcs8._.js:776
[  487948ms] [LOG] [Fast Refresh] done in 29ms @ http://localhost:3010/_next/static/chunks/node_modules_next_dist_1e8vcs8._.js:776
[  487992ms] [LOG] [Fast Refresh] done in 29ms @ http://localhost:3010/_next/static/chunks/node_modules_next_dist_1e8vcs8._.js:776
[  488043ms] [LOG] [Fast Refresh] done in 29ms @ http://localhost:3010/_next/static/chunks/node_modules_next_dist_1e8vcs8._.js:776
[  488093ms] [LOG] [Fast Refresh] done in 29ms @ http://localhost:3010/_next/static/chunks/node_modules_next_dist_1e8vcs8._.js:776
[  488148ms] [LOG] [Fast Refresh] done in 29ms @ http://localhost:3010/_next/static/chunks/node_modules_next_dist_1e8vcs8._.js:776
[  488203ms] [LOG] [Fast Refresh] done in 29ms @ http://localhost:3010/_next/static/chunks/node_modules_next_dist_1e8vcs8._.js:776
[  488252ms] [LOG] [Fast Refresh] done in 29ms @ http://localhost:3010/_next/static/chunks/node_modules_next_dist_1e8vcs8._.js:776
[  488302ms] [LOG] [Fast Refresh] done in 29ms @ http://localhost:3010/_next/static/chunks/node_modules_next_dist_1e8vcs8._.js:776
[  488352ms] [LOG] [Fast Refresh] done in 29ms @ http://localhost:3010/_next/static/chunks/node_modules_next_dist_1e8vcs8._.js:776
[  488402ms] [LOG] [Fast Refresh] done in 29ms @ http://localhost:3010/_next/static/chunks/node_modules_next_dist_1e8vcs8._.js:776
[  488453ms] [LOG] [Fast Refresh] done in 29ms @ http://localhost:3010/_next/static/chunks/node_modules_next_dist_1e8vcs8._.js:776
[  488502ms] [LOG] [Fast Refresh] done in 29ms @ http://localhost:3010/_next/static/chunks/node_modules_next_dist_1e8vcs8._.js:776
[  488553ms] [LOG] [Fast Refresh] done in 29ms @ http://localhost:3010/_next/static/chunks/node_modules_next_dist_1e8vcs8._.js:776
[  488598ms] [LOG] [Fast Refresh] done in 29ms @ http://localhost:3010/_next/static/chunks/node_modules_next_dist_1e8vcs8._.js:776
[  488642ms] [LOG] [Fast Refresh] done in 29ms @ http://localhost:3010/_next/static/chunks/node_modules_next_dist_1e8vcs8._.js:776
[  488693ms] [LOG] [Fast Refresh] done in 29ms @ http://localhost:3010/_next/static/chunks/node_modules_next_dist_1e8vcs8._.js:776
[  488742ms] [LOG] [Fast Refresh] done in 29ms @ http://localhost:3010/_next/static/chunks/node_modules_next_dist_1e8vcs8._.js:776
[  488792ms] [LOG] [Fast Refresh] done in 29ms @ http://localhost:3010/_next/static/chunks/node_modules_next_dist_1e8vcs8._.js:776
[  488843ms] [LOG] [Fast Refresh] done in 29ms @ http://localhost:3010/_next/static/chunks/node_modules_next_dist_1e8vcs8._.js:776
[  488892ms] [LOG] [Fast Refresh] done in 29ms @ http://localhost:3010/_next/static/chunks/node_modules_next_dist_1e8vcs8._.js:776
[  488948ms] [LOG] [Fast Refresh] done in 29ms @ http://localhost:3010/_next/static/chunks/node_modules_next_dist_1e8vcs8._.js:776
[  489010ms] [LOG] [Fast Refresh] done in 29ms @ http://localhost:3010/_next/static/chunks/node_modules_next_dist_1e8vcs8._.js:776
[  489072ms] [LOG] [Fast Refresh] done in 29ms @ http://localhost:3010/_next/static/chunks/node_modules_next_dist_1e8vcs8._.js:776
[  489136ms] [LOG] [Fast Refresh] done in 29ms @ http://localhost:3010/_next/static/chunks/node_modules_next_dist_1e8vcs8._.js:776
[  489199ms] [LOG] [Fast Refresh] done in 29ms @ http://localhost:3010/_next/static/chunks/node_modules_next_dist_1e8vcs8._.js:776
[  489261ms] [LOG] [Fast Refresh] done in 29ms @ http://localhost:3010/_next/static/chunks/node_modules_next_dist_1e8vcs8._.js:776
[  489309ms] [LOG] [Fast Refresh] done in 29ms @ http://localhost:3010/_next/static/chunks/node_modules_next_dist_1e8vcs8._.js:776
[  489373ms] [LOG] [Fast Refresh] done in 29ms @ http://localhost:3010/_next/static/chunks/node_modules_next_dist_1e8vcs8._.js:776
[  489434ms] [LOG] [Fast Refresh] done in 29ms @ http://localhost:3010/_next/static/chunks/node_modules_next_dist_1e8vcs8._.js:776
[  489482ms] [LOG] [Fast Refresh] done in 29ms @ http://localhost:3010/_next/static/chunks/node_modules_next_dist_1e8vcs8._.js:776
[  489543ms] [LOG] [Fast Refresh] done in 29ms @ http://localhost:3010/_next/static/chunks/node_modules_next_dist_1e8vcs8._.js:776
[  489606ms] [LOG] [Fast Refresh] done in 29ms @ http://localhost:3010/_next/static/chunks/node_modules_next_dist_1e8vcs8._.js:776
[  489669ms] [LOG] [Fast Refresh] done in 29ms @ http://localhost:3010/_next/static/chunks/node_modules_next_dist_1e8vcs8._.js:776
[  489730ms] [LOG] [Fast Refresh] done in 29ms @ http://localhost:3010/_next/static/chunks/node_modules_next_dist_1e8vcs8._.js:776
[  489793ms] [LOG] [Fast Refresh] done in 29ms @ http://localhost:3010/_next/static/chunks/node_modules_next_dist_1e8vcs8._.js:776
[  489857ms] [LOG] [Fast Refresh] done in 29ms @ http://localhost:3010/_next/static/chunks/node_modules_next_dist_1e8vcs8._.js:776
[  489921ms] [LOG] [Fast Refresh] done in 29ms @ http://localhost:3010/_next/static/chunks/node_modules_next_dist_1e8vcs8._.js:776
[  489985ms] [LOG] [Fast Refresh] done in 29ms @ http://localhost:3010/_next/static/chunks/node_modules_next_dist_1e8vcs8._.js:776
[  490049ms] [LOG] [Fast Refresh] done in 29ms @ http://localhost:3010/_next/static/chunks/node_modules_next_dist_1e8vcs8._.js:776
[  490112ms] [LOG] [Fast Refresh] done in 29ms @ http://localhost:3010/_next/static/chunks/node_modules_next_dist_1e8vcs8._.js:776
[  490174ms] [LOG] [Fast Refresh] done in 29ms @ http://localhost:3010/_next/static/chunks/node_modules_next_dist_1e8vcs8._.js:776
[  490238ms] [LOG] [Fast Refresh] done in 29ms @ http://localhost:3010/_next/static/chunks/node_modules_next_dist_1e8vcs8._.js:776
[  490301ms] [LOG] [Fast Refresh] done in 29ms @ http://localhost:3010/_next/static/chunks/node_modules_next_dist_1e8vcs8._.js:776
[  490363ms] [LOG] [Fast Refresh] done in 29ms @ http://localhost:3010/_next/static/chunks/node_modules_next_dist_1e8vcs8._.js:776
[  490426ms] [LOG] [Fast Refresh] done in 29ms @ http://localhost:3010/_next/static/chunks/node_modules_next_dist_1e8vcs8._.js:776
[  490489ms] [LOG] [Fast Refresh] done in 29ms @ http://localhost:3010/_next/static/chunks/node_modules_next_dist_1e8vcs8._.js:776
[  490552ms] [LOG] [Fast Refresh] done in 29ms @ http://localhost:3010/_next/static/chunks/node_modules_next_dist_1e8vcs8._.js:776
[  490616ms] [LOG] [Fast Refresh] done in 29ms @ http://localhost:3010/_next/static/chunks/node_modules_next_dist_1e8vcs8._.js:776
[  490679ms] [LOG] [Fast Refresh] done in 29ms @ http://localhost:3010/_next/static/chunks/node_modules_next_dist_1e8vcs8._.js:776
[  490741ms] [LOG] [Fast Refresh] done in 29ms @ http://localhost:3010/_next/static/chunks/node_modules_next_dist_1e8vcs8._.js:776
[  490804ms] [LOG] [Fast Refresh] done in 29ms @ http://localhost:3010/_next/static/chunks/node_modules_next_dist_1e8vcs8._.js:776
[  490867ms] [LOG] [Fast Refresh] done in 29ms @ http://localhost:3010/_next/static/chunks/node_modules_next_dist_1e8vcs8._.js:776
[  490930ms] [LOG] [Fast Refresh] done in 29ms @ http://localhost:3010/_next/static/chunks/node_modules_next_dist_1e8vcs8._.js:776
[  490982ms] [LOG] [Fast Refresh] done in 29ms @ http://localhost:3010/_next/static/chunks/node_modules_next_dist_1e8vcs8._.js:776
[  491042ms] [LOG] [Fast Refresh] done in 29ms @ http://localhost:3010/_next/static/chunks/node_modules_next_dist_1e8vcs8._.js:776
[  491093ms] [LOG] [Fast Refresh] done in 29ms @ http://localhost:3010/_next/static/chunks/node_modules_next_dist_1e8vcs8._.js:776
[  491148ms] [LOG] [Fast Refresh] done in 29ms @ http://localhost:3010/_next/static/chunks/node_modules_next_dist_1e8vcs8._.js:776
[  491198ms] [LOG] [Fast Refresh] done in 29ms @ http://localhost:3010/_next/static/chunks/node_modules_next_dist_1e8vcs8._.js:776
[  491253ms] [LOG] [Fast Refresh] done in 29ms @ http://localhost:3010/_next/static/chunks/node_modules_next_dist_1e8vcs8._.js:776
[  491304ms] [LOG] [Fast Refresh] done in 29ms @ http://localhost:3010/_next/static/chunks/node_modules_next_dist_1e8vcs8._.js:776
[  491352ms] [LOG] [Fast Refresh] done in 29ms @ http://localhost:3010/_next/static/chunks/node_modules_next_dist_1e8vcs8._.js:776
[  491403ms] [LOG] [Fast Refresh] done in 29ms @ http://localhost:3010/_next/static/chunks/node_modules_next_dist_1e8vcs8._.js:776
[  491453ms] [LOG] [Fast Refresh] done in 29ms @ http://localhost:3010/_next/static/chunks/node_modules_next_dist_1e8vcs8._.js:776
[  491502ms] [LOG] [Fast Refresh] done in 29ms @ http://localhost:3010/_next/static/chunks/node_modules_next_dist_1e8vcs8._.js:776
[  491553ms] [LOG] [Fast Refresh] done in 29ms @ http://localhost:3010/_next/static/chunks/node_modules_next_dist_1e8vcs8._.js:776
[  491602ms] [LOG] [Fast Refresh] done in 29ms @ http://localhost:3010/_next/static/chunks/node_modules_next_dist_1e8vcs8._.js:776
[  491653ms] [LOG] [Fast Refresh] done in 29ms @ http://localhost:3010/_next/static/chunks/node_modules_next_dist_1e8vcs8._.js:776
[  491709ms] [LOG] [Fast Refresh] done in 29ms @ http://localhost:3010/_next/static/chunks/node_modules_next_dist_1e8vcs8._.js:776
[  491748ms] [LOG] [Fast Refresh] done in 29ms @ http://localhost:3010/_next/static/chunks/node_modules_next_dist_1e8vcs8._.js:776
[  491813ms] [LOG] [Fast Refresh] done in 29ms @ http://localhost:3010/_next/static/chunks/node_modules_next_dist_1e8vcs8._.js:776
[  491868ms] [LOG] [Fast Refresh] done in 29ms @ http://localhost:3010/_next/static/chunks/node_modules_next_dist_1e8vcs8._.js:776
[  491908ms] [LOG] [Fast Refresh] done in 29ms @ http://localhost:3010/_next/static/chunks/node_modules_next_dist_1e8vcs8._.js:776
[  491963ms] [LOG] [Fast Refresh] done in 29ms @ http://localhost:3010/_next/static/chunks/node_modules_next_dist_1e8vcs8._.js:776
[  492012ms] [LOG] [Fast Refresh] done in 29ms @ http://localhost:3010/_next/static/chunks/node_modules_next_dist_1e8vcs8._.js:776
[  492062ms] [LOG] [Fast Refresh] done in 29ms @ http://localhost:3010/_next/static/chunks/node_modules_next_dist_1e8vcs8._.js:776
[  492112ms] [LOG] [Fast Refresh] done in 29ms @ http://localhost:3010/_next/static/chunks/node_modules_next_dist_1e8vcs8._.js:776
[  492163ms] [LOG] [Fast Refresh] done in 29ms @ http://localhost:3010/_next/static/chunks/node_modules_next_dist_1e8vcs8._.js:776
[  492212ms] [LOG] [Fast Refresh] done in 29ms @ http://localhost:3010/_next/static/chunks/node_modules_next_dist_1e8vcs8._.js:776
[  492268ms] [LOG] [Fast Refresh] done in 29ms @ http://localhost:3010/_next/static/chunks/node_modules_next_dist_1e8vcs8._.js:776
[  492309ms] [LOG] [Fast Refresh] done in 29ms @ http://localhost:3010/_next/static/chunks/node_modules_next_dist_1e8vcs8._.js:776
[  492352ms] [LOG] [Fast Refresh] done in 29ms @ http://localhost:3010/_next/static/chunks/node_modules_next_dist_1e8vcs8._.js:776
[  492403ms] [LOG] [Fast Refresh] done in 29ms @ http://localhost:3010/_next/static/chunks/node_modules_next_dist_1e8vcs8._.js:776
[  492453ms] [LOG] [Fast Refresh] done in 29ms @ http://localhost:3010/_next/static/chunks/node_modules_next_dist_1e8vcs8._.js:776
[  492502ms] [LOG] [Fast Refresh] done in 29ms @ http://localhost:3010/_next/static/chunks/node_modules_next_dist_1e8vcs8._.js:776
[  492552ms] [LOG] [Fast Refresh] done in 29ms @ http://localhost:3010/_next/static/chunks/node_modules_next_dist_1e8vcs8._.js:776
[  492602ms] [LOG] [Fast Refresh] done in 29ms @ http://localhost:3010/_next/static/chunks/node_modules_next_dist_1e8vcs8._.js:776
[  492652ms] [LOG] [Fast Refresh] done in 29ms @ http://localhost:3010/_next/static/chunks/node_modules_next_dist_1e8vcs8._.js:776
[  492702ms] [LOG] [Fast Refresh] done in 29ms @ http://localhost:3010/_next/static/chunks/node_modules_next_dist_1e8vcs8._.js:776
[  492753ms] [LOG] [Fast Refresh] done in 29ms @ http://localhost:3010/_next/static/chunks/node_modules_next_dist_1e8vcs8._.js:776
[  492803ms] [LOG] [Fast Refresh] done in 29ms @ http://localhost:3010/_next/static/chunks/node_modules_next_dist_1e8vcs8._.js:776
[  492852ms] [LOG] [Fast Refresh] done in 29ms @ http://localhost:3010/_next/static/chunks/node_modules_next_dist_1e8vcs8._.js:776
[  492902ms] [LOG] [Fast Refresh] done in 29ms @ http://localhost:3010/_next/static/chunks/node_modules_next_dist_1e8vcs8._.js:776
[  492953ms] [LOG] [Fast Refresh] done in 29ms @ http://localhost:3010/_next/static/chunks/node_modules_next_dist_1e8vcs8._.js:776
[  493009ms] [LOG] [Fast Refresh] done in 29ms @ http://localhost:3010/_next/static/chunks/node_modules_next_dist_1e8vcs8._.js:776
[  493071ms] [LOG] [Fast Refresh] done in 29ms @ http://localhost:3010/_next/static/chunks/node_modules_next_dist_1e8vcs8._.js:776
[  493135ms] [LOG] [Fast Refresh] done in 29ms @ http://localhost:3010/_next/static/chunks/node_modules_next_dist_1e8vcs8._.js:776
[  493199ms] [LOG] [Fast Refresh] done in 29ms @ http://localhost:3010/_next/static/chunks/node_modules_next_dist_1e8vcs8._.js:776
[  493262ms] [LOG] [Fast Refresh] done in 29ms @ http://localhost:3010/_next/static/chunks/node_modules_next_dist_1e8vcs8._.js:776
[  493310ms] [LOG] [Fast Refresh] done in 29ms @ http://localhost:3010/_next/static/chunks/node_modules_next_dist_1e8vcs8._.js:776
[  493373ms] [LOG] [Fast Refresh] done in 29ms @ http://localhost:3010/_next/static/chunks/node_modules_next_dist_1e8vcs8._.js:776
[  493436ms] [LOG] [Fast Refresh] done in 29ms @ http://localhost:3010/_next/static/chunks/node_modules_next_dist_1e8vcs8._.js:776
[  493500ms] [LOG] [Fast Refresh] done in 29ms @ http://localhost:3010/_next/static/chunks/node_modules_next_dist_1e8vcs8._.js:776
[  493562ms] [LOG] [Fast Refresh] done in 29ms @ http://localhost:3010/_next/static/chunks/node_modules_next_dist_1e8vcs8._.js:776
[  493624ms] [LOG] [Fast Refresh] done in 29ms @ http://localhost:3010/_next/static/chunks/node_modules_next_dist_1e8vcs8._.js:776
[  493687ms] [LOG] [Fast Refresh] done in 29ms @ http://localhost:3010/_next/static/chunks/node_modules_next_dist_1e8vcs8._.js:776
[  493750ms] [LOG] [Fast Refresh] done in 29ms @ http://localhost:3010/_next/static/chunks/node_modules_next_dist_1e8vcs8._.js:776
[  493813ms] [LOG] [Fast Refresh] done in 29ms @ http://localhost:3010/_next/static/chunks/node_modules_next_dist_1e8vcs8._.js:776
[  493876ms] [LOG] [Fast Refresh] done in 29ms @ http://localhost:3010/_next/static/chunks/node_modules_next_dist_1e8vcs8._.js:776
[  493939ms] [LOG] [Fast Refresh] done in 29ms @ http://localhost:3010/_next/static/chunks/node_modules_next_dist_1e8vcs8._.js:776
[  494003ms] [LOG] [Fast Refresh] done in 29ms @ http://localhost:3010/_next/static/chunks/node_modules_next_dist_1e8vcs8._.js:776
[  494066ms] [LOG] [Fast Refresh] done in 29ms @ http://localhost:3010/_next/static/chunks/node_modules_next_dist_1e8vcs8._.js:776
[  494128ms] [LOG] [Fast Refresh] done in 29ms @ http://localhost:3010/_next/static/chunks/node_modules_next_dist_1e8vcs8._.js:776
[  494191ms] [LOG] [Fast Refresh] done in 29ms @ http://localhost:3010/_next/static/chunks/node_modules_next_dist_1e8vcs8._.js:776
[  494255ms] [LOG] [Fast Refresh] done in 29ms @ http://localhost:3010/_next/static/chunks/node_modules_next_dist_1e8vcs8._.js:776
[  494318ms] [LOG] [Fast Refresh] done in 29ms @ http://localhost:3010/_next/static/chunks/node_modules_next_dist_1e8vcs8._.js:776
[  494380ms] [LOG] [Fast Refresh] done in 29ms @ http://localhost:3010/_next/static/chunks/node_modules_next_dist_1e8vcs8._.js:776
[  494443ms] [LOG] [Fast Refresh] done in 29ms @ http://localhost:3010/_next/static/chunks/node_modules_next_dist_1e8vcs8._.js:776
[  494507ms] [LOG] [Fast Refresh] done in 29ms @ http://localhost:3010/_next/static/chunks/node_modules_next_dist_1e8vcs8._.js:776
[  494554ms] [LOG] [Fast Refresh] done in 29ms @ http://localhost:3010/_next/static/chunks/node_modules_next_dist_1e8vcs8._.js:776
[  494616ms] [LOG] [Fast Refresh] done in 29ms @ http://localhost:3010/_next/static/chunks/node_modules_next_dist_1e8vcs8._.js:776
[  494680ms] [LOG] [Fast Refresh] done in 29ms @ http://localhost:3010/_next/static/chunks/node_modules_next_dist_1e8vcs8._.js:776
[  494743ms] [LOG] [Fast Refresh] done in 29ms @ http://localhost:3010/_next/static/chunks/node_modules_next_dist_1e8vcs8._.js:776
[  494791ms] [LOG] [Fast Refresh] done in 29ms @ http://localhost:3010/_next/static/chunks/node_modules_next_dist_1e8vcs8._.js:776
[  494853ms] [LOG] [Fast Refresh] done in 29ms @ http://localhost:3010/_next/static/chunks/node_modules_next_dist_1e8vcs8._.js:776
[  494916ms] [LOG] [Fast Refresh] done in 29ms @ http://localhost:3010/_next/static/chunks/node_modules_next_dist_1e8vcs8._.js:776
[  494980ms] [LOG] [Fast Refresh] done in 29ms @ http://localhost:3010/_next/static/chunks/node_modules_next_dist_1e8vcs8._.js:776
[  495043ms] [LOG] [Fast Refresh] done in 29ms @ http://localhost:3010/_next/static/chunks/node_modules_next_dist_1e8vcs8._.js:776
[  495106ms] [LOG] [Fast Refresh] done in 29ms @ http://localhost:3010/_next/static/chunks/node_modules_next_dist_1e8vcs8._.js:776
[  495169ms] [LOG] [Fast Refresh] done in 29ms @ http://localhost:3010/_next/static/chunks/node_modules_next_dist_1e8vcs8._.js:776
[  495231ms] [LOG] [Fast Refresh] done in 29ms @ http://localhost:3010/_next/static/chunks/node_modules_next_dist_1e8vcs8._.js:776
[  495294ms] [LOG] [Fast Refresh] done in 29ms @ http://localhost:3010/_next/static/chunks/node_modules_next_dist_1e8vcs8._.js:776
[  495358ms] [LOG] [Fast Refresh] done in 29ms @ http://localhost:3010/_next/static/chunks/node_modules_next_dist_1e8vcs8._.js:776
[  495420ms] [LOG] [Fast Refresh] done in 29ms @ http://localhost:3010/_next/static/chunks/node_modules_next_dist_1e8vcs8._.js:776
[  495483ms] [LOG] [Fast Refresh] done in 29ms @ http://localhost:3010/_next/static/chunks/node_modules_next_dist_1e8vcs8._.js:776
[  495547ms] [LOG] [Fast Refresh] done in 29ms @ http://localhost:3010/_next/static/chunks/node_modules_next_dist_1e8vcs8._.js:776
[  495610ms] [LOG] [Fast Refresh] done in 29ms @ http://localhost:3010/_next/static/chunks/node_modules_next_dist_1e8vcs8._.js:776
[  495672ms] [LOG] [Fast Refresh] done in 29ms @ http://localhost:3010/_next/static/chunks/node_modules_next_dist_1e8vcs8._.js:776
[  495735ms] [LOG] [Fast Refresh] done in 29ms @ http://localhost:3010/_next/static/chunks/node_modules_next_dist_1e8vcs8._.js:776
[  495798ms] [LOG] [Fast Refresh] done in 29ms @ http://localhost:3010/_next/static/chunks/node_modules_next_dist_1e8vcs8._.js:776
[  495861ms] [LOG] [Fast Refresh] done in 29ms @ http://localhost:3010/_next/static/chunks/node_modules_next_dist_1e8vcs8._.js:776
[  495909ms] [LOG] [Fast Refresh] done in 29ms @ http://localhost:3010/_next/static/chunks/node_modules_next_dist_1e8vcs8._.js:776
[  495972ms] [LOG] [Fast Refresh] done in 29ms @ http://localhost:3010/_next/static/chunks/node_modules_next_dist_1e8vcs8._.js:776
[  496035ms] [LOG] [Fast Refresh] done in 29ms @ http://localhost:3010/_next/static/chunks/node_modules_next_dist_1e8vcs8._.js:776
[  496083ms] [LOG] [Fast Refresh] done in 29ms @ http://localhost:3010/_next/static/chunks/node_modules_next_dist_1e8vcs8._.js:776
[  496147ms] [LOG] [Fast Refresh] done in 29ms @ http://localhost:3010/_next/static/chunks/node_modules_next_dist_1e8vcs8._.js:776
[  496210ms] [LOG] [Fast Refresh] done in 29ms @ http://localhost:3010/_next/static/chunks/node_modules_next_dist_1e8vcs8._.js:776
[  496257ms] [LOG] [Fast Refresh] done in 29ms @ http://localhost:3010/_next/static/chunks/node_modules_next_dist_1e8vcs8._.js:776
[  496305ms] [LOG] [Fast Refresh] done in 29ms @ http://localhost:3010/_next/static/chunks/node_modules_next_dist_1e8vcs8._.js:776
[  496368ms] [LOG] [Fast Refresh] done in 29ms @ http://localhost:3010/_next/static/chunks/node_modules_next_dist_1e8vcs8._.js:776
[  496431ms] [LOG] [Fast Refresh] done in 29ms @ http://localhost:3010/_next/static/chunks/node_modules_next_dist_1e8vcs8._.js:776
[  496494ms] [LOG] [Fast Refresh] done in 29ms @ http://localhost:3010/_next/static/chunks/node_modules_next_dist_1e8vcs8._.js:776
[  496557ms] [LOG] [Fast Refresh] done in 29ms @ http://localhost:3010/_next/static/chunks/node_modules_next_dist_1e8vcs8._.js:776
[  496620ms] [LOG] [Fast Refresh] done in 29ms @ http://localhost:3010/_next/static/chunks/node_modules_next_dist_1e8vcs8._.js:776
[  496683ms] [LOG] [Fast Refresh] done in 29ms @ http://localhost:3010/_next/static/chunks/node_modules_next_dist_1e8vcs8._.js:776
[  496747ms] [LOG] [Fast Refresh] done in 29ms @ http://localhost:3010/_next/static/chunks/node_modules_next_dist_1e8vcs8._.js:776
[  496810ms] [LOG] [Fast Refresh] done in 29ms @ http://localhost:3010/_next/static/chunks/node_modules_next_dist_1e8vcs8._.js:776
[  496872ms] [LOG] [Fast Refresh] done in 29ms @ http://localhost:3010/_next/static/chunks/node_modules_next_dist_1e8vcs8._.js:776
[  496935ms] [LOG] [Fast Refresh] done in 29ms @ http://localhost:3010/_next/static/chunks/node_modules_next_dist_1e8vcs8._.js:776
[  496982ms] [LOG] [Fast Refresh] done in 29ms @ http://localhost:3010/_next/static/chunks/node_modules_next_dist_1e8vcs8._.js:776
[  497044ms] [LOG] [Fast Refresh] done in 29ms @ http://localhost:3010/_next/static/chunks/node_modules_next_dist_1e8vcs8._.js:776
[  497108ms] [LOG] [Fast Refresh] done in 29ms @ http://localhost:3010/_next/static/chunks/node_modules_next_dist_1e8vcs8._.js:776
[  497155ms] [LOG] [Fast Refresh] done in 29ms @ http://localhost:3010/_next/static/chunks/node_modules_next_dist_1e8vcs8._.js:776
[  497218ms] [LOG] [Fast Refresh] done in 29ms @ http://localhost:3010/_next/static/chunks/node_modules_next_dist_1e8vcs8._.js:776
[  497266ms] [LOG] [Fast Refresh] done in 29ms @ http://localhost:3010/_next/static/chunks/node_modules_next_dist_1e8vcs8._.js:776
[  497329ms] [LOG] [Fast Refresh] done in 29ms @ http://localhost:3010/_next/static/chunks/node_modules_next_dist_1e8vcs8._.js:776
[  497392ms] [LOG] [Fast Refresh] done in 29ms @ http://localhost:3010/_next/static/chunks/node_modules_next_dist_1e8vcs8._.js:776
[  497455ms] [LOG] [Fast Refresh] done in 29ms @ http://localhost:3010/_next/static/chunks/node_modules_next_dist_1e8vcs8._.js:776
[  497518ms] [LOG] [Fast Refresh] done in 29ms @ http://localhost:3010/_next/static/chunks/node_modules_next_dist_1e8vcs8._.js:776
[  497580ms] [LOG] [Fast Refresh] done in 29ms @ http://localhost:3010/_next/static/chunks/node_modules_next_dist_1e8vcs8._.js:776
[  497643ms] [LOG] [Fast Refresh] done in 29ms @ http://localhost:3010/_next/static/chunks/node_modules_next_dist_1e8vcs8._.js:776
[  497707ms] [LOG] [Fast Refresh] done in 29ms @ http://localhost:3010/_next/static/chunks/node_modules_next_dist_1e8vcs8._.js:776
[  497755ms] [LOG] [Fast Refresh] done in 29ms @ http://localhost:3010/_next/static/chunks/node_modules_next_dist_1e8vcs8._.js:776
[  497802ms] [LOG] [Fast Refresh] done in 29ms @ http://localhost:3010/_next/static/chunks/node_modules_next_dist_1e8vcs8._.js:776
[  497865ms] [LOG] [Fast Refresh] done in 29ms @ http://localhost:3010/_next/static/chunks/node_modules_next_dist_1e8vcs8._.js:776
[  497928ms] [LOG] [Fast Refresh] done in 29ms @ http://localhost:3010/_next/static/chunks/node_modules_next_dist_1e8vcs8._.js:776
[  497990ms] [LOG] [Fast Refresh] done in 29ms @ http://localhost:3010/_next/static/chunks/node_modules_next_dist_1e8vcs8._.js:776
[  498053ms] [LOG] [Fast Refresh] done in 29ms @ http://localhost:3010/_next/static/chunks/node_modules_next_dist_1e8vcs8._.js:776
[  498116ms] [LOG] [Fast Refresh] done in 29ms @ http://localhost:3010/_next/static/chunks/node_modules_next_dist_1e8vcs8._.js:776
[  498179ms] [LOG] [Fast Refresh] done in 29ms @ http://localhost:3010/_next/static/chunks/node_modules_next_dist_1e8vcs8._.js:776
[  498242ms] [LOG] [Fast Refresh] done in 29ms @ http://localhost:3010/_next/static/chunks/node_modules_next_dist_1e8vcs8._.js:776
[  498305ms] [LOG] [Fast Refresh] done in 29ms @ http://localhost:3010/_next/static/chunks/node_modules_next_dist_1e8vcs8._.js:776
[  498368ms] [LOG] [Fast Refresh] done in 29ms @ http://localhost:3010/_next/static/chunks/node_modules_next_dist_1e8vcs8._.js:776
[  498415ms] [LOG] [Fast Refresh] done in 29ms @ http://localhost:3010/_next/static/chunks/node_modules_next_dist_1e8vcs8._.js:776
[  498478ms] [LOG] [Fast Refresh] done in 29ms @ http://localhost:3010/_next/static/chunks/node_modules_next_dist_1e8vcs8._.js:776
[  498526ms] [LOG] [Fast Refresh] done in 29ms @ http://localhost:3010/_next/static/chunks/node_modules_next_dist_1e8vcs8._.js:776
[  498587ms] [LOG] [Fast Refresh] done in 29ms @ http://localhost:3010/_next/static/chunks/node_modules_next_dist_1e8vcs8._.js:776
[  498651ms] [LOG] [Fast Refresh] done in 29ms @ http://localhost:3010/_next/static/chunks/node_modules_next_dist_1e8vcs8._.js:776
[  498714ms] [LOG] [Fast Refresh] done in 29ms @ http://localhost:3010/_next/static/chunks/node_modules_next_dist_1e8vcs8._.js:776
[  498777ms] [LOG] [Fast Refresh] done in 29ms @ http://localhost:3010/_next/static/chunks/node_modules_next_dist_1e8vcs8._.js:776
[  498840ms] [LOG] [Fast Refresh] done in 29ms @ http://localhost:3010/_next/static/chunks/node_modules_next_dist_1e8vcs8._.js:776
[  498902ms] [LOG] [Fast Refresh] done in 29ms @ http://localhost:3010/_next/static/chunks/node_modules_next_dist_1e8vcs8._.js:776
[  498953ms] [LOG] [Fast Refresh] done in 29ms @ http://localhost:3010/_next/static/chunks/node_modules_next_dist_1e8vcs8._.js:776
[  499003ms] [LOG] [Fast Refresh] done in 29ms @ http://localhost:3010/_next/static/chunks/node_modules_next_dist_1e8vcs8._.js:776
[  499049ms] [LOG] [Fast Refresh] done in 29ms @ http://localhost:3010/_next/static/chunks/node_modules_next_dist_1e8vcs8._.js:776
[  499098ms] [LOG] [Fast Refresh] done in 29ms @ http://localhost:3010/_next/static/chunks/node_modules_next_dist_1e8vcs8._.js:776
[  499143ms] [LOG] [Fast Refresh] done in 29ms @ http://localhost:3010/_next/static/chunks/node_modules_next_dist_1e8vcs8._.js:776
[  499203ms] [LOG] [Fast Refresh] done in 29ms @ http://localhost:3010/_next/static/chunks/node_modules_next_dist_1e8vcs8._.js:776
[  499252ms] [LOG] [Fast Refresh] done in 29ms @ http://localhost:3010/_next/static/chunks/node_modules_next_dist_1e8vcs8._.js:776
[  499302ms] [LOG] [Fast Refresh] done in 29ms @ http://localhost:3010/_next/static/chunks/node_modules_next_dist_1e8vcs8._.js:776
[  499349ms] [LOG] [Fast Refresh] done in 29ms @ http://localhost:3010/_next/static/chunks/node_modules_next_dist_1e8vcs8._.js:776
[  499393ms] [LOG] [Fast Refresh] done in 29ms @ http://localhost:3010/_next/static/chunks/node_modules_next_dist_1e8vcs8._.js:776
[  499442ms] [LOG] [Fast Refresh] done in 29ms @ http://localhost:3010/_next/static/chunks/node_modules_next_dist_1e8vcs8._.js:776
[  499493ms] [LOG] [Fast Refresh] done in 29ms @ http://localhost:3010/_next/static/chunks/node_modules_next_dist_1e8vcs8._.js:776
[  499539ms] [LOG] [Fast Refresh] done in 29ms @ http://localhost:3010/_next/static/chunks/node_modules_next_dist_1e8vcs8._.js:776
[  499583ms] [LOG] [Fast Refresh] done in 29ms @ http://localhost:3010/_next/static/chunks/node_modules_next_dist_1e8vcs8._.js:776
[  499643ms] [LOG] [Fast Refresh] done in 29ms @ http://localhost:3010/_next/static/chunks/node_modules_next_dist_1e8vcs8._.js:776
[  499693ms] [LOG] [Fast Refresh] done in 29ms @ http://localhost:3010/_next/static/chunks/node_modules_next_dist_1e8vcs8._.js:776
[  499743ms] [LOG] [Fast Refresh] done in 29ms @ http://localhost:3010/_next/static/chunks/node_modules_next_dist_1e8vcs8._.js:776
[  499793ms] [LOG] [Fast Refresh] done in 29ms @ http://localhost:3010/_next/static/chunks/node_modules_next_dist_1e8vcs8._.js:776
[  499843ms] [LOG] [Fast Refresh] done in 29ms @ http://localhost:3010/_next/static/chunks/node_modules_next_dist_1e8vcs8._.js:776
[  499893ms] [LOG] [Fast Refresh] done in 29ms @ http://localhost:3010/_next/static/chunks/node_modules_next_dist_1e8vcs8._.js:776
[  499938ms] [LOG] [Fast Refresh] done in 29ms @ http://localhost:3010/_next/static/chunks/node_modules_next_dist_1e8vcs8._.js:776
[  499993ms] [LOG] [Fast Refresh] done in 29ms @ http://localhost:3010/_next/static/chunks/node_modules_next_dist_1e8vcs8._.js:776
[  500042ms] [LOG] [Fast Refresh] done in 29ms @ http://localhost:3010/_next/static/chunks/node_modules_next_dist_1e8vcs8._.js:776
[  500093ms] [LOG] [Fast Refresh] done in 29ms @ http://localhost:3010/_next/static/chunks/node_modules_next_dist_1e8vcs8._.js:776
[  500138ms] [LOG] [Fast Refresh] done in 29ms @ http://localhost:3010/_next/static/chunks/node_modules_next_dist_1e8vcs8._.js:776
[  500179ms] [LOG] [Fast Refresh] done in 29ms @ http://localhost:3010/_next/static/chunks/node_modules_next_dist_1e8vcs8._.js:776
[  500218ms] [LOG] [Fast Refresh] done in 29ms @ http://localhost:3010/_next/static/chunks/node_modules_next_dist_1e8vcs8._.js:776
[  500263ms] [LOG] [Fast Refresh] done in 29ms @ http://localhost:3010/_next/static/chunks/node_modules_next_dist_1e8vcs8._.js:776
[  500312ms] [LOG] [Fast Refresh] done in 29ms @ http://localhost:3010/_next/static/chunks/node_modules_next_dist_1e8vcs8._.js:776
[  500353ms] [LOG] [Fast Refresh] done in 29ms @ http://localhost:3010/_next/static/chunks/node_modules_next_dist_1e8vcs8._.js:776
[  500403ms] [LOG] [Fast Refresh] done in 29ms @ http://localhost:3010/_next/static/chunks/node_modules_next_dist_1e8vcs8._.js:776
[  500453ms] [LOG] [Fast Refresh] done in 29ms @ http://localhost:3010/_next/static/chunks/node_modules_next_dist_1e8vcs8._.js:776
[  500502ms] [LOG] [Fast Refresh] done in 29ms @ http://localhost:3010/_next/static/chunks/node_modules_next_dist_1e8vcs8._.js:776
[  500553ms] [LOG] [Fast Refresh] done in 29ms @ http://localhost:3010/_next/static/chunks/node_modules_next_dist_1e8vcs8._.js:776
[  500603ms] [LOG] [Fast Refresh] done in 29ms @ http://localhost:3010/_next/static/chunks/node_modules_next_dist_1e8vcs8._.js:776
[  500658ms] [LOG] [Fast Refresh] done in 29ms @ http://localhost:3010/_next/static/chunks/node_modules_next_dist_1e8vcs8._.js:776
[  500712ms] [LOG] [Fast Refresh] done in 29ms @ http://localhost:3010/_next/static/chunks/node_modules_next_dist_1e8vcs8._.js:776
[  500763ms] [LOG] [Fast Refresh] done in 29ms @ http://localhost:3010/_next/static/chunks/node_modules_next_dist_1e8vcs8._.js:776
[  500813ms] [LOG] [Fast Refresh] done in 29ms @ http://localhost:3010/_next/static/chunks/node_modules_next_dist_1e8vcs8._.js:776
[  500863ms] [LOG] [Fast Refresh] done in 29ms @ http://localhost:3010/_next/static/chunks/node_modules_next_dist_1e8vcs8._.js:776
[  500913ms] [LOG] [Fast Refresh] done in 29ms @ http://localhost:3010/_next/static/chunks/node_modules_next_dist_1e8vcs8._.js:776
[  500963ms] [LOG] [Fast Refresh] done in 29ms @ http://localhost:3010/_next/static/chunks/node_modules_next_dist_1e8vcs8._.js:776
[  501013ms] [LOG] [Fast Refresh] done in 29ms @ http://localhost:3010/_next/static/chunks/node_modules_next_dist_1e8vcs8._.js:776
[  501063ms] [LOG] [Fast Refresh] done in 29ms @ http://localhost:3010/_next/static/chunks/node_modules_next_dist_1e8vcs8._.js:776
[  501112ms] [LOG] [Fast Refresh] done in 29ms @ http://localhost:3010/_next/static/chunks/node_modules_next_dist_1e8vcs8._.js:776
[  501163ms] [LOG] [Fast Refresh] done in 29ms @ http://localhost:3010/_next/static/chunks/node_modules_next_dist_1e8vcs8._.js:776
[  501213ms] [LOG] [Fast Refresh] done in 29ms @ http://localhost:3010/_next/static/chunks/node_modules_next_dist_1e8vcs8._.js:776
[  501263ms] [LOG] [Fast Refresh] done in 29ms @ http://localhost:3010/_next/static/chunks/node_modules_next_dist_1e8vcs8._.js:776
[  501314ms] [LOG] [Fast Refresh] done in 29ms @ http://localhost:3010/_next/static/chunks/node_modules_next_dist_1e8vcs8._.js:776
[  501363ms] [LOG] [Fast Refresh] done in 29ms @ http://localhost:3010/_next/static/chunks/node_modules_next_dist_1e8vcs8._.js:776
[  501412ms] [LOG] [Fast Refresh] done in 29ms @ http://localhost:3010/_next/static/chunks/node_modules_next_dist_1e8vcs8._.js:776
[  501463ms] [LOG] [Fast Refresh] done in 29ms @ http://localhost:3010/_next/static/chunks/node_modules_next_dist_1e8vcs8._.js:776
[  501513ms] [LOG] [Fast Refresh] done in 29ms @ http://localhost:3010/_next/static/chunks/node_modules_next_dist_1e8vcs8._.js:776
[  501563ms] [LOG] [Fast Refresh] done in 29ms @ http://localhost:3010/_next/static/chunks/node_modules_next_dist_1e8vcs8._.js:776
[  501619ms] [LOG] [Fast Refresh] done in 29ms @ http://localhost:3010/_next/static/chunks/node_modules_next_dist_1e8vcs8._.js:776
[  501663ms] [LOG] [Fast Refresh] done in 29ms @ http://localhost:3010/_next/static/chunks/node_modules_next_dist_1e8vcs8._.js:776
[  501713ms] [LOG] [Fast Refresh] done in 29ms @ http://localhost:3010/_next/static/chunks/node_modules_next_dist_1e8vcs8._.js:776
[  501763ms] [LOG] [Fast Refresh] done in 29ms @ http://localhost:3010/_next/static/chunks/node_modules_next_dist_1e8vcs8._.js:776
[  501818ms] [LOG] [Fast Refresh] done in 29ms @ http://localhost:3010/_next/static/chunks/node_modules_next_dist_1e8vcs8._.js:776
[  501864ms] [LOG] [Fast Refresh] done in 29ms @ http://localhost:3010/_next/static/chunks/node_modules_next_dist_1e8vcs8._.js:776
[  501913ms] [LOG] [Fast Refresh] done in 29ms @ http://localhost:3010/_next/static/chunks/node_modules_next_dist_1e8vcs8._.js:776
[  501963ms] [LOG] [Fast Refresh] done in 29ms @ http://localhost:3010/_next/static/chunks/node_modules_next_dist_1e8vcs8._.js:776
[  502013ms] [LOG] [Fast Refresh] done in 29ms @ http://localhost:3010/_next/static/chunks/node_modules_next_dist_1e8vcs8._.js:776
[  502063ms] [LOG] [Fast Refresh] done in 29ms @ http://localhost:3010/_next/static/chunks/node_modules_next_dist_1e8vcs8._.js:776
[  502113ms] [LOG] [Fast Refresh] done in 29ms @ http://localhost:3010/_next/static/chunks/node_modules_next_dist_1e8vcs8._.js:776
[  502163ms] [LOG] [Fast Refresh] done in 29ms @ http://localhost:3010/_next/static/chunks/node_modules_next_dist_1e8vcs8._.js:776
[  502213ms] [LOG] [Fast Refresh] done in 29ms @ http://localhost:3010/_next/static/chunks/node_modules_next_dist_1e8vcs8._.js:776
[  502263ms] [LOG] [Fast Refresh] done in 29ms @ http://localhost:3010/_next/static/chunks/node_modules_next_dist_1e8vcs8._.js:776
[  502313ms] [LOG] [Fast Refresh] done in 29ms @ http://localhost:3010/_next/static/chunks/node_modules_next_dist_1e8vcs8._.js:776
[  502363ms] [LOG] [Fast Refresh] done in 29ms @ http://localhost:3010/_next/static/chunks/node_modules_next_dist_1e8vcs8._.js:776
[  502413ms] [LOG] [Fast Refresh] done in 29ms @ http://localhost:3010/_next/static/chunks/node_modules_next_dist_1e8vcs8._.js:776
[  502463ms] [LOG] [Fast Refresh] done in 29ms @ http://localhost:3010/_next/static/chunks/node_modules_next_dist_1e8vcs8._.js:776
[  502513ms] [LOG] [Fast Refresh] done in 29ms @ http://localhost:3010/_next/static/chunks/node_modules_next_dist_1e8vcs8._.js:776
[  502563ms] [LOG] [Fast Refresh] done in 29ms @ http://localhost:3010/_next/static/chunks/node_modules_next_dist_1e8vcs8._.js:776
[  502613ms] [LOG] [Fast Refresh] done in 29ms @ http://localhost:3010/_next/static/chunks/node_modules_next_dist_1e8vcs8._.js:776
[  502663ms] [LOG] [Fast Refresh] done in 29ms @ http://localhost:3010/_next/static/chunks/node_modules_next_dist_1e8vcs8._.js:776
[  502713ms] [LOG] [Fast Refresh] done in 29ms @ http://localhost:3010/_next/static/chunks/node_modules_next_dist_1e8vcs8._.js:776
[  502763ms] [LOG] [Fast Refresh] done in 29ms @ http://localhost:3010/_next/static/chunks/node_modules_next_dist_1e8vcs8._.js:776
[  502813ms] [LOG] [Fast Refresh] done in 29ms @ http://localhost:3010/_next/static/chunks/node_modules_next_dist_1e8vcs8._.js:776
[  502863ms] [LOG] [Fast Refresh] done in 29ms @ http://localhost:3010/_next/static/chunks/node_modules_next_dist_1e8vcs8._.js:776
[  502913ms] [LOG] [Fast Refresh] done in 29ms @ http://localhost:3010/_next/static/chunks/node_modules_next_dist_1e8vcs8._.js:776
[  502968ms] [LOG] [Fast Refresh] done in 29ms @ http://localhost:3010/_next/static/chunks/node_modules_next_dist_1e8vcs8._.js:776
[  503031ms] [LOG] [Fast Refresh] done in 29ms @ http://localhost:3010/_next/static/chunks/node_modules_next_dist_1e8vcs8._.js:776
[  503094ms] [LOG] [Fast Refresh] done in 29ms @ http://localhost:3010/_next/static/chunks/node_modules_next_dist_1e8vcs8._.js:776
[  503158ms] [LOG] [Fast Refresh] done in 29ms @ http://localhost:3010/_next/static/chunks/node_modules_next_dist_1e8vcs8._.js:776
[  503220ms] [LOG] [Fast Refresh] done in 29ms @ http://localhost:3010/_next/static/chunks/node_modules_next_dist_1e8vcs8._.js:776
[  503267ms] [LOG] [Fast Refresh] done in 29ms @ http://localhost:3010/_next/static/chunks/node_modules_next_dist_1e8vcs8._.js:776
[  503315ms] [LOG] [Fast Refresh] done in 29ms @ http://localhost:3010/_next/static/chunks/node_modules_next_dist_1e8vcs8._.js:776
[  503379ms] [LOG] [Fast Refresh] done in 29ms @ http://localhost:3010/_next/static/chunks/node_modules_next_dist_1e8vcs8._.js:776
[  503441ms] [LOG] [Fast Refresh] done in 29ms @ http://localhost:3010/_next/static/chunks/node_modules_next_dist_1e8vcs8._.js:776
[  503502ms] [LOG] [Fast Refresh] done in 29ms @ http://localhost:3010/_next/static/chunks/node_modules_next_dist_1e8vcs8._.js:776
[  503566ms] [LOG] [Fast Refresh] done in 29ms @ http://localhost:3010/_next/static/chunks/node_modules_next_dist_1e8vcs8._.js:776
[  503629ms] [LOG] [Fast Refresh] done in 29ms @ http://localhost:3010/_next/static/chunks/node_modules_next_dist_1e8vcs8._.js:776
[  503692ms] [LOG] [Fast Refresh] done in 29ms @ http://localhost:3010/_next/static/chunks/node_modules_next_dist_1e8vcs8._.js:776
[  503756ms] [LOG] [Fast Refresh] done in 29ms @ http://localhost:3010/_next/static/chunks/node_modules_next_dist_1e8vcs8._.js:776
[  503818ms] [LOG] [Fast Refresh] done in 29ms @ http://localhost:3010/_next/static/chunks/node_modules_next_dist_1e8vcs8._.js:776
[  503880ms] [LOG] [Fast Refresh] done in 29ms @ http://localhost:3010/_next/static/chunks/node_modules_next_dist_1e8vcs8._.js:776
[  503944ms] [LOG] [Fast Refresh] done in 29ms @ http://localhost:3010/_next/static/chunks/node_modules_next_dist_1e8vcs8._.js:776
[  504007ms] [LOG] [Fast Refresh] done in 29ms @ http://localhost:3010/_next/static/chunks/node_modules_next_dist_1e8vcs8._.js:776
[  504069ms] [LOG] [Fast Refresh] done in 29ms @ http://localhost:3010/_next/static/chunks/node_modules_next_dist_1e8vcs8._.js:776
[  504117ms] [LOG] [Fast Refresh] done in 29ms @ http://localhost:3010/_next/static/chunks/node_modules_next_dist_1e8vcs8._.js:776
[  504180ms] [LOG] [Fast Refresh] done in 29ms @ http://localhost:3010/_next/static/chunks/node_modules_next_dist_1e8vcs8._.js:776
[  504243ms] [LOG] [Fast Refresh] done in 29ms @ http://localhost:3010/_next/static/chunks/node_modules_next_dist_1e8vcs8._.js:776
[  504306ms] [LOG] [Fast Refresh] done in 29ms @ http://localhost:3010/_next/static/chunks/node_modules_next_dist_1e8vcs8._.js:776
[  504369ms] [LOG] [Fast Refresh] done in 29ms @ http://localhost:3010/_next/static/chunks/node_modules_next_dist_1e8vcs8._.js:776
[  504433ms] [LOG] [Fast Refresh] done in 29ms @ http://localhost:3010/_next/static/chunks/node_modules_next_dist_1e8vcs8._.js:776
[  504495ms] [LOG] [Fast Refresh] done in 29ms @ http://localhost:3010/_next/static/chunks/node_modules_next_dist_1e8vcs8._.js:776
[  504558ms] [LOG] [Fast Refresh] done in 29ms @ http://localhost:3010/_next/static/chunks/node_modules_next_dist_1e8vcs8._.js:776
[  504621ms] [LOG] [Fast Refresh] done in 29ms @ http://localhost:3010/_next/static/chunks/node_modules_next_dist_1e8vcs8._.js:776
[  504684ms] [LOG] [Fast Refresh] done in 29ms @ http://localhost:3010/_next/static/chunks/node_modules_next_dist_1e8vcs8._.js:776
[  504747ms] [LOG] [Fast Refresh] done in 29ms @ http://localhost:3010/_next/static/chunks/node_modules_next_dist_1e8vcs8._.js:776
[  504809ms] [LOG] [Fast Refresh] done in 29ms @ http://localhost:3010/_next/static/chunks/node_modules_next_dist_1e8vcs8._.js:776
[  504871ms] [LOG] [Fast Refresh] done in 29ms @ http://localhost:3010/_next/static/chunks/node_modules_next_dist_1e8vcs8._.js:776
[  504919ms] [LOG] [Fast Refresh] done in 29ms @ http://localhost:3010/_next/static/chunks/node_modules_next_dist_1e8vcs8._.js:776
[  504983ms] [LOG] [Fast Refresh] done in 29ms @ http://localhost:3010/_next/static/chunks/node_modules_next_dist_1e8vcs8._.js:776
[  505046ms] [LOG] [Fast Refresh] done in 29ms @ http://localhost:3010/_next/static/chunks/node_modules_next_dist_1e8vcs8._.js:776
[  505110ms] [LOG] [Fast Refresh] done in 29ms @ http://localhost:3010/_next/static/chunks/node_modules_next_dist_1e8vcs8._.js:776
[  505158ms] [LOG] [Fast Refresh] done in 29ms @ http://localhost:3010/_next/static/chunks/node_modules_next_dist_1e8vcs8._.js:776
[  505220ms] [LOG] [Fast Refresh] done in 29ms @ http://localhost:3010/_next/static/chunks/node_modules_next_dist_1e8vcs8._.js:776
[  505282ms] [LOG] [Fast Refresh] done in 29ms @ http://localhost:3010/_next/static/chunks/node_modules_next_dist_1e8vcs8._.js:776
[  505346ms] [LOG] [Fast Refresh] done in 29ms @ http://localhost:3010/_next/static/chunks/node_modules_next_dist_1e8vcs8._.js:776
[  505393ms] [LOG] [Fast Refresh] done in 29ms @ http://localhost:3010/_next/static/chunks/node_modules_next_dist_1e8vcs8._.js:776
[  505456ms] [LOG] [Fast Refresh] done in 29ms @ http://localhost:3010/_next/static/chunks/node_modules_next_dist_1e8vcs8._.js:776
[  505519ms] [LOG] [Fast Refresh] done in 29ms @ http://localhost:3010/_next/static/chunks/node_modules_next_dist_1e8vcs8._.js:776
[  505582ms] [LOG] [Fast Refresh] done in 29ms @ http://localhost:3010/_next/static/chunks/node_modules_next_dist_1e8vcs8._.js:776
[  505646ms] [LOG] [Fast Refresh] done in 29ms @ http://localhost:3010/_next/static/chunks/node_modules_next_dist_1e8vcs8._.js:776
[  505708ms] [LOG] [Fast Refresh] done in 29ms @ http://localhost:3010/_next/static/chunks/node_modules_next_dist_1e8vcs8._.js:776
[  505772ms] [LOG] [Fast Refresh] done in 29ms @ http://localhost:3010/_next/static/chunks/node_modules_next_dist_1e8vcs8._.js:776
[  505834ms] [LOG] [Fast Refresh] done in 29ms @ http://localhost:3010/_next/static/chunks/node_modules_next_dist_1e8vcs8._.js:776
[  505896ms] [LOG] [Fast Refresh] done in 29ms @ http://localhost:3010/_next/static/chunks/node_modules_next_dist_1e8vcs8._.js:776
[  505960ms] [LOG] [Fast Refresh] done in 29ms @ http://localhost:3010/_next/static/chunks/node_modules_next_dist_1e8vcs8._.js:776
[  506023ms] [LOG] [Fast Refresh] done in 29ms @ http://localhost:3010/_next/static/chunks/node_modules_next_dist_1e8vcs8._.js:776
[  506086ms] [LOG] [Fast Refresh] done in 29ms @ http://localhost:3010/_next/static/chunks/node_modules_next_dist_1e8vcs8._.js:776
[  506149ms] [LOG] [Fast Refresh] done in 29ms @ http://localhost:3010/_next/static/chunks/node_modules_next_dist_1e8vcs8._.js:776
[  506212ms] [LOG] [Fast Refresh] done in 29ms @ http://localhost:3010/_next/static/chunks/node_modules_next_dist_1e8vcs8._.js:776
[  506274ms] [LOG] [Fast Refresh] done in 29ms @ http://localhost:3010/_next/static/chunks/node_modules_next_dist_1e8vcs8._.js:776
[  506322ms] [LOG] [Fast Refresh] done in 29ms @ http://localhost:3010/_next/static/chunks/node_modules_next_dist_1e8vcs8._.js:776
[  506385ms] [LOG] [Fast Refresh] done in 29ms @ http://localhost:3010/_next/static/chunks/node_modules_next_dist_1e8vcs8._.js:776
[  506449ms] [LOG] [Fast Refresh] done in 29ms @ http://localhost:3010/_next/static/chunks/node_modules_next_dist_1e8vcs8._.js:776
[  506513ms] [LOG] [Fast Refresh] done in 29ms @ http://localhost:3010/_next/static/chunks/node_modules_next_dist_1e8vcs8._.js:776
[  506575ms] [LOG] [Fast Refresh] done in 29ms @ http://localhost:3010/_next/static/chunks/node_modules_next_dist_1e8vcs8._.js:776
[  506624ms] [LOG] [Fast Refresh] done in 29ms @ http://localhost:3010/_next/static/chunks/node_modules_next_dist_1e8vcs8._.js:776
[  506688ms] [LOG] [Fast Refresh] done in 29ms @ http://localhost:3010/_next/static/chunks/node_modules_next_dist_1e8vcs8._.js:776
[  506750ms] [LOG] [Fast Refresh] done in 29ms @ http://localhost:3010/_next/static/chunks/node_modules_next_dist_1e8vcs8._.js:776
[  506813ms] [LOG] [Fast Refresh] done in 29ms @ http://localhost:3010/_next/static/chunks/node_modules_next_dist_1e8vcs8._.js:776
[  506861ms] [LOG] [Fast Refresh] done in 29ms @ http://localhost:3010/_next/static/chunks/node_modules_next_dist_1e8vcs8._.js:776
[  506909ms] [LOG] [Fast Refresh] done in 29ms @ http://localhost:3010/_next/static/chunks/node_modules_next_dist_1e8vcs8._.js:776
[  506963ms] [LOG] [Fast Refresh] done in 29ms @ http://localhost:3010/_next/static/chunks/node_modules_next_dist_1e8vcs8._.js:776
[  507015ms] [LOG] [Fast Refresh] done in 29ms @ http://localhost:3010/_next/static/chunks/node_modules_next_dist_1e8vcs8._.js:776
[  507063ms] [LOG] [Fast Refresh] done in 29ms @ http://localhost:3010/_next/static/chunks/node_modules_next_dist_1e8vcs8._.js:776
[  507113ms] [LOG] [Fast Refresh] done in 29ms @ http://localhost:3010/_next/static/chunks/node_modules_next_dist_1e8vcs8._.js:776
[  507163ms] [LOG] [Fast Refresh] done in 29ms @ http://localhost:3010/_next/static/chunks/node_modules_next_dist_1e8vcs8._.js:776
[  507213ms] [LOG] [Fast Refresh] done in 29ms @ http://localhost:3010/_next/static/chunks/node_modules_next_dist_1e8vcs8._.js:776
[  507263ms] [LOG] [Fast Refresh] done in 29ms @ http://localhost:3010/_next/static/chunks/node_modules_next_dist_1e8vcs8._.js:776
[  507313ms] [LOG] [Fast Refresh] done in 29ms @ http://localhost:3010/_next/static/chunks/node_modules_next_dist_1e8vcs8._.js:776
[  507373ms] [LOG] [Fast Refresh] done in 29ms @ http://localhost:3010/_next/static/chunks/node_modules_next_dist_1e8vcs8._.js:776
[  507423ms] [LOG] [Fast Refresh] done in 29ms @ http://localhost:3010/_next/static/chunks/node_modules_next_dist_1e8vcs8._.js:776
[  507473ms] [LOG] [Fast Refresh] done in 29ms @ http://localhost:3010/_next/static/chunks/node_modules_next_dist_1e8vcs8._.js:776
[  507524ms] [LOG] [Fast Refresh] done in 29ms @ http://localhost:3010/_next/static/chunks/node_modules_next_dist_1e8vcs8._.js:776
[  507573ms] [LOG] [Fast Refresh] done in 29ms @ http://localhost:3010/_next/static/chunks/node_modules_next_dist_1e8vcs8._.js:776
[  507623ms] [LOG] [Fast Refresh] done in 29ms @ http://localhost:3010/_next/static/chunks/node_modules_next_dist_1e8vcs8._.js:776
[  507668ms] [LOG] [Fast Refresh] done in 29ms @ http://localhost:3010/_next/static/chunks/node_modules_next_dist_1e8vcs8._.js:776
[  507713ms] [LOG] [Fast Refresh] done in 29ms @ http://localhost:3010/_next/static/chunks/node_modules_next_dist_1e8vcs8._.js:776
[  507763ms] [LOG] [Fast Refresh] done in 29ms @ http://localhost:3010/_next/static/chunks/node_modules_next_dist_1e8vcs8._.js:776
[  507813ms] [LOG] [Fast Refresh] done in 29ms @ http://localhost:3010/_next/static/chunks/node_modules_next_dist_1e8vcs8._.js:776
[  507863ms] [LOG] [Fast Refresh] done in 29ms @ http://localhost:3010/_next/static/chunks/node_modules_next_dist_1e8vcs8._.js:776
[  507913ms] [LOG] [Fast Refresh] done in 29ms @ http://localhost:3010/_next/static/chunks/node_modules_next_dist_1e8vcs8._.js:776
[  507973ms] [LOG] [Fast Refresh] done in 29ms @ http://localhost:3010/_next/static/chunks/node_modules_next_dist_1e8vcs8._.js:776
[  508023ms] [LOG] [Fast Refresh] done in 29ms @ http://localhost:3010/_next/static/chunks/node_modules_next_dist_1e8vcs8._.js:776
[  508073ms] [LOG] [Fast Refresh] done in 29ms @ http://localhost:3010/_next/static/chunks/node_modules_next_dist_1e8vcs8._.js:776
[  508123ms] [LOG] [Fast Refresh] done in 29ms @ http://localhost:3010/_next/static/chunks/node_modules_next_dist_1e8vcs8._.js:776
[  508173ms] [LOG] [Fast Refresh] done in 29ms @ http://localhost:3010/_next/static/chunks/node_modules_next_dist_1e8vcs8._.js:776
[  508223ms] [LOG] [Fast Refresh] done in 29ms @ http://localhost:3010/_next/static/chunks/node_modules_next_dist_1e8vcs8._.js:776
[  508273ms] [LOG] [Fast Refresh] done in 29ms @ http://localhost:3010/_next/static/chunks/node_modules_next_dist_1e8vcs8._.js:776
[  508328ms] [LOG] [Fast Refresh] done in 29ms @ http://localhost:3010/_next/static/chunks/node_modules_next_dist_1e8vcs8._.js:776
[  508373ms] [LOG] [Fast Refresh] done in 29ms @ http://localhost:3010/_next/static/chunks/node_modules_next_dist_1e8vcs8._.js:776
[  508423ms] [LOG] [Fast Refresh] done in 29ms @ http://localhost:3010/_next/static/chunks/node_modules_next_dist_1e8vcs8._.js:776
[  508473ms] [LOG] [Fast Refresh] done in 29ms @ http://localhost:3010/_next/static/chunks/node_modules_next_dist_1e8vcs8._.js:776
[  508523ms] [LOG] [Fast Refresh] done in 29ms @ http://localhost:3010/_next/static/chunks/node_modules_next_dist_1e8vcs8._.js:776
[  508573ms] [LOG] [Fast Refresh] done in 29ms @ http://localhost:3010/_next/static/chunks/node_modules_next_dist_1e8vcs8._.js:776
[  508623ms] [LOG] [Fast Refresh] done in 29ms @ http://localhost:3010/_next/static/chunks/node_modules_next_dist_1e8vcs8._.js:776
[  508673ms] [LOG] [Fast Refresh] done in 29ms @ http://localhost:3010/_next/static/chunks/node_modules_next_dist_1e8vcs8._.js:776
[  508728ms] [LOG] [Fast Refresh] done in 29ms @ http://localhost:3010/_next/static/chunks/node_modules_next_dist_1e8vcs8._.js:776
[  508773ms] [LOG] [Fast Refresh] done in 29ms @ http://localhost:3010/_next/static/chunks/node_modules_next_dist_1e8vcs8._.js:776
[  508823ms] [LOG] [Fast Refresh] done in 29ms @ http://localhost:3010/_next/static/chunks/node_modules_next_dist_1e8vcs8._.js:776
[  508873ms] [LOG] [Fast Refresh] done in 29ms @ http://localhost:3010/_next/static/chunks/node_modules_next_dist_1e8vcs8._.js:776
[  508928ms] [LOG] [Fast Refresh] done in 29ms @ http://localhost:3010/_next/static/chunks/node_modules_next_dist_1e8vcs8._.js:776
[  508973ms] [LOG] [Fast Refresh] done in 29ms @ http://localhost:3010/_next/static/chunks/node_modules_next_dist_1e8vcs8._.js:776
[  509023ms] [LOG] [Fast Refresh] done in 29ms @ http://localhost:3010/_next/static/chunks/node_modules_next_dist_1e8vcs8._.js:776
[  509073ms] [LOG] [Fast Refresh] done in 29ms @ http://localhost:3010/_next/static/chunks/node_modules_next_dist_1e8vcs8._.js:776
[  509128ms] [LOG] [Fast Refresh] done in 29ms @ http://localhost:3010/_next/static/chunks/node_modules_next_dist_1e8vcs8._.js:776
[  509179ms] [LOG] [Fast Refresh] done in 29ms @ http://localhost:3010/_next/static/chunks/node_modules_next_dist_1e8vcs8._.js:776
[  509223ms] [LOG] [Fast Refresh] done in 29ms @ http://localhost:3010/_next/static/chunks/node_modules_next_dist_1e8vcs8._.js:776
[  509273ms] [LOG] [Fast Refresh] done in 29ms @ http://localhost:3010/_next/static/chunks/node_modules_next_dist_1e8vcs8._.js:776
[  509323ms] [LOG] [Fast Refresh] done in 29ms @ http://localhost:3010/_next/static/chunks/node_modules_next_dist_1e8vcs8._.js:776
[  509369ms] [LOG] [Fast Refresh] done in 29ms @ http://localhost:3010/_next/static/chunks/node_modules_next_dist_1e8vcs8._.js:776
[  509413ms] [LOG] [Fast Refresh] done in 29ms @ http://localhost:3010/_next/static/chunks/node_modules_next_dist_1e8vcs8._.js:776
[  509459ms] [LOG] [Fast Refresh] done in 29ms @ http://localhost:3010/_next/static/chunks/node_modules_next_dist_1e8vcs8._.js:776
[  509503ms] [LOG] [Fast Refresh] done in 29ms @ http://localhost:3010/_next/static/chunks/node_modules_next_dist_1e8vcs8._.js:776
[  509553ms] [LOG] [Fast Refresh] done in 29ms @ http://localhost:3010/_next/static/chunks/node_modules_next_dist_1e8vcs8._.js:776
[  509609ms] [LOG] [Fast Refresh] done in 29ms @ http://localhost:3010/_next/static/chunks/node_modules_next_dist_1e8vcs8._.js:776
[  509663ms] [LOG] [Fast Refresh] done in 29ms @ http://localhost:3010/_next/static/chunks/node_modules_next_dist_1e8vcs8._.js:776
[  509713ms] [LOG] [Fast Refresh] done in 29ms @ http://localhost:3010/_next/static/chunks/node_modules_next_dist_1e8vcs8._.js:776
[  509763ms] [LOG] [Fast Refresh] done in 29ms @ http://localhost:3010/_next/static/chunks/node_modules_next_dist_1e8vcs8._.js:776
[  509813ms] [LOG] [Fast Refresh] done in 29ms @ http://localhost:3010/_next/static/chunks/node_modules_next_dist_1e8vcs8._.js:776
[  509869ms] [LOG] [Fast Refresh] done in 29ms @ http://localhost:3010/_next/static/chunks/node_modules_next_dist_1e8vcs8._.js:776
[  509909ms] [LOG] [Fast Refresh] done in 29ms @ http://localhost:3010/_next/static/chunks/node_modules_next_dist_1e8vcs8._.js:776
[  509953ms] [LOG] [Fast Refresh] done in 29ms @ http://localhost:3010/_next/static/chunks/node_modules_next_dist_1e8vcs8._.js:776
[  510013ms] [LOG] [Fast Refresh] done in 29ms @ http://localhost:3010/_next/static/chunks/node_modules_next_dist_1e8vcs8._.js:776
[  510063ms] [LOG] [Fast Refresh] done in 29ms @ http://localhost:3010/_next/static/chunks/node_modules_next_dist_1e8vcs8._.js:776
[  510113ms] [LOG] [Fast Refresh] done in 29ms @ http://localhost:3010/_next/static/chunks/node_modules_next_dist_1e8vcs8._.js:776
[  510163ms] [LOG] [Fast Refresh] done in 29ms @ http://localhost:3010/_next/static/chunks/node_modules_next_dist_1e8vcs8._.js:776
[  510213ms] [LOG] [Fast Refresh] done in 29ms @ http://localhost:3010/_next/static/chunks/node_modules_next_dist_1e8vcs8._.js:776
[  510269ms] [LOG] [Fast Refresh] done in 29ms @ http://localhost:3010/_next/static/chunks/node_modules_next_dist_1e8vcs8._.js:776
[  510313ms] [LOG] [Fast Refresh] done in 29ms @ http://localhost:3010/_next/static/chunks/node_modules_next_dist_1e8vcs8._.js:776
[  510363ms] [LOG] [Fast Refresh] done in 29ms @ http://localhost:3010/_next/static/chunks/node_modules_next_dist_1e8vcs8._.js:776
[  510413ms] [LOG] [Fast Refresh] done in 29ms @ http://localhost:3010/_next/static/chunks/node_modules_next_dist_1e8vcs8._.js:776
[  510463ms] [LOG] [Fast Refresh] done in 29ms @ http://localhost:3010/_next/static/chunks/node_modules_next_dist_1e8vcs8._.js:776
[  510509ms] [LOG] [Fast Refresh] done in 29ms @ http://localhost:3010/_next/static/chunks/node_modules_next_dist_1e8vcs8._.js:776
[  510563ms] [LOG] [Fast Refresh] done in 29ms @ http://localhost:3010/_next/static/chunks/node_modules_next_dist_1e8vcs8._.js:776
[  510613ms] [LOG] [Fast Refresh] done in 29ms @ http://localhost:3010/_next/static/chunks/node_modules_next_dist_1e8vcs8._.js:776
[  510669ms] [LOG] [Fast Refresh] done in 29ms @ http://localhost:3010/_next/static/chunks/node_modules_next_dist_1e8vcs8._.js:776
[  510713ms] [LOG] [Fast Refresh] done in 29ms @ http://localhost:3010/_next/static/chunks/node_modules_next_dist_1e8vcs8._.js:776
[  510763ms] [LOG] [Fast Refresh] done in 29ms @ http://localhost:3010/_next/static/chunks/node_modules_next_dist_1e8vcs8._.js:776
[  510813ms] [LOG] [Fast Refresh] done in 29ms @ http://localhost:3010/_next/static/chunks/node_modules_next_dist_1e8vcs8._.js:776
[  510869ms] [LOG] [Fast Refresh] done in 29ms @ http://localhost:3010/_next/static/chunks/node_modules_next_dist_1e8vcs8._.js:776
[  510913ms] [LOG] [Fast Refresh] done in 29ms @ http://localhost:3010/_next/static/chunks/node_modules_next_dist_1e8vcs8._.js:776
[  510963ms] [LOG] [Fast Refresh] done in 29ms @ http://localhost:3010/_next/static/chunks/node_modules_next_dist_1e8vcs8._.js:776
[  511027ms] [LOG] [Fast Refresh] done in 29ms @ http://localhost:3010/_next/static/chunks/node_modules_next_dist_1e8vcs8._.js:776
[  511089ms] [LOG] [Fast Refresh] done in 29ms @ http://localhost:3010/_next/static/chunks/node_modules_next_dist_1e8vcs8._.js:776
[  511151ms] [LOG] [Fast Refresh] done in 29ms @ http://localhost:3010/_next/static/chunks/node_modules_next_dist_1e8vcs8._.js:776
[  511214ms] [LOG] [Fast Refresh] done in 29ms @ http://localhost:3010/_next/static/chunks/node_modules_next_dist_1e8vcs8._.js:776
[  511276ms] [LOG] [Fast Refresh] done in 29ms @ http://localhost:3010/_next/static/chunks/node_modules_next_dist_1e8vcs8._.js:776
[  511339ms] [LOG] [Fast Refresh] done in 29ms @ http://localhost:3010/_next/static/chunks/node_modules_next_dist_1e8vcs8._.js:776
[  511387ms] [LOG] [Fast Refresh] done in 29ms @ http://localhost:3010/_next/static/chunks/node_modules_next_dist_1e8vcs8._.js:776
[  511450ms] [LOG] [Fast Refresh] done in 29ms @ http://localhost:3010/_next/static/chunks/node_modules_next_dist_1e8vcs8._.js:776
[  511512ms] [LOG] [Fast Refresh] done in 29ms @ http://localhost:3010/_next/static/chunks/node_modules_next_dist_1e8vcs8._.js:776
[  511559ms] [LOG] [Fast Refresh] done in 29ms @ http://localhost:3010/_next/static/chunks/node_modules_next_dist_1e8vcs8._.js:776
[  511622ms] [LOG] [Fast Refresh] done in 29ms @ http://localhost:3010/_next/static/chunks/node_modules_next_dist_1e8vcs8._.js:776
[  511685ms] [LOG] [Fast Refresh] done in 29ms @ http://localhost:3010/_next/static/chunks/node_modules_next_dist_1e8vcs8._.js:776
[  511748ms] [LOG] [Fast Refresh] done in 29ms @ http://localhost:3010/_next/static/chunks/node_modules_next_dist_1e8vcs8._.js:776
[  511811ms] [LOG] [Fast Refresh] done in 29ms @ http://localhost:3010/_next/static/chunks/node_modules_next_dist_1e8vcs8._.js:776
[  511874ms] [LOG] [Fast Refresh] done in 29ms @ http://localhost:3010/_next/static/chunks/node_modules_next_dist_1e8vcs8._.js:776
[  511936ms] [LOG] [Fast Refresh] done in 29ms @ http://localhost:3010/_next/static/chunks/node_modules_next_dist_1e8vcs8._.js:776
[  511999ms] [LOG] [Fast Refresh] done in 29ms @ http://localhost:3010/_next/static/chunks/node_modules_next_dist_1e8vcs8._.js:776
[  512063ms] [LOG] [Fast Refresh] done in 29ms @ http://localhost:3010/_next/static/chunks/node_modules_next_dist_1e8vcs8._.js:776
[  512126ms] [LOG] [Fast Refresh] done in 29ms @ http://localhost:3010/_next/static/chunks/node_modules_next_dist_1e8vcs8._.js:776
[  512188ms] [LOG] [Fast Refresh] done in 29ms @ http://localhost:3010/_next/static/chunks/node_modules_next_dist_1e8vcs8._.js:776
[  512251ms] [LOG] [Fast Refresh] done in 29ms @ http://localhost:3010/_next/static/chunks/node_modules_next_dist_1e8vcs8._.js:776
[  512314ms] [LOG] [Fast Refresh] done in 29ms @ http://localhost:3010/_next/static/chunks/node_modules_next_dist_1e8vcs8._.js:776
[  512376ms] [LOG] [Fast Refresh] done in 29ms @ http://localhost:3010/_next/static/chunks/node_modules_next_dist_1e8vcs8._.js:776
[  512440ms] [LOG] [Fast Refresh] done in 29ms @ http://localhost:3010/_next/static/chunks/node_modules_next_dist_1e8vcs8._.js:776
[  512503ms] [LOG] [Fast Refresh] done in 29ms @ http://localhost:3010/_next/static/chunks/node_modules_next_dist_1e8vcs8._.js:776
[  512566ms] [LOG] [Fast Refresh] done in 29ms @ http://localhost:3010/_next/static/chunks/node_modules_next_dist_1e8vcs8._.js:776
[  512614ms] [LOG] [Fast Refresh] done in 29ms @ http://localhost:3010/_next/static/chunks/node_modules_next_dist_1e8vcs8._.js:776
[  512678ms] [LOG] [Fast Refresh] done in 29ms @ http://localhost:3010/_next/static/chunks/node_modules_next_dist_1e8vcs8._.js:776
[  512740ms] [LOG] [Fast Refresh] done in 29ms @ http://localhost:3010/_next/static/chunks/node_modules_next_dist_1e8vcs8._.js:776
[  512788ms] [LOG] [Fast Refresh] done in 29ms @ http://localhost:3010/_next/static/chunks/node_modules_next_dist_1e8vcs8._.js:776
[  512852ms] [LOG] [Fast Refresh] done in 29ms @ http://localhost:3010/_next/static/chunks/node_modules_next_dist_1e8vcs8._.js:776
[  512916ms] [LOG] [Fast Refresh] done in 29ms @ http://localhost:3010/_next/static/chunks/node_modules_next_dist_1e8vcs8._.js:776
[  512973ms] [LOG] [Fast Refresh] done in 29ms @ http://localhost:3010/_next/static/chunks/node_modules_next_dist_1e8vcs8._.js:776
[  513023ms] [LOG] [Fast Refresh] done in 29ms @ http://localhost:3010/_next/static/chunks/node_modules_next_dist_1e8vcs8._.js:776
[  513073ms] [LOG] [Fast Refresh] done in 29ms @ http://localhost:3010/_next/static/chunks/node_modules_next_dist_1e8vcs8._.js:776
[  513124ms] [LOG] [Fast Refresh] done in 29ms @ http://localhost:3010/_next/static/chunks/node_modules_next_dist_1e8vcs8._.js:776
[  513173ms] [LOG] [Fast Refresh] done in 29ms @ http://localhost:3010/_next/static/chunks/node_modules_next_dist_1e8vcs8._.js:776
[  513223ms] [LOG] [Fast Refresh] done in 29ms @ http://localhost:3010/_next/static/chunks/node_modules_next_dist_1e8vcs8._.js:776
[  513269ms] [LOG] [Fast Refresh] done in 29ms @ http://localhost:3010/_next/static/chunks/node_modules_next_dist_1e8vcs8._.js:776
[  513313ms] [LOG] [Fast Refresh] done in 29ms @ http://localhost:3010/_next/static/chunks/node_modules_next_dist_1e8vcs8._.js:776
[  513363ms] [LOG] [Fast Refresh] done in 29ms @ http://localhost:3010/_next/static/chunks/node_modules_next_dist_1e8vcs8._.js:776
[  513413ms] [LOG] [Fast Refresh] done in 29ms @ http://localhost:3010/_next/static/chunks/node_modules_next_dist_1e8vcs8._.js:776
[  513469ms] [LOG] [Fast Refresh] done in 29ms @ http://localhost:3010/_next/static/chunks/node_modules_next_dist_1e8vcs8._.js:776
[  513513ms] [LOG] [Fast Refresh] done in 29ms @ http://localhost:3010/_next/static/chunks/node_modules_next_dist_1e8vcs8._.js:776
[  513563ms] [LOG] [Fast Refresh] done in 29ms @ http://localhost:3010/_next/static/chunks/node_modules_next_dist_1e8vcs8._.js:776
[  513613ms] [LOG] [Fast Refresh] done in 29ms @ http://localhost:3010/_next/static/chunks/node_modules_next_dist_1e8vcs8._.js:776
[  513663ms] [LOG] [Fast Refresh] done in 29ms @ http://localhost:3010/_next/static/chunks/node_modules_next_dist_1e8vcs8._.js:776
[  513713ms] [LOG] [Fast Refresh] done in 29ms @ http://localhost:3010/_next/static/chunks/node_modules_next_dist_1e8vcs8._.js:776
[  513764ms] [LOG] [Fast Refresh] done in 29ms @ http://localhost:3010/_next/static/chunks/node_modules_next_dist_1e8vcs8._.js:776
[  513813ms] [LOG] [Fast Refresh] done in 29ms @ http://localhost:3010/_next/static/chunks/node_modules_next_dist_1e8vcs8._.js:776
[  513863ms] [LOG] [Fast Refresh] done in 29ms @ http://localhost:3010/_next/static/chunks/node_modules_next_dist_1e8vcs8._.js:776
[  513913ms] [LOG] [Fast Refresh] done in 29ms @ http://localhost:3010/_next/static/chunks/node_modules_next_dist_1e8vcs8._.js:776
[  513963ms] [LOG] [Fast Refresh] done in 29ms @ http://localhost:3010/_next/static/chunks/node_modules_next_dist_1e8vcs8._.js:776
[  514019ms] [LOG] [Fast Refresh] done in 29ms @ http://localhost:3010/_next/static/chunks/node_modules_next_dist_1e8vcs8._.js:776
[  514063ms] [LOG] [Fast Refresh] done in 29ms @ http://localhost:3010/_next/static/chunks/node_modules_next_dist_1e8vcs8._.js:776
[  514113ms] [LOG] [Fast Refresh] done in 29ms @ http://localhost:3010/_next/static/chunks/node_modules_next_dist_1e8vcs8._.js:776
[  514163ms] [LOG] [Fast Refresh] done in 29ms @ http://localhost:3010/_next/static/chunks/node_modules_next_dist_1e8vcs8._.js:776
[  514213ms] [LOG] [Fast Refresh] done in 29ms @ http://localhost:3010/_next/static/chunks/node_modules_next_dist_1e8vcs8._.js:776
[  514263ms] [LOG] [Fast Refresh] done in 29ms @ http://localhost:3010/_next/static/chunks/node_modules_next_dist_1e8vcs8._.js:776
[  514313ms] [LOG] [Fast Refresh] done in 29ms @ http://localhost:3010/_next/static/chunks/node_modules_next_dist_1e8vcs8._.js:776
[  514363ms] [LOG] [Fast Refresh] done in 29ms @ http://localhost:3010/_next/static/chunks/node_modules_next_dist_1e8vcs8._.js:776
[  514413ms] [LOG] [Fast Refresh] done in 29ms @ http://localhost:3010/_next/static/chunks/node_modules_next_dist_1e8vcs8._.js:776
[  514463ms] [LOG] [Fast Refresh] done in 29ms @ http://localhost:3010/_next/static/chunks/node_modules_next_dist_1e8vcs8._.js:776
[  514513ms] [LOG] [Fast Refresh] done in 29ms @ http://localhost:3010/_next/static/chunks/node_modules_next_dist_1e8vcs8._.js:776
[  514564ms] [LOG] [Fast Refresh] done in 29ms @ http://localhost:3010/_next/static/chunks/node_modules_next_dist_1e8vcs8._.js:776
[  514619ms] [LOG] [Fast Refresh] done in 29ms @ http://localhost:3010/_next/static/chunks/node_modules_next_dist_1e8vcs8._.js:776
[  514673ms] [LOG] [Fast Refresh] done in 29ms @ http://localhost:3010/_next/static/chunks/node_modules_next_dist_1e8vcs8._.js:776
[  514728ms] [LOG] [Fast Refresh] done in 29ms @ http://localhost:3010/_next/static/chunks/node_modules_next_dist_1e8vcs8._.js:776
[  514780ms] [LOG] [Fast Refresh] done in 29ms @ http://localhost:3010/_next/static/chunks/node_modules_next_dist_1e8vcs8._.js:776
[  514833ms] [LOG] [Fast Refresh] done in 29ms @ http://localhost:3010/_next/static/chunks/node_modules_next_dist_1e8vcs8._.js:776
[  514883ms] [LOG] [Fast Refresh] done in 29ms @ http://localhost:3010/_next/static/chunks/node_modules_next_dist_1e8vcs8._.js:776
[  514934ms] [LOG] [Fast Refresh] done in 29ms @ http://localhost:3010/_next/static/chunks/node_modules_next_dist_1e8vcs8._.js:776
[  514985ms] [LOG] [Fast Refresh] done in 29ms @ http://localhost:3010/_next/static/chunks/node_modules_next_dist_1e8vcs8._.js:776
[  515048ms] [LOG] [Fast Refresh] done in 29ms @ http://localhost:3010/_next/static/chunks/node_modules_next_dist_1e8vcs8._.js:776
[  515112ms] [LOG] [Fast Refresh] done in 29ms @ http://localhost:3010/_next/static/chunks/node_modules_next_dist_1e8vcs8._.js:776
[  515175ms] [LOG] [Fast Refresh] done in 29ms @ http://localhost:3010/_next/static/chunks/node_modules_next_dist_1e8vcs8._.js:776
[  515237ms] [LOG] [Fast Refresh] done in 29ms @ http://localhost:3010/_next/static/chunks/node_modules_next_dist_1e8vcs8._.js:776
[  515300ms] [LOG] [Fast Refresh] done in 29ms @ http://localhost:3010/_next/static/chunks/node_modules_next_dist_1e8vcs8._.js:776
[  515364ms] [LOG] [Fast Refresh] done in 29ms @ http://localhost:3010/_next/static/chunks/node_modules_next_dist_1e8vcs8._.js:776
[  515428ms] [LOG] [Fast Refresh] done in 29ms @ http://localhost:3010/_next/static/chunks/node_modules_next_dist_1e8vcs8._.js:776
[  515490ms] [LOG] [Fast Refresh] done in 29ms @ http://localhost:3010/_next/static/chunks/node_modules_next_dist_1e8vcs8._.js:776
[  515554ms] [LOG] [Fast Refresh] done in 29ms @ http://localhost:3010/_next/static/chunks/node_modules_next_dist_1e8vcs8._.js:776
[  515618ms] [LOG] [Fast Refresh] done in 29ms @ http://localhost:3010/_next/static/chunks/node_modules_next_dist_1e8vcs8._.js:776
[  515682ms] [LOG] [Fast Refresh] done in 29ms @ http://localhost:3010/_next/static/chunks/node_modules_next_dist_1e8vcs8._.js:776
[  515745ms] [LOG] [Fast Refresh] done in 29ms @ http://localhost:3010/_next/static/chunks/node_modules_next_dist_1e8vcs8._.js:776
[  515808ms] [LOG] [Fast Refresh] done in 29ms @ http://localhost:3010/_next/static/chunks/node_modules_next_dist_1e8vcs8._.js:776
[  515871ms] [LOG] [Fast Refresh] done in 29ms @ http://localhost:3010/_next/static/chunks/node_modules_next_dist_1e8vcs8._.js:776
[  515934ms] [LOG] [Fast Refresh] done in 29ms @ http://localhost:3010/_next/static/chunks/node_modules_next_dist_1e8vcs8._.js:776
[  515997ms] [LOG] [Fast Refresh] done in 29ms @ http://localhost:3010/_next/static/chunks/node_modules_next_dist_1e8vcs8._.js:776
[  516059ms] [LOG] [Fast Refresh] done in 29ms @ http://localhost:3010/_next/static/chunks/node_modules_next_dist_1e8vcs8._.js:776
[  516123ms] [LOG] [Fast Refresh] done in 29ms @ http://localhost:3010/_next/static/chunks/node_modules_next_dist_1e8vcs8._.js:776
[  516171ms] [LOG] [Fast Refresh] done in 29ms @ http://localhost:3010/_next/static/chunks/node_modules_next_dist_1e8vcs8._.js:776
[  516219ms] [LOG] [Fast Refresh] done in 29ms @ http://localhost:3010/_next/static/chunks/node_modules_next_dist_1e8vcs8._.js:776
[  516280ms] [LOG] [Fast Refresh] done in 29ms @ http://localhost:3010/_next/static/chunks/node_modules_next_dist_1e8vcs8._.js:776
[  516329ms] [LOG] [Fast Refresh] done in 29ms @ http://localhost:3010/_next/static/chunks/node_modules_next_dist_1e8vcs8._.js:776
[  516392ms] [LOG] [Fast Refresh] done in 29ms @ http://localhost:3010/_next/static/chunks/node_modules_next_dist_1e8vcs8._.js:776
[  516456ms] [LOG] [Fast Refresh] done in 29ms @ http://localhost:3010/_next/static/chunks/node_modules_next_dist_1e8vcs8._.js:776
[  516518ms] [LOG] [Fast Refresh] done in 29ms @ http://localhost:3010/_next/static/chunks/node_modules_next_dist_1e8vcs8._.js:776
[  516580ms] [LOG] [Fast Refresh] done in 29ms @ http://localhost:3010/_next/static/chunks/node_modules_next_dist_1e8vcs8._.js:776
[  516628ms] [LOG] [Fast Refresh] done in 29ms @ http://localhost:3010/_next/static/chunks/node_modules_next_dist_1e8vcs8._.js:776
[  516691ms] [LOG] [Fast Refresh] done in 29ms @ http://localhost:3010/_next/static/chunks/node_modules_next_dist_1e8vcs8._.js:776
[  516754ms] [LOG] [Fast Refresh] done in 29ms @ http://localhost:3010/_next/static/chunks/node_modules_next_dist_1e8vcs8._.js:776
[  516818ms] [LOG] [Fast Refresh] done in 29ms @ http://localhost:3010/_next/static/chunks/node_modules_next_dist_1e8vcs8._.js:776
[  516881ms] [LOG] [Fast Refresh] done in 29ms @ http://localhost:3010/_next/static/chunks/node_modules_next_dist_1e8vcs8._.js:776
[  516944ms] [LOG] [Fast Refresh] done in 29ms @ http://localhost:3010/_next/static/chunks/node_modules_next_dist_1e8vcs8._.js:776
[  517008ms] [LOG] [Fast Refresh] done in 29ms @ http://localhost:3010/_next/static/chunks/node_modules_next_dist_1e8vcs8._.js:776
[  517072ms] [LOG] [Fast Refresh] done in 29ms @ http://localhost:3010/_next/static/chunks/node_modules_next_dist_1e8vcs8._.js:776
[  517120ms] [LOG] [Fast Refresh] done in 29ms @ http://localhost:3010/_next/static/chunks/node_modules_next_dist_1e8vcs8._.js:776
[  517182ms] [LOG] [Fast Refresh] done in 29ms @ http://localhost:3010/_next/static/chunks/node_modules_next_dist_1e8vcs8._.js:776
[  517245ms] [LOG] [Fast Refresh] done in 29ms @ http://localhost:3010/_next/static/chunks/node_modules_next_dist_1e8vcs8._.js:776
[  517308ms] [LOG] [Fast Refresh] done in 29ms @ http://localhost:3010/_next/static/chunks/node_modules_next_dist_1e8vcs8._.js:776
[  517370ms] [LOG] [Fast Refresh] done in 29ms @ http://localhost:3010/_next/static/chunks/node_modules_next_dist_1e8vcs8._.js:776
[  517434ms] [LOG] [Fast Refresh] done in 29ms @ http://localhost:3010/_next/static/chunks/node_modules_next_dist_1e8vcs8._.js:776
[  517498ms] [LOG] [Fast Refresh] done in 29ms @ http://localhost:3010/_next/static/chunks/node_modules_next_dist_1e8vcs8._.js:776
[  517562ms] [LOG] [Fast Refresh] done in 29ms @ http://localhost:3010/_next/static/chunks/node_modules_next_dist_1e8vcs8._.js:776
[  517625ms] [LOG] [Fast Refresh] done in 29ms @ http://localhost:3010/_next/static/chunks/node_modules_next_dist_1e8vcs8._.js:776
[  517687ms] [LOG] [Fast Refresh] done in 29ms @ http://localhost:3010/_next/static/chunks/node_modules_next_dist_1e8vcs8._.js:776
[  517751ms] [LOG] [Fast Refresh] done in 29ms @ http://localhost:3010/_next/static/chunks/node_modules_next_dist_1e8vcs8._.js:776
[  517814ms] [LOG] [Fast Refresh] done in 29ms @ http://localhost:3010/_next/static/chunks/node_modules_next_dist_1e8vcs8._.js:776
[  517877ms] [LOG] [Fast Refresh] done in 29ms @ http://localhost:3010/_next/static/chunks/node_modules_next_dist_1e8vcs8._.js:776
[  517941ms] [LOG] [Fast Refresh] done in 29ms @ http://localhost:3010/_next/static/chunks/node_modules_next_dist_1e8vcs8._.js:776
[  518004ms] [LOG] [Fast Refresh] done in 29ms @ http://localhost:3010/_next/static/chunks/node_modules_next_dist_1e8vcs8._.js:776
[  518067ms] [LOG] [Fast Refresh] done in 29ms @ http://localhost:3010/_next/static/chunks/node_modules_next_dist_1e8vcs8._.js:776
[  518130ms] [LOG] [Fast Refresh] done in 29ms @ http://localhost:3010/_next/static/chunks/node_modules_next_dist_1e8vcs8._.js:776
[  518193ms] [LOG] [Fast Refresh] done in 29ms @ http://localhost:3010/_next/static/chunks/node_modules_next_dist_1e8vcs8._.js:776
[  518256ms] [LOG] [Fast Refresh] done in 29ms @ http://localhost:3010/_next/static/chunks/node_modules_next_dist_1e8vcs8._.js:776
[  518319ms] [LOG] [Fast Refresh] done in 29ms @ http://localhost:3010/_next/static/chunks/node_modules_next_dist_1e8vcs8._.js:776
[  518382ms] [LOG] [Fast Refresh] done in 29ms @ http://localhost:3010/_next/static/chunks/node_modules_next_dist_1e8vcs8._.js:776
[  518446ms] [LOG] [Fast Refresh] done in 29ms @ http://localhost:3010/_next/static/chunks/node_modules_next_dist_1e8vcs8._.js:776
[  518510ms] [LOG] [Fast Refresh] done in 29ms @ http://localhost:3010/_next/static/chunks/node_modules_next_dist_1e8vcs8._.js:776
[  518573ms] [LOG] [Fast Refresh] done in 29ms @ http://localhost:3010/_next/static/chunks/node_modules_next_dist_1e8vcs8._.js:776
[  518637ms] [LOG] [Fast Refresh] done in 29ms @ http://localhost:3010/_next/static/chunks/node_modules_next_dist_1e8vcs8._.js:776
[  518700ms] [LOG] [Fast Refresh] done in 29ms @ http://localhost:3010/_next/static/chunks/node_modules_next_dist_1e8vcs8._.js:776
[  518764ms] [LOG] [Fast Refresh] done in 29ms @ http://localhost:3010/_next/static/chunks/node_modules_next_dist_1e8vcs8._.js:776
[  518828ms] [LOG] [Fast Refresh] done in 29ms @ http://localhost:3010/_next/static/chunks/node_modules_next_dist_1e8vcs8._.js:776
[  518875ms] [LOG] [Fast Refresh] done in 29ms @ http://localhost:3010/_next/static/chunks/node_modules_next_dist_1e8vcs8._.js:776
[  518923ms] [LOG] [Fast Refresh] done in 29ms @ http://localhost:3010/_next/static/chunks/node_modules_next_dist_1e8vcs8._.js:776
[  518971ms] [LOG] [Fast Refresh] done in 29ms @ http://localhost:3010/_next/static/chunks/node_modules_next_dist_1e8vcs8._.js:776
[  519019ms] [LOG] [Fast Refresh] done in 29ms @ http://localhost:3010/_next/static/chunks/node_modules_next_dist_1e8vcs8._.js:776
[  519083ms] [LOG] [Fast Refresh] done in 29ms @ http://localhost:3010/_next/static/chunks/node_modules_next_dist_1e8vcs8._.js:776
[  519146ms] [LOG] [Fast Refresh] done in 29ms @ http://localhost:3010/_next/static/chunks/node_modules_next_dist_1e8vcs8._.js:776
[  519194ms] [LOG] [Fast Refresh] done in 29ms @ http://localhost:3010/_next/static/chunks/node_modules_next_dist_1e8vcs8._.js:776
[  519257ms] [LOG] [Fast Refresh] done in 29ms @ http://localhost:3010/_next/static/chunks/node_modules_next_dist_1e8vcs8._.js:776
[  519305ms] [LOG] [Fast Refresh] done in 29ms @ http://localhost:3010/_next/static/chunks/node_modules_next_dist_1e8vcs8._.js:776
[  519369ms] [LOG] [Fast Refresh] done in 29ms @ http://localhost:3010/_next/static/chunks/node_modules_next_dist_1e8vcs8._.js:776
[  519432ms] [LOG] [Fast Refresh] done in 29ms @ http://localhost:3010/_next/static/chunks/node_modules_next_dist_1e8vcs8._.js:776
[  519495ms] [LOG] [Fast Refresh] done in 29ms @ http://localhost:3010/_next/static/chunks/node_modules_next_dist_1e8vcs8._.js:776
[  519559ms] [LOG] [Fast Refresh] done in 29ms @ http://localhost:3010/_next/static/chunks/node_modules_next_dist_1e8vcs8._.js:776
[  519622ms] [LOG] [Fast Refresh] done in 29ms @ http://localhost:3010/_next/static/chunks/node_modules_next_dist_1e8vcs8._.js:776
[  519684ms] [LOG] [Fast Refresh] done in 29ms @ http://localhost:3010/_next/static/chunks/node_modules_next_dist_1e8vcs8._.js:776
[  519748ms] [LOG] [Fast Refresh] done in 29ms @ http://localhost:3010/_next/static/chunks/node_modules_next_dist_1e8vcs8._.js:776
[  519811ms] [LOG] [Fast Refresh] done in 29ms @ http://localhost:3010/_next/static/chunks/node_modules_next_dist_1e8vcs8._.js:776
[  519874ms] [LOG] [Fast Refresh] done in 29ms @ http://localhost:3010/_next/static/chunks/node_modules_next_dist_1e8vcs8._.js:776
[  519922ms] [LOG] [Fast Refresh] done in 29ms @ http://localhost:3010/_next/static/chunks/node_modules_next_dist_1e8vcs8._.js:776
[  519985ms] [LOG] [Fast Refresh] done in 29ms @ http://localhost:3010/_next/static/chunks/node_modules_next_dist_1e8vcs8._.js:776
[  520048ms] [LOG] [Fast Refresh] done in 29ms @ http://localhost:3010/_next/static/chunks/node_modules_next_dist_1e8vcs8._.js:776
[  520111ms] [LOG] [Fast Refresh] done in 29ms @ http://localhost:3010/_next/static/chunks/node_modules_next_dist_1e8vcs8._.js:776
[  520173ms] [LOG] [Fast Refresh] done in 29ms @ http://localhost:3010/_next/static/chunks/node_modules_next_dist_1e8vcs8._.js:776
[  520235ms] [LOG] [Fast Refresh] done in 29ms @ http://localhost:3010/_next/static/chunks/node_modules_next_dist_1e8vcs8._.js:776
[  520298ms] [LOG] [Fast Refresh] done in 29ms @ http://localhost:3010/_next/static/chunks/node_modules_next_dist_1e8vcs8._.js:776
[  520362ms] [LOG] [Fast Refresh] done in 29ms @ http://localhost:3010/_next/static/chunks/node_modules_next_dist_1e8vcs8._.js:776
[  520424ms] [LOG] [Fast Refresh] done in 29ms @ http://localhost:3010/_next/static/chunks/node_modules_next_dist_1e8vcs8._.js:776
[  520486ms] [LOG] [Fast Refresh] done in 29ms @ http://localhost:3010/_next/static/chunks/node_modules_next_dist_1e8vcs8._.js:776
[  520549ms] [LOG] [Fast Refresh] done in 29ms @ http://localhost:3010/_next/static/chunks/node_modules_next_dist_1e8vcs8._.js:776
[  520613ms] [LOG] [Fast Refresh] done in 29ms @ http://localhost:3010/_next/static/chunks/node_modules_next_dist_1e8vcs8._.js:776
[  520677ms] [LOG] [Fast Refresh] done in 29ms @ http://localhost:3010/_next/static/chunks/node_modules_next_dist_1e8vcs8._.js:776
[  520740ms] [LOG] [Fast Refresh] done in 29ms @ http://localhost:3010/_next/static/chunks/node_modules_next_dist_1e8vcs8._.js:776
[  520803ms] [LOG] [Fast Refresh] done in 29ms @ http://localhost:3010/_next/static/chunks/node_modules_next_dist_1e8vcs8._.js:776
[  520866ms] [LOG] [Fast Refresh] done in 29ms @ http://localhost:3010/_next/static/chunks/node_modules_next_dist_1e8vcs8._.js:776
[  520930ms] [LOG] [Fast Refresh] done in 29ms @ http://localhost:3010/_next/static/chunks/node_modules_next_dist_1e8vcs8._.js:776
[  520983ms] [LOG] [Fast Refresh] done in 29ms @ http://localhost:3010/_next/static/chunks/node_modules_next_dist_1e8vcs8._.js:776
[  521034ms] [LOG] [Fast Refresh] done in 29ms @ http://localhost:3010/_next/static/chunks/node_modules_next_dist_1e8vcs8._.js:776
[  521083ms] [LOG] [Fast Refresh] done in 29ms @ http://localhost:3010/_next/static/chunks/node_modules_next_dist_1e8vcs8._.js:776
[  521130ms] [LOG] [Fast Refresh] done in 29ms @ http://localhost:3010/_next/static/chunks/node_modules_next_dist_1e8vcs8._.js:776
[  521173ms] [LOG] [Fast Refresh] done in 29ms @ http://localhost:3010/_next/static/chunks/node_modules_next_dist_1e8vcs8._.js:776
[  521224ms] [LOG] [Fast Refresh] done in 29ms @ http://localhost:3010/_next/static/chunks/node_modules_next_dist_1e8vcs8._.js:776
[  521273ms] [LOG] [Fast Refresh] done in 29ms @ http://localhost:3010/_next/static/chunks/node_modules_next_dist_1e8vcs8._.js:776
[  521329ms] [LOG] [Fast Refresh] done in 29ms @ http://localhost:3010/_next/static/chunks/node_modules_next_dist_1e8vcs8._.js:776
[  521374ms] [LOG] [Fast Refresh] done in 29ms @ http://localhost:3010/_next/static/chunks/node_modules_next_dist_1e8vcs8._.js:776
[  521423ms] [LOG] [Fast Refresh] done in 29ms @ http://localhost:3010/_next/static/chunks/node_modules_next_dist_1e8vcs8._.js:776
[  521473ms] [LOG] [Fast Refresh] done in 29ms @ http://localhost:3010/_next/static/chunks/node_modules_next_dist_1e8vcs8._.js:776
[  521523ms] [LOG] [Fast Refresh] done in 29ms @ http://localhost:3010/_next/static/chunks/node_modules_next_dist_1e8vcs8._.js:776
[  521574ms] [LOG] [Fast Refresh] done in 29ms @ http://localhost:3010/_next/static/chunks/node_modules_next_dist_1e8vcs8._.js:776
[  521624ms] [LOG] [Fast Refresh] done in 29ms @ http://localhost:3010/_next/static/chunks/node_modules_next_dist_1e8vcs8._.js:776
[  521673ms] [LOG] [Fast Refresh] done in 29ms @ http://localhost:3010/_next/static/chunks/node_modules_next_dist_1e8vcs8._.js:776
[  521731ms] [LOG] [Fast Refresh] done in 29ms @ http://localhost:3010/_next/static/chunks/node_modules_next_dist_1e8vcs8._.js:776
[  521773ms] [LOG] [Fast Refresh] done in 29ms @ http://localhost:3010/_next/static/chunks/node_modules_next_dist_1e8vcs8._.js:776
[  521823ms] [LOG] [Fast Refresh] done in 29ms @ http://localhost:3010/_next/static/chunks/node_modules_next_dist_1e8vcs8._.js:776
[  521873ms] [LOG] [Fast Refresh] done in 29ms @ http://localhost:3010/_next/static/chunks/node_modules_next_dist_1e8vcs8._.js:776
[  521929ms] [LOG] [Fast Refresh] done in 29ms @ http://localhost:3010/_next/static/chunks/node_modules_next_dist_1e8vcs8._.js:776
[  521974ms] [LOG] [Fast Refresh] done in 29ms @ http://localhost:3010/_next/static/chunks/node_modules_next_dist_1e8vcs8._.js:776
[  522024ms] [LOG] [Fast Refresh] done in 29ms @ http://localhost:3010/_next/static/chunks/node_modules_next_dist_1e8vcs8._.js:776
[  522074ms] [LOG] [Fast Refresh] done in 29ms @ http://localhost:3010/_next/static/chunks/node_modules_next_dist_1e8vcs8._.js:776
[  522124ms] [LOG] [Fast Refresh] done in 29ms @ http://localhost:3010/_next/static/chunks/node_modules_next_dist_1e8vcs8._.js:776
[  522174ms] [LOG] [Fast Refresh] done in 29ms @ http://localhost:3010/_next/static/chunks/node_modules_next_dist_1e8vcs8._.js:776
[  522224ms] [LOG] [Fast Refresh] done in 29ms @ http://localhost:3010/_next/static/chunks/node_modules_next_dist_1e8vcs8._.js:776
[  522273ms] [LOG] [Fast Refresh] done in 29ms @ http://localhost:3010/_next/static/chunks/node_modules_next_dist_1e8vcs8._.js:776
[  522324ms] [LOG] [Fast Refresh] done in 29ms @ http://localhost:3010/_next/static/chunks/node_modules_next_dist_1e8vcs8._.js:776
[  522374ms] [LOG] [Fast Refresh] done in 29ms @ http://localhost:3010/_next/static/chunks/node_modules_next_dist_1e8vcs8._.js:776
[  522425ms] [LOG] [Fast Refresh] done in 29ms @ http://localhost:3010/_next/static/chunks/node_modules_next_dist_1e8vcs8._.js:776
[  522473ms] [LOG] [Fast Refresh] done in 29ms @ http://localhost:3010/_next/static/chunks/node_modules_next_dist_1e8vcs8._.js:776
[  522520ms] [LOG] [Fast Refresh] done in 29ms @ http://localhost:3010/_next/static/chunks/node_modules_next_dist_1e8vcs8._.js:776
[  522560ms] [LOG] [Fast Refresh] done in 29ms @ http://localhost:3010/_next/static/chunks/node_modules_next_dist_1e8vcs8._.js:776
[  522614ms] [LOG] [Fast Refresh] done in 29ms @ http://localhost:3010/_next/static/chunks/node_modules_next_dist_1e8vcs8._.js:776
[  522663ms] [LOG] [Fast Refresh] done in 29ms @ http://localhost:3010/_next/static/chunks/node_modules_next_dist_1e8vcs8._.js:776
[  522713ms] [LOG] [Fast Refresh] done in 29ms @ http://localhost:3010/_next/static/chunks/node_modules_next_dist_1e8vcs8._.js:776
[  522764ms] [LOG] [Fast Refresh] done in 29ms @ http://localhost:3010/_next/static/chunks/node_modules_next_dist_1e8vcs8._.js:776
[  522814ms] [LOG] [Fast Refresh] done in 29ms @ http://localhost:3010/_next/static/chunks/node_modules_next_dist_1e8vcs8._.js:776
[  522864ms] [LOG] [Fast Refresh] done in 29ms @ http://localhost:3010/_next/static/chunks/node_modules_next_dist_1e8vcs8._.js:776
[  522914ms] [LOG] [Fast Refresh] done in 29ms @ http://localhost:3010/_next/static/chunks/node_modules_next_dist_1e8vcs8._.js:776
[  522964ms] [LOG] [Fast Refresh] done in 29ms @ http://localhost:3010/_next/static/chunks/node_modules_next_dist_1e8vcs8._.js:776
[  523028ms] [LOG] [Fast Refresh] done in 29ms @ http://localhost:3010/_next/static/chunks/node_modules_next_dist_1e8vcs8._.js:776
[  523090ms] [LOG] [Fast Refresh] done in 29ms @ http://localhost:3010/_next/static/chunks/node_modules_next_dist_1e8vcs8._.js:776
[  523153ms] [LOG] [Fast Refresh] done in 29ms @ http://localhost:3010/_next/static/chunks/node_modules_next_dist_1e8vcs8._.js:776
[  523217ms] [LOG] [Fast Refresh] done in 29ms @ http://localhost:3010/_next/static/chunks/node_modules_next_dist_1e8vcs8._.js:776
[  523264ms] [LOG] [Fast Refresh] done in 29ms @ http://localhost:3010/_next/static/chunks/node_modules_next_dist_1e8vcs8._.js:776
[  523329ms] [LOG] [Fast Refresh] done in 29ms @ http://localhost:3010/_next/static/chunks/node_modules_next_dist_1e8vcs8._.js:776
[  523391ms] [LOG] [Fast Refresh] done in 29ms @ http://localhost:3010/_next/static/chunks/node_modules_next_dist_1e8vcs8._.js:776
[  523454ms] [LOG] [Fast Refresh] done in 29ms @ http://localhost:3010/_next/static/chunks/node_modules_next_dist_1e8vcs8._.js:776
[  523518ms] [LOG] [Fast Refresh] done in 29ms @ http://localhost:3010/_next/static/chunks/node_modules_next_dist_1e8vcs8._.js:776
[  523580ms] [LOG] [Fast Refresh] done in 29ms @ http://localhost:3010/_next/static/chunks/node_modules_next_dist_1e8vcs8._.js:776
[  523643ms] [LOG] [Fast Refresh] done in 29ms @ http://localhost:3010/_next/static/chunks/node_modules_next_dist_1e8vcs8._.js:776
[  523706ms] [LOG] [Fast Refresh] done in 29ms @ http://localhost:3010/_next/static/chunks/node_modules_next_dist_1e8vcs8._.js:776
[  523769ms] [LOG] [Fast Refresh] done in 29ms @ http://localhost:3010/_next/static/chunks/node_modules_next_dist_1e8vcs8._.js:776
[  523833ms] [LOG] [Fast Refresh] done in 29ms @ http://localhost:3010/_next/static/chunks/node_modules_next_dist_1e8vcs8._.js:776
[  523895ms] [LOG] [Fast Refresh] done in 29ms @ http://localhost:3010/_next/static/chunks/node_modules_next_dist_1e8vcs8._.js:776
[  523957ms] [LOG] [Fast Refresh] done in 29ms @ http://localhost:3010/_next/static/chunks/node_modules_next_dist_1e8vcs8._.js:776
[  524020ms] [LOG] [Fast Refresh] done in 29ms @ http://localhost:3010/_next/static/chunks/node_modules_next_dist_1e8vcs8._.js:776
[  524083ms] [LOG] [Fast Refresh] done in 29ms @ http://localhost:3010/_next/static/chunks/node_modules_next_dist_1e8vcs8._.js:776
[  524146ms] [LOG] [Fast Refresh] done in 29ms @ http://localhost:3010/_next/static/chunks/node_modules_next_dist_1e8vcs8._.js:776
[  524194ms] [LOG] [Fast Refresh] done in 29ms @ http://localhost:3010/_next/static/chunks/node_modules_next_dist_1e8vcs8._.js:776
[  524258ms] [LOG] [Fast Refresh] done in 29ms @ http://localhost:3010/_next/static/chunks/node_modules_next_dist_1e8vcs8._.js:776
[  524322ms] [LOG] [Fast Refresh] done in 29ms @ http://localhost:3010/_next/static/chunks/node_modules_next_dist_1e8vcs8._.js:776
[  524384ms] [LOG] [Fast Refresh] done in 29ms @ http://localhost:3010/_next/static/chunks/node_modules_next_dist_1e8vcs8._.js:776
[  524448ms] [LOG] [Fast Refresh] done in 29ms @ http://localhost:3010/_next/static/chunks/node_modules_next_dist_1e8vcs8._.js:776
[  524495ms] [LOG] [Fast Refresh] done in 29ms @ http://localhost:3010/_next/static/chunks/node_modules_next_dist_1e8vcs8._.js:776
[  524559ms] [LOG] [Fast Refresh] done in 29ms @ http://localhost:3010/_next/static/chunks/node_modules_next_dist_1e8vcs8._.js:776
[  524622ms] [LOG] [Fast Refresh] done in 29ms @ http://localhost:3010/_next/static/chunks/node_modules_next_dist_1e8vcs8._.js:776
[  524684ms] [LOG] [Fast Refresh] done in 29ms @ http://localhost:3010/_next/static/chunks/node_modules_next_dist_1e8vcs8._.js:776
[  524747ms] [LOG] [Fast Refresh] done in 29ms @ http://localhost:3010/_next/static/chunks/node_modules_next_dist_1e8vcs8._.js:776
[  524810ms] [LOG] [Fast Refresh] done in 29ms @ http://localhost:3010/_next/static/chunks/node_modules_next_dist_1e8vcs8._.js:776
[  524873ms] [LOG] [Fast Refresh] done in 29ms @ http://localhost:3010/_next/static/chunks/node_modules_next_dist_1e8vcs8._.js:776
[  524936ms] [LOG] [Fast Refresh] done in 29ms @ http://localhost:3010/_next/static/chunks/node_modules_next_dist_1e8vcs8._.js:776
[  524994ms] [LOG] [Fast Refresh] done in 29ms @ http://localhost:3010/_next/static/chunks/node_modules_next_dist_1e8vcs8._.js:776
[  525050ms] [LOG] [Fast Refresh] done in 29ms @ http://localhost:3010/_next/static/chunks/node_modules_next_dist_1e8vcs8._.js:776
[  525104ms] [LOG] [Fast Refresh] done in 29ms @ http://localhost:3010/_next/static/chunks/node_modules_next_dist_1e8vcs8._.js:776
[  525154ms] [LOG] [Fast Refresh] done in 29ms @ http://localhost:3010/_next/static/chunks/node_modules_next_dist_1e8vcs8._.js:776
[  525200ms] [LOG] [Fast Refresh] done in 29ms @ http://localhost:3010/_next/static/chunks/node_modules_next_dist_1e8vcs8._.js:776
[  525244ms] [LOG] [Fast Refresh] done in 29ms @ http://localhost:3010/_next/static/chunks/node_modules_next_dist_1e8vcs8._.js:776
[  525294ms] [LOG] [Fast Refresh] done in 29ms @ http://localhost:3010/_next/static/chunks/node_modules_next_dist_1e8vcs8._.js:776
[  525344ms] [LOG] [Fast Refresh] done in 29ms @ http://localhost:3010/_next/static/chunks/node_modules_next_dist_1e8vcs8._.js:776
[  525394ms] [LOG] [Fast Refresh] done in 29ms @ http://localhost:3010/_next/static/chunks/node_modules_next_dist_1e8vcs8._.js:776
[  525450ms] [LOG] [Fast Refresh] done in 29ms @ http://localhost:3010/_next/static/chunks/node_modules_next_dist_1e8vcs8._.js:776
[  525504ms] [LOG] [Fast Refresh] done in 29ms @ http://localhost:3010/_next/static/chunks/node_modules_next_dist_1e8vcs8._.js:776
[  525554ms] [LOG] [Fast Refresh] done in 29ms @ http://localhost:3010/_next/static/chunks/node_modules_next_dist_1e8vcs8._.js:776
[  525604ms] [LOG] [Fast Refresh] done in 29ms @ http://localhost:3010/_next/static/chunks/node_modules_next_dist_1e8vcs8._.js:776
[  525649ms] [LOG] [Fast Refresh] done in 29ms @ http://localhost:3010/_next/static/chunks/node_modules_next_dist_1e8vcs8._.js:776
[  525700ms] [LOG] [Fast Refresh] done in 29ms @ http://localhost:3010/_next/static/chunks/node_modules_next_dist_1e8vcs8._.js:776
[  525750ms] [LOG] [Fast Refresh] done in 29ms @ http://localhost:3010/_next/static/chunks/node_modules_next_dist_1e8vcs8._.js:776
[  525794ms] [LOG] [Fast Refresh] done in 29ms @ http://localhost:3010/_next/static/chunks/node_modules_next_dist_1e8vcs8._.js:776
[  525844ms] [LOG] [Fast Refresh] done in 29ms @ http://localhost:3010/_next/static/chunks/node_modules_next_dist_1e8vcs8._.js:776
[  525894ms] [LOG] [Fast Refresh] done in 29ms @ http://localhost:3010/_next/static/chunks/node_modules_next_dist_1e8vcs8._.js:776
[  525944ms] [LOG] [Fast Refresh] done in 29ms @ http://localhost:3010/_next/static/chunks/node_modules_next_dist_1e8vcs8._.js:776
[  525994ms] [LOG] [Fast Refresh] done in 29ms @ http://localhost:3010/_next/static/chunks/node_modules_next_dist_1e8vcs8._.js:776
[  526050ms] [LOG] [Fast Refresh] done in 29ms @ http://localhost:3010/_next/static/chunks/node_modules_next_dist_1e8vcs8._.js:776
[  526094ms] [LOG] [Fast Refresh] done in 29ms @ http://localhost:3010/_next/static/chunks/node_modules_next_dist_1e8vcs8._.js:776
[  526144ms] [LOG] [Fast Refresh] done in 29ms @ http://localhost:3010/_next/static/chunks/node_modules_next_dist_1e8vcs8._.js:776
[  526194ms] [LOG] [Fast Refresh] done in 29ms @ http://localhost:3010/_next/static/chunks/node_modules_next_dist_1e8vcs8._.js:776
[  526244ms] [LOG] [Fast Refresh] done in 29ms @ http://localhost:3010/_next/static/chunks/node_modules_next_dist_1e8vcs8._.js:776
[  526294ms] [LOG] [Fast Refresh] done in 29ms @ http://localhost:3010/_next/static/chunks/node_modules_next_dist_1e8vcs8._.js:776
[  526344ms] [LOG] [Fast Refresh] done in 29ms @ http://localhost:3010/_next/static/chunks/node_modules_next_dist_1e8vcs8._.js:776
[  526400ms] [LOG] [Fast Refresh] done in 29ms @ http://localhost:3010/_next/static/chunks/node_modules_next_dist_1e8vcs8._.js:776
[  526454ms] [LOG] [Fast Refresh] done in 29ms @ http://localhost:3010/_next/static/chunks/node_modules_next_dist_1e8vcs8._.js:776
[  526504ms] [LOG] [Fast Refresh] done in 29ms @ http://localhost:3010/_next/static/chunks/node_modules_next_dist_1e8vcs8._.js:776
[  526554ms] [LOG] [Fast Refresh] done in 29ms @ http://localhost:3010/_next/static/chunks/node_modules_next_dist_1e8vcs8._.js:776
[  526600ms] [LOG] [Fast Refresh] done in 29ms @ http://localhost:3010/_next/static/chunks/node_modules_next_dist_1e8vcs8._.js:776
[  526654ms] [LOG] [Fast Refresh] done in 29ms @ http://localhost:3010/_next/static/chunks/node_modules_next_dist_1e8vcs8._.js:776
[  526704ms] [LOG] [Fast Refresh] done in 29ms @ http://localhost:3010/_next/static/chunks/node_modules_next_dist_1e8vcs8._.js:776
[  526754ms] [LOG] [Fast Refresh] done in 29ms @ http://localhost:3010/_next/static/chunks/node_modules_next_dist_1e8vcs8._.js:776
[  526804ms] [LOG] [Fast Refresh] done in 29ms @ http://localhost:3010/_next/static/chunks/node_modules_next_dist_1e8vcs8._.js:776
[  526854ms] [LOG] [Fast Refresh] done in 29ms @ http://localhost:3010/_next/static/chunks/node_modules_next_dist_1e8vcs8._.js:776
[  526904ms] [LOG] [Fast Refresh] done in 29ms @ http://localhost:3010/_next/static/chunks/node_modules_next_dist_1e8vcs8._.js:776
[  526954ms] [LOG] [Fast Refresh] done in 29ms @ http://localhost:3010/_next/static/chunks/node_modules_next_dist_1e8vcs8._.js:776
[  527017ms] [LOG] [Fast Refresh] done in 29ms @ http://localhost:3010/_next/static/chunks/node_modules_next_dist_1e8vcs8._.js:776
[  527081ms] [LOG] [Fast Refresh] done in 29ms @ http://localhost:3010/_next/static/chunks/node_modules_next_dist_1e8vcs8._.js:776
[  527144ms] [LOG] [Fast Refresh] done in 29ms @ http://localhost:3010/_next/static/chunks/node_modules_next_dist_1e8vcs8._.js:776
[  527192ms] [LOG] [Fast Refresh] done in 29ms @ http://localhost:3010/_next/static/chunks/node_modules_next_dist_1e8vcs8._.js:776
[  527240ms] [LOG] [Fast Refresh] done in 29ms @ http://localhost:3010/_next/static/chunks/node_modules_next_dist_1e8vcs8._.js:776
[  527302ms] [LOG] [Fast Refresh] done in 29ms @ http://localhost:3010/_next/static/chunks/node_modules_next_dist_1e8vcs8._.js:776
[  527350ms] [LOG] [Fast Refresh] done in 29ms @ http://localhost:3010/_next/static/chunks/node_modules_next_dist_1e8vcs8._.js:776
[  527413ms] [LOG] [Fast Refresh] done in 29ms @ http://localhost:3010/_next/static/chunks/node_modules_next_dist_1e8vcs8._.js:776
[  527476ms] [LOG] [Fast Refresh] done in 29ms @ http://localhost:3010/_next/static/chunks/node_modules_next_dist_1e8vcs8._.js:776
[  527524ms] [LOG] [Fast Refresh] done in 29ms @ http://localhost:3010/_next/static/chunks/node_modules_next_dist_1e8vcs8._.js:776
[  527571ms] [LOG] [Fast Refresh] done in 29ms @ http://localhost:3010/_next/static/chunks/node_modules_next_dist_1e8vcs8._.js:776
[  527619ms] [LOG] [Fast Refresh] done in 29ms @ http://localhost:3010/_next/static/chunks/node_modules_next_dist_1e8vcs8._.js:776
[  527682ms] [LOG] [Fast Refresh] done in 29ms @ http://localhost:3010/_next/static/chunks/node_modules_next_dist_1e8vcs8._.js:776
[  527745ms] [LOG] [Fast Refresh] done in 29ms @ http://localhost:3010/_next/static/chunks/node_modules_next_dist_1e8vcs8._.js:776
[  527808ms] [LOG] [Fast Refresh] done in 29ms @ http://localhost:3010/_next/static/chunks/node_modules_next_dist_1e8vcs8._.js:776
[  527870ms] [LOG] [Fast Refresh] done in 29ms @ http://localhost:3010/_next/static/chunks/node_modules_next_dist_1e8vcs8._.js:776
[  527933ms] [LOG] [Fast Refresh] done in 29ms @ http://localhost:3010/_next/static/chunks/node_modules_next_dist_1e8vcs8._.js:776
[  527996ms] [LOG] [Fast Refresh] done in 29ms @ http://localhost:3010/_next/static/chunks/node_modules_next_dist_1e8vcs8._.js:776
[  528044ms] [LOG] [Fast Refresh] done in 29ms @ http://localhost:3010/_next/static/chunks/node_modules_next_dist_1e8vcs8._.js:776
[  528107ms] [LOG] [Fast Refresh] done in 29ms @ http://localhost:3010/_next/static/chunks/node_modules_next_dist_1e8vcs8._.js:776
[  528170ms] [LOG] [Fast Refresh] done in 29ms @ http://localhost:3010/_next/static/chunks/node_modules_next_dist_1e8vcs8._.js:776
[  528234ms] [LOG] [Fast Refresh] done in 29ms @ http://localhost:3010/_next/static/chunks/node_modules_next_dist_1e8vcs8._.js:776
[  528281ms] [LOG] [Fast Refresh] done in 29ms @ http://localhost:3010/_next/static/chunks/node_modules_next_dist_1e8vcs8._.js:776
[  528344ms] [LOG] [Fast Refresh] done in 29ms @ http://localhost:3010/_next/static/chunks/node_modules_next_dist_1e8vcs8._.js:776
[  528392ms] [LOG] [Fast Refresh] done in 29ms @ http://localhost:3010/_next/static/chunks/node_modules_next_dist_1e8vcs8._.js:776
[  528455ms] [LOG] [Fast Refresh] done in 29ms @ http://localhost:3010/_next/static/chunks/node_modules_next_dist_1e8vcs8._.js:776
[  528518ms] [LOG] [Fast Refresh] done in 29ms @ http://localhost:3010/_next/static/chunks/node_modules_next_dist_1e8vcs8._.js:776
[  528580ms] [LOG] [Fast Refresh] done in 29ms @ http://localhost:3010/_next/static/chunks/node_modules_next_dist_1e8vcs8._.js:776
[  528645ms] [LOG] [Fast Refresh] done in 29ms @ http://localhost:3010/_next/static/chunks/node_modules_next_dist_1e8vcs8._.js:776
[  528708ms] [LOG] [Fast Refresh] done in 29ms @ http://localhost:3010/_next/static/chunks/node_modules_next_dist_1e8vcs8._.js:776
[  528771ms] [LOG] [Fast Refresh] done in 29ms @ http://localhost:3010/_next/static/chunks/node_modules_next_dist_1e8vcs8._.js:776
[  528834ms] [LOG] [Fast Refresh] done in 29ms @ http://localhost:3010/_next/static/chunks/node_modules_next_dist_1e8vcs8._.js:776
[  528896ms] [LOG] [Fast Refresh] done in 29ms @ http://localhost:3010/_next/static/chunks/node_modules_next_dist_1e8vcs8._.js:776
[  528944ms] [LOG] [Fast Refresh] done in 29ms @ http://localhost:3010/_next/static/chunks/node_modules_next_dist_1e8vcs8._.js:776
[  529007ms] [LOG] [Fast Refresh] done in 29ms @ http://localhost:3010/_next/static/chunks/node_modules_next_dist_1e8vcs8._.js:776
[  529070ms] [LOG] [Fast Refresh] done in 29ms @ http://localhost:3010/_next/static/chunks/node_modules_next_dist_1e8vcs8._.js:776
[  529133ms] [LOG] [Fast Refresh] done in 29ms @ http://localhost:3010/_next/static/chunks/node_modules_next_dist_1e8vcs8._.js:776
[  529195ms] [LOG] [Fast Refresh] done in 29ms @ http://localhost:3010/_next/static/chunks/node_modules_next_dist_1e8vcs8._.js:776
[  529259ms] [LOG] [Fast Refresh] done in 29ms @ http://localhost:3010/_next/static/chunks/node_modules_next_dist_1e8vcs8._.js:776
[  529323ms] [LOG] [Fast Refresh] done in 29ms @ http://localhost:3010/_next/static/chunks/node_modules_next_dist_1e8vcs8._.js:776
[  529385ms] [LOG] [Fast Refresh] done in 29ms @ http://localhost:3010/_next/static/chunks/node_modules_next_dist_1e8vcs8._.js:776
[  529448ms] [LOG] [Fast Refresh] done in 29ms @ http://localhost:3010/_next/static/chunks/node_modules_next_dist_1e8vcs8._.js:776
[  529511ms] [LOG] [Fast Refresh] done in 29ms @ http://localhost:3010/_next/static/chunks/node_modules_next_dist_1e8vcs8._.js:776
[  529574ms] [LOG] [Fast Refresh] done in 29ms @ http://localhost:3010/_next/static/chunks/node_modules_next_dist_1e8vcs8._.js:776
[  529622ms] [LOG] [Fast Refresh] done in 29ms @ http://localhost:3010/_next/static/chunks/node_modules_next_dist_1e8vcs8._.js:776
[  529686ms] [LOG] [Fast Refresh] done in 29ms @ http://localhost:3010/_next/static/chunks/node_modules_next_dist_1e8vcs8._.js:776
[  529750ms] [LOG] [Fast Refresh] done in 29ms @ http://localhost:3010/_next/static/chunks/node_modules_next_dist_1e8vcs8._.js:776
[  529814ms] [LOG] [Fast Refresh] done in 29ms @ http://localhost:3010/_next/static/chunks/node_modules_next_dist_1e8vcs8._.js:776
[  529878ms] [LOG] [Fast Refresh] done in 29ms @ http://localhost:3010/_next/static/chunks/node_modules_next_dist_1e8vcs8._.js:776
[  529941ms] [LOG] [Fast Refresh] done in 29ms @ http://localhost:3010/_next/static/chunks/node_modules_next_dist_1e8vcs8._.js:776
[  530004ms] [LOG] [Fast Refresh] done in 29ms @ http://localhost:3010/_next/static/chunks/node_modules_next_dist_1e8vcs8._.js:776
[  530066ms] [LOG] [Fast Refresh] done in 29ms @ http://localhost:3010/_next/static/chunks/node_modules_next_dist_1e8vcs8._.js:776
[  530114ms] [LOG] [Fast Refresh] done in 29ms @ http://localhost:3010/_next/static/chunks/node_modules_next_dist_1e8vcs8._.js:776
[  530162ms] [LOG] [Fast Refresh] done in 29ms @ http://localhost:3010/_next/static/chunks/node_modules_next_dist_1e8vcs8._.js:776
[  530224ms] [LOG] [Fast Refresh] done in 29ms @ http://localhost:3010/_next/static/chunks/node_modules_next_dist_1e8vcs8._.js:776
[  530287ms] [LOG] [Fast Refresh] done in 29ms @ http://localhost:3010/_next/static/chunks/node_modules_next_dist_1e8vcs8._.js:776
[  530336ms] [LOG] [Fast Refresh] done in 29ms @ http://localhost:3010/_next/static/chunks/node_modules_next_dist_1e8vcs8._.js:776
[  530399ms] [LOG] [Fast Refresh] done in 29ms @ http://localhost:3010/_next/static/chunks/node_modules_next_dist_1e8vcs8._.js:776
[  530462ms] [LOG] [Fast Refresh] done in 29ms @ http://localhost:3010/_next/static/chunks/node_modules_next_dist_1e8vcs8._.js:776
[  530524ms] [LOG] [Fast Refresh] done in 29ms @ http://localhost:3010/_next/static/chunks/node_modules_next_dist_1e8vcs8._.js:776
[  530588ms] [LOG] [Fast Refresh] done in 29ms @ http://localhost:3010/_next/static/chunks/node_modules_next_dist_1e8vcs8._.js:776
[  530650ms] [LOG] [Fast Refresh] done in 29ms @ http://localhost:3010/_next/static/chunks/node_modules_next_dist_1e8vcs8._.js:776
[  530713ms] [LOG] [Fast Refresh] done in 29ms @ http://localhost:3010/_next/static/chunks/node_modules_next_dist_1e8vcs8._.js:776
[  530776ms] [LOG] [Fast Refresh] done in 29ms @ http://localhost:3010/_next/static/chunks/node_modules_next_dist_1e8vcs8._.js:776
[  530824ms] [LOG] [Fast Refresh] done in 29ms @ http://localhost:3010/_next/static/chunks/node_modules_next_dist_1e8vcs8._.js:776
[  530888ms] [LOG] [Fast Refresh] done in 29ms @ http://localhost:3010/_next/static/chunks/node_modules_next_dist_1e8vcs8._.js:776
[  530951ms] [LOG] [Fast Refresh] done in 29ms @ http://localhost:3010/_next/static/chunks/node_modules_next_dist_1e8vcs8._.js:776
[  531014ms] [LOG] [Fast Refresh] done in 29ms @ http://localhost:3010/_next/static/chunks/node_modules_next_dist_1e8vcs8._.js:776
[  531078ms] [LOG] [Fast Refresh] done in 29ms @ http://localhost:3010/_next/static/chunks/node_modules_next_dist_1e8vcs8._.js:776
[  531141ms] [LOG] [Fast Refresh] done in 29ms @ http://localhost:3010/_next/static/chunks/node_modules_next_dist_1e8vcs8._.js:776
[  531204ms] [LOG] [Fast Refresh] done in 29ms @ http://localhost:3010/_next/static/chunks/node_modules_next_dist_1e8vcs8._.js:776
[  531267ms] [LOG] [Fast Refresh] done in 29ms @ http://localhost:3010/_next/static/chunks/node_modules_next_dist_1e8vcs8._.js:776
[  531330ms] [LOG] [Fast Refresh] done in 29ms @ http://localhost:3010/_next/static/chunks/node_modules_next_dist_1e8vcs8._.js:776
[  531392ms] [LOG] [Fast Refresh] done in 29ms @ http://localhost:3010/_next/static/chunks/node_modules_next_dist_1e8vcs8._.js:776
[  531455ms] [LOG] [Fast Refresh] done in 29ms @ http://localhost:3010/_next/static/chunks/node_modules_next_dist_1e8vcs8._.js:776
[  531519ms] [LOG] [Fast Refresh] done in 29ms @ http://localhost:3010/_next/static/chunks/node_modules_next_dist_1e8vcs8._.js:776
[  531582ms] [LOG] [Fast Refresh] done in 29ms @ http://localhost:3010/_next/static/chunks/node_modules_next_dist_1e8vcs8._.js:776
[  531646ms] [LOG] [Fast Refresh] done in 29ms @ http://localhost:3010/_next/static/chunks/node_modules_next_dist_1e8vcs8._.js:776
[  531707ms] [LOG] [Fast Refresh] done in 29ms @ http://localhost:3010/_next/static/chunks/node_modules_next_dist_1e8vcs8._.js:776
[  531771ms] [LOG] [Fast Refresh] done in 29ms @ http://localhost:3010/_next/static/chunks/node_modules_next_dist_1e8vcs8._.js:776
[  531834ms] [LOG] [Fast Refresh] done in 29ms @ http://localhost:3010/_next/static/chunks/node_modules_next_dist_1e8vcs8._.js:776
[  531896ms] [LOG] [Fast Refresh] done in 29ms @ http://localhost:3010/_next/static/chunks/node_modules_next_dist_1e8vcs8._.js:776
[  531960ms] [LOG] [Fast Refresh] done in 29ms @ http://localhost:3010/_next/static/chunks/node_modules_next_dist_1e8vcs8._.js:776
[  532022ms] [LOG] [Fast Refresh] done in 29ms @ http://localhost:3010/_next/static/chunks/node_modules_next_dist_1e8vcs8._.js:776
[  532084ms] [LOG] [Fast Refresh] done in 29ms @ http://localhost:3010/_next/static/chunks/node_modules_next_dist_1e8vcs8._.js:776
[  532148ms] [LOG] [Fast Refresh] done in 29ms @ http://localhost:3010/_next/static/chunks/node_modules_next_dist_1e8vcs8._.js:776
[  532211ms] [LOG] [Fast Refresh] done in 29ms @ http://localhost:3010/_next/static/chunks/node_modules_next_dist_1e8vcs8._.js:776
[  532274ms] [LOG] [Fast Refresh] done in 29ms @ http://localhost:3010/_next/static/chunks/node_modules_next_dist_1e8vcs8._.js:776
[  532322ms] [LOG] [Fast Refresh] done in 29ms @ http://localhost:3010/_next/static/chunks/node_modules_next_dist_1e8vcs8._.js:776
[  532386ms] [LOG] [Fast Refresh] done in 29ms @ http://localhost:3010/_next/static/chunks/node_modules_next_dist_1e8vcs8._.js:776
[  532449ms] [LOG] [Fast Refresh] done in 29ms @ http://localhost:3010/_next/static/chunks/node_modules_next_dist_1e8vcs8._.js:776
[  532512ms] [LOG] [Fast Refresh] done in 29ms @ http://localhost:3010/_next/static/chunks/node_modules_next_dist_1e8vcs8._.js:776
[  532576ms] [LOG] [Fast Refresh] done in 29ms @ http://localhost:3010/_next/static/chunks/node_modules_next_dist_1e8vcs8._.js:776
[  532639ms] [LOG] [Fast Refresh] done in 29ms @ http://localhost:3010/_next/static/chunks/node_modules_next_dist_1e8vcs8._.js:776
[  532702ms] [LOG] [Fast Refresh] done in 29ms @ http://localhost:3010/_next/static/chunks/node_modules_next_dist_1e8vcs8._.js:776
[  532766ms] [LOG] [Fast Refresh] done in 29ms @ http://localhost:3010/_next/static/chunks/node_modules_next_dist_1e8vcs8._.js:776
[  532829ms] [LOG] [Fast Refresh] done in 29ms @ http://localhost:3010/_next/static/chunks/node_modules_next_dist_1e8vcs8._.js:776
[  532876ms] [LOG] [Fast Refresh] done in 29ms @ http://localhost:3010/_next/static/chunks/node_modules_next_dist_1e8vcs8._.js:776
[  532924ms] [LOG] [Fast Refresh] done in 29ms @ http://localhost:3010/_next/static/chunks/node_modules_next_dist_1e8vcs8._.js:776
[  532987ms] [LOG] [Fast Refresh] done in 29ms @ http://localhost:3010/_next/static/chunks/node_modules_next_dist_1e8vcs8._.js:776
[  533035ms] [LOG] [Fast Refresh] done in 29ms @ http://localhost:3010/_next/static/chunks/node_modules_next_dist_1e8vcs8._.js:776
[  533082ms] [LOG] [Fast Refresh] done in 29ms @ http://localhost:3010/_next/static/chunks/node_modules_next_dist_1e8vcs8._.js:776
[  533145ms] [LOG] [Fast Refresh] done in 29ms @ http://localhost:3010/_next/static/chunks/node_modules_next_dist_1e8vcs8._.js:776
[  533193ms] [LOG] [Fast Refresh] done in 29ms @ http://localhost:3010/_next/static/chunks/node_modules_next_dist_1e8vcs8._.js:776
[  533257ms] [LOG] [Fast Refresh] done in 29ms @ http://localhost:3010/_next/static/chunks/node_modules_next_dist_1e8vcs8._.js:776
[  533320ms] [LOG] [Fast Refresh] done in 29ms @ http://localhost:3010/_next/static/chunks/node_modules_next_dist_1e8vcs8._.js:776
[  533382ms] [LOG] [Fast Refresh] done in 29ms @ http://localhost:3010/_next/static/chunks/node_modules_next_dist_1e8vcs8._.js:776
[  533445ms] [LOG] [Fast Refresh] done in 29ms @ http://localhost:3010/_next/static/chunks/node_modules_next_dist_1e8vcs8._.js:776
[  533508ms] [LOG] [Fast Refresh] done in 29ms @ http://localhost:3010/_next/static/chunks/node_modules_next_dist_1e8vcs8._.js:776
[  533571ms] [LOG] [Fast Refresh] done in 29ms @ http://localhost:3010/_next/static/chunks/node_modules_next_dist_1e8vcs8._.js:776
[  533634ms] [LOG] [Fast Refresh] done in 29ms @ http://localhost:3010/_next/static/chunks/node_modules_next_dist_1e8vcs8._.js:776
[  533697ms] [LOG] [Fast Refresh] done in 29ms @ http://localhost:3010/_next/static/chunks/node_modules_next_dist_1e8vcs8._.js:776
[  533760ms] [LOG] [Fast Refresh] done in 29ms @ http://localhost:3010/_next/static/chunks/node_modules_next_dist_1e8vcs8._.js:776
[  533823ms] [LOG] [Fast Refresh] done in 29ms @ http://localhost:3010/_next/static/chunks/node_modules_next_dist_1e8vcs8._.js:776
[  533871ms] [LOG] [Fast Refresh] done in 29ms @ http://localhost:3010/_next/static/chunks/node_modules_next_dist_1e8vcs8._.js:776
[  533934ms] [LOG] [Fast Refresh] done in 29ms @ http://localhost:3010/_next/static/chunks/node_modules_next_dist_1e8vcs8._.js:776
[  533997ms] [LOG] [Fast Refresh] done in 29ms @ http://localhost:3010/_next/static/chunks/node_modules_next_dist_1e8vcs8._.js:776
[  534059ms] [LOG] [Fast Refresh] done in 29ms @ http://localhost:3010/_next/static/chunks/node_modules_next_dist_1e8vcs8._.js:776
[  534107ms] [LOG] [Fast Refresh] done in 29ms @ http://localhost:3010/_next/static/chunks/node_modules_next_dist_1e8vcs8._.js:776
[  534171ms] [LOG] [Fast Refresh] done in 29ms @ http://localhost:3010/_next/static/chunks/node_modules_next_dist_1e8vcs8._.js:776
[  534234ms] [LOG] [Fast Refresh] done in 29ms @ http://localhost:3010/_next/static/chunks/node_modules_next_dist_1e8vcs8._.js:776
[  534281ms] [LOG] [Fast Refresh] done in 29ms @ http://localhost:3010/_next/static/chunks/node_modules_next_dist_1e8vcs8._.js:776
[  534329ms] [LOG] [Fast Refresh] done in 29ms @ http://localhost:3010/_next/static/chunks/node_modules_next_dist_1e8vcs8._.js:776
[  534392ms] [LOG] [Fast Refresh] done in 29ms @ http://localhost:3010/_next/static/chunks/node_modules_next_dist_1e8vcs8._.js:776
[  534455ms] [LOG] [Fast Refresh] done in 29ms @ http://localhost:3010/_next/static/chunks/node_modules_next_dist_1e8vcs8._.js:776
[  534517ms] [LOG] [Fast Refresh] done in 29ms @ http://localhost:3010/_next/static/chunks/node_modules_next_dist_1e8vcs8._.js:776
[  534581ms] [LOG] [Fast Refresh] done in 29ms @ http://localhost:3010/_next/static/chunks/node_modules_next_dist_1e8vcs8._.js:776
[  534643ms] [LOG] [Fast Refresh] done in 29ms @ http://localhost:3010/_next/static/chunks/node_modules_next_dist_1e8vcs8._.js:776
[  534706ms] [LOG] [Fast Refresh] done in 29ms @ http://localhost:3010/_next/static/chunks/node_modules_next_dist_1e8vcs8._.js:776
[  534770ms] [LOG] [Fast Refresh] done in 29ms @ http://localhost:3010/_next/static/chunks/node_modules_next_dist_1e8vcs8._.js:776
[  534833ms] [LOG] [Fast Refresh] done in 29ms @ http://localhost:3010/_next/static/chunks/node_modules_next_dist_1e8vcs8._.js:776
[  534895ms] [LOG] [Fast Refresh] done in 29ms @ http://localhost:3010/_next/static/chunks/node_modules_next_dist_1e8vcs8._.js:776
[  534955ms] [LOG] [Fast Refresh] done in 29ms @ http://localhost:3010/_next/static/chunks/node_modules_next_dist_1e8vcs8._.js:776
[  535004ms] [LOG] [Fast Refresh] done in 29ms @ http://localhost:3010/_next/static/chunks/node_modules_next_dist_1e8vcs8._.js:776
[  535055ms] [LOG] [Fast Refresh] done in 29ms @ http://localhost:3010/_next/static/chunks/node_modules_next_dist_1e8vcs8._.js:776
[  535105ms] [LOG] [Fast Refresh] done in 29ms @ http://localhost:3010/_next/static/chunks/node_modules_next_dist_1e8vcs8._.js:776
[  535154ms] [LOG] [Fast Refresh] done in 29ms @ http://localhost:3010/_next/static/chunks/node_modules_next_dist_1e8vcs8._.js:776
[  535204ms] [LOG] [Fast Refresh] done in 29ms @ http://localhost:3010/_next/static/chunks/node_modules_next_dist_1e8vcs8._.js:776
[  535254ms] [LOG] [Fast Refresh] done in 29ms @ http://localhost:3010/_next/static/chunks/node_modules_next_dist_1e8vcs8._.js:776
[  535300ms] [LOG] [Fast Refresh] done in 29ms @ http://localhost:3010/_next/static/chunks/node_modules_next_dist_1e8vcs8._.js:776
[  535344ms] [LOG] [Fast Refresh] done in 29ms @ http://localhost:3010/_next/static/chunks/node_modules_next_dist_1e8vcs8._.js:776
[  535394ms] [LOG] [Fast Refresh] done in 29ms @ http://localhost:3010/_next/static/chunks/node_modules_next_dist_1e8vcs8._.js:776
[  535445ms] [LOG] [Fast Refresh] done in 29ms @ http://localhost:3010/_next/static/chunks/node_modules_next_dist_1e8vcs8._.js:776
[  535494ms] [LOG] [Fast Refresh] done in 29ms @ http://localhost:3010/_next/static/chunks/node_modules_next_dist_1e8vcs8._.js:776
[  535544ms] [LOG] [Fast Refresh] done in 29ms @ http://localhost:3010/_next/static/chunks/node_modules_next_dist_1e8vcs8._.js:776
[  535594ms] [LOG] [Fast Refresh] done in 29ms @ http://localhost:3010/_next/static/chunks/node_modules_next_dist_1e8vcs8._.js:776
[  535644ms] [LOG] [Fast Refresh] done in 29ms @ http://localhost:3010/_next/static/chunks/node_modules_next_dist_1e8vcs8._.js:776
[  535695ms] [LOG] [Fast Refresh] done in 29ms @ http://localhost:3010/_next/static/chunks/node_modules_next_dist_1e8vcs8._.js:776
[  535743ms] [LOG] [Fast Refresh] done in 29ms @ http://localhost:3010/_next/static/chunks/node_modules_next_dist_1e8vcs8._.js:776
[  535794ms] [LOG] [Fast Refresh] done in 29ms @ http://localhost:3010/_next/static/chunks/node_modules_next_dist_1e8vcs8._.js:776
[  535844ms] [LOG] [Fast Refresh] done in 29ms @ http://localhost:3010/_next/static/chunks/node_modules_next_dist_1e8vcs8._.js:776
[  535900ms] [LOG] [Fast Refresh] done in 29ms @ http://localhost:3010/_next/static/chunks/node_modules_next_dist_1e8vcs8._.js:776
[  535944ms] [LOG] [Fast Refresh] done in 29ms @ http://localhost:3010/_next/static/chunks/node_modules_next_dist_1e8vcs8._.js:776
[  535994ms] [LOG] [Fast Refresh] done in 29ms @ http://localhost:3010/_next/static/chunks/node_modules_next_dist_1e8vcs8._.js:776
[  536045ms] [LOG] [Fast Refresh] done in 29ms @ http://localhost:3010/_next/static/chunks/node_modules_next_dist_1e8vcs8._.js:776
[  536100ms] [LOG] [Fast Refresh] done in 29ms @ http://localhost:3010/_next/static/chunks/node_modules_next_dist_1e8vcs8._.js:776
[  536155ms] [LOG] [Fast Refresh] done in 29ms @ http://localhost:3010/_next/static/chunks/node_modules_next_dist_1e8vcs8._.js:776
[  536204ms] [LOG] [Fast Refresh] done in 29ms @ http://localhost:3010/_next/static/chunks/node_modules_next_dist_1e8vcs8._.js:776
[  536255ms] [LOG] [Fast Refresh] done in 29ms @ http://localhost:3010/_next/static/chunks/node_modules_next_dist_1e8vcs8._.js:776
[  536305ms] [LOG] [Fast Refresh] done in 29ms @ http://localhost:3010/_next/static/chunks/node_modules_next_dist_1e8vcs8._.js:776
[  536354ms] [LOG] [Fast Refresh] done in 29ms @ http://localhost:3010/_next/static/chunks/node_modules_next_dist_1e8vcs8._.js:776
[  536404ms] [LOG] [Fast Refresh] done in 29ms @ http://localhost:3010/_next/static/chunks/node_modules_next_dist_1e8vcs8._.js:776
[  536460ms] [LOG] [Fast Refresh] done in 29ms @ http://localhost:3010/_next/static/chunks/node_modules_next_dist_1e8vcs8._.js:776
[  536514ms] [LOG] [Fast Refresh] done in 29ms @ http://localhost:3010/_next/static/chunks/node_modules_next_dist_1e8vcs8._.js:776
[  536564ms] [LOG] [Fast Refresh] done in 29ms @ http://localhost:3010/_next/static/chunks/node_modules_next_dist_1e8vcs8._.js:776
[  536615ms] [LOG] [Fast Refresh] done in 29ms @ http://localhost:3010/_next/static/chunks/node_modules_next_dist_1e8vcs8._.js:776
[  536664ms] [LOG] [Fast Refresh] done in 29ms @ http://localhost:3010/_next/static/chunks/node_modules_next_dist_1e8vcs8._.js:776
[  536714ms] [LOG] [Fast Refresh] done in 29ms @ http://localhost:3010/_next/static/chunks/node_modules_next_dist_1e8vcs8._.js:776
[  536764ms] [LOG] [Fast Refresh] done in 29ms @ http://localhost:3010/_next/static/chunks/node_modules_next_dist_1e8vcs8._.js:776
[  536814ms] [LOG] [Fast Refresh] done in 29ms @ http://localhost:3010/_next/static/chunks/node_modules_next_dist_1e8vcs8._.js:776
[  536864ms] [LOG] [Fast Refresh] done in 29ms @ http://localhost:3010/_next/static/chunks/node_modules_next_dist_1e8vcs8._.js:776
[  536914ms] [LOG] [Fast Refresh] done in 29ms @ http://localhost:3010/_next/static/chunks/node_modules_next_dist_1e8vcs8._.js:776
[  536969ms] [LOG] [Fast Refresh] done in 29ms @ http://localhost:3010/_next/static/chunks/node_modules_next_dist_1e8vcs8._.js:776
[  537032ms] [LOG] [Fast Refresh] done in 29ms @ http://localhost:3010/_next/static/chunks/node_modules_next_dist_1e8vcs8._.js:776
[  537096ms] [LOG] [Fast Refresh] done in 29ms @ http://localhost:3010/_next/static/chunks/node_modules_next_dist_1e8vcs8._.js:776
[  537159ms] [LOG] [Fast Refresh] done in 29ms @ http://localhost:3010/_next/static/chunks/node_modules_next_dist_1e8vcs8._.js:776
[  537222ms] [LOG] [Fast Refresh] done in 29ms @ http://localhost:3010/_next/static/chunks/node_modules_next_dist_1e8vcs8._.js:776
[  537285ms] [LOG] [Fast Refresh] done in 29ms @ http://localhost:3010/_next/static/chunks/node_modules_next_dist_1e8vcs8._.js:776
[  537348ms] [LOG] [Fast Refresh] done in 29ms @ http://localhost:3010/_next/static/chunks/node_modules_next_dist_1e8vcs8._.js:776
[  537411ms] [LOG] [Fast Refresh] done in 29ms @ http://localhost:3010/_next/static/chunks/node_modules_next_dist_1e8vcs8._.js:776
[  537475ms] [LOG] [Fast Refresh] done in 29ms @ http://localhost:3010/_next/static/chunks/node_modules_next_dist_1e8vcs8._.js:776
[  537538ms] [LOG] [Fast Refresh] done in 29ms @ http://localhost:3010/_next/static/chunks/node_modules_next_dist_1e8vcs8._.js:776
[  537601ms] [LOG] [Fast Refresh] done in 29ms @ http://localhost:3010/_next/static/chunks/node_modules_next_dist_1e8vcs8._.js:776
[  537664ms] [LOG] [Fast Refresh] done in 29ms @ http://localhost:3010/_next/static/chunks/node_modules_next_dist_1e8vcs8._.js:776
[  537727ms] [LOG] [Fast Refresh] done in 29ms @ http://localhost:3010/_next/static/chunks/node_modules_next_dist_1e8vcs8._.js:776
[  537791ms] [LOG] [Fast Refresh] done in 29ms @ http://localhost:3010/_next/static/chunks/node_modules_next_dist_1e8vcs8._.js:776
[  537854ms] [LOG] [Fast Refresh] done in 29ms @ http://localhost:3010/_next/static/chunks/node_modules_next_dist_1e8vcs8._.js:776
[  537917ms] [LOG] [Fast Refresh] done in 29ms @ http://localhost:3010/_next/static/chunks/node_modules_next_dist_1e8vcs8._.js:776
[  537981ms] [LOG] [Fast Refresh] done in 29ms @ http://localhost:3010/_next/static/chunks/node_modules_next_dist_1e8vcs8._.js:776
[  538029ms] [LOG] [Fast Refresh] done in 29ms @ http://localhost:3010/_next/static/chunks/node_modules_next_dist_1e8vcs8._.js:776
[  538092ms] [LOG] [Fast Refresh] done in 29ms @ http://localhost:3010/_next/static/chunks/node_modules_next_dist_1e8vcs8._.js:776
[  538155ms] [LOG] [Fast Refresh] done in 29ms @ http://localhost:3010/_next/static/chunks/node_modules_next_dist_1e8vcs8._.js:776
[  538218ms] [LOG] [Fast Refresh] done in 29ms @ http://localhost:3010/_next/static/chunks/node_modules_next_dist_1e8vcs8._.js:776
[  538282ms] [LOG] [Fast Refresh] done in 29ms @ http://localhost:3010/_next/static/chunks/node_modules_next_dist_1e8vcs8._.js:776
[  538329ms] [LOG] [Fast Refresh] done in 29ms @ http://localhost:3010/_next/static/chunks/node_modules_next_dist_1e8vcs8._.js:776
[  538391ms] [LOG] [Fast Refresh] done in 29ms @ http://localhost:3010/_next/static/chunks/node_modules_next_dist_1e8vcs8._.js:776
[  538455ms] [LOG] [Fast Refresh] done in 29ms @ http://localhost:3010/_next/static/chunks/node_modules_next_dist_1e8vcs8._.js:776
[  538518ms] [LOG] [Fast Refresh] done in 29ms @ http://localhost:3010/_next/static/chunks/node_modules_next_dist_1e8vcs8._.js:776
[  538580ms] [LOG] [Fast Refresh] done in 29ms @ http://localhost:3010/_next/static/chunks/node_modules_next_dist_1e8vcs8._.js:776
[  538644ms] [LOG] [Fast Refresh] done in 29ms @ http://localhost:3010/_next/static/chunks/node_modules_next_dist_1e8vcs8._.js:776
[  538692ms] [LOG] [Fast Refresh] done in 29ms @ http://localhost:3010/_next/static/chunks/node_modules_next_dist_1e8vcs8._.js:776
[  538755ms] [LOG] [Fast Refresh] done in 29ms @ http://localhost:3010/_next/static/chunks/node_modules_next_dist_1e8vcs8._.js:776
[  538818ms] [LOG] [Fast Refresh] done in 29ms @ http://localhost:3010/_next/static/chunks/node_modules_next_dist_1e8vcs8._.js:776
[  538882ms] [LOG] [Fast Refresh] done in 29ms @ http://localhost:3010/_next/static/chunks/node_modules_next_dist_1e8vcs8._.js:776
[  538945ms] [LOG] [Fast Refresh] done in 29ms @ http://localhost:3010/_next/static/chunks/node_modules_next_dist_1e8vcs8._.js:776
[  538994ms] [LOG] [Fast Refresh] done in 29ms @ http://localhost:3010/_next/static/chunks/node_modules_next_dist_1e8vcs8._.js:776
[  539045ms] [LOG] [Fast Refresh] done in 29ms @ http://localhost:3010/_next/static/chunks/node_modules_next_dist_1e8vcs8._.js:776
[  539095ms] [LOG] [Fast Refresh] done in 29ms @ http://localhost:3010/_next/static/chunks/node_modules_next_dist_1e8vcs8._.js:776
[  539154ms] [LOG] [Fast Refresh] done in 29ms @ http://localhost:3010/_next/static/chunks/node_modules_next_dist_1e8vcs8._.js:776
[  539204ms] [LOG] [Fast Refresh] done in 29ms @ http://localhost:3010/_next/static/chunks/node_modules_next_dist_1e8vcs8._.js:776
[  539255ms] [LOG] [Fast Refresh] done in 29ms @ http://localhost:3010/_next/static/chunks/node_modules_next_dist_1e8vcs8._.js:776
[  539304ms] [LOG] [Fast Refresh] done in 29ms @ http://localhost:3010/_next/static/chunks/node_modules_next_dist_1e8vcs8._.js:776
[  539354ms] [LOG] [Fast Refresh] done in 29ms @ http://localhost:3010/_next/static/chunks/node_modules_next_dist_1e8vcs8._.js:776
[  539404ms] [LOG] [Fast Refresh] done in 29ms @ http://localhost:3010/_next/static/chunks/node_modules_next_dist_1e8vcs8._.js:776
[  539455ms] [LOG] [Fast Refresh] done in 29ms @ http://localhost:3010/_next/static/chunks/node_modules_next_dist_1e8vcs8._.js:776
[  539505ms] [LOG] [Fast Refresh] done in 29ms @ http://localhost:3010/_next/static/chunks/node_modules_next_dist_1e8vcs8._.js:776
[  539554ms] [LOG] [Fast Refresh] done in 29ms @ http://localhost:3010/_next/static/chunks/node_modules_next_dist_1e8vcs8._.js:776
[  539604ms] [LOG] [Fast Refresh] done in 29ms @ http://localhost:3010/_next/static/chunks/node_modules_next_dist_1e8vcs8._.js:776
[  539655ms] [LOG] [Fast Refresh] done in 29ms @ http://localhost:3010/_next/static/chunks/node_modules_next_dist_1e8vcs8._.js:776
[  539705ms] [LOG] [Fast Refresh] done in 29ms @ http://localhost:3010/_next/static/chunks/node_modules_next_dist_1e8vcs8._.js:776
[  539755ms] [LOG] [Fast Refresh] done in 29ms @ http://localhost:3010/_next/static/chunks/node_modules_next_dist_1e8vcs8._.js:776
[  539804ms] [LOG] [Fast Refresh] done in 29ms @ http://localhost:3010/_next/static/chunks/node_modules_next_dist_1e8vcs8._.js:776
[  539855ms] [LOG] [Fast Refresh] done in 29ms @ http://localhost:3010/_next/static/chunks/node_modules_next_dist_1e8vcs8._.js:776
[  539904ms] [LOG] [Fast Refresh] done in 29ms @ http://localhost:3010/_next/static/chunks/node_modules_next_dist_1e8vcs8._.js:776
[  539955ms] [LOG] [Fast Refresh] done in 29ms @ http://localhost:3010/_next/static/chunks/node_modules_next_dist_1e8vcs8._.js:776
[  540004ms] [LOG] [Fast Refresh] done in 29ms @ http://localhost:3010/_next/static/chunks/node_modules_next_dist_1e8vcs8._.js:776
[  540060ms] [LOG] [Fast Refresh] done in 29ms @ http://localhost:3010/_next/static/chunks/node_modules_next_dist_1e8vcs8._.js:776
[  540105ms] [LOG] [Fast Refresh] done in 29ms @ http://localhost:3010/_next/static/chunks/node_modules_next_dist_1e8vcs8._.js:776
[  540154ms] [LOG] [Fast Refresh] done in 29ms @ http://localhost:3010/_next/static/chunks/node_modules_next_dist_1e8vcs8._.js:776
[  540204ms] [LOG] [Fast Refresh] done in 29ms @ http://localhost:3010/_next/static/chunks/node_modules_next_dist_1e8vcs8._.js:776
[  540255ms] [LOG] [Fast Refresh] done in 29ms @ http://localhost:3010/_next/static/chunks/node_modules_next_dist_1e8vcs8._.js:776
[  540304ms] [LOG] [Fast Refresh] done in 29ms @ http://localhost:3010/_next/static/chunks/node_modules_next_dist_1e8vcs8._.js:776
[  540354ms] [LOG] [Fast Refresh] done in 29ms @ http://localhost:3010/_next/static/chunks/node_modules_next_dist_1e8vcs8._.js:776
[  540404ms] [LOG] [Fast Refresh] done in 29ms @ http://localhost:3010/_next/static/chunks/node_modules_next_dist_1e8vcs8._.js:776
[  540455ms] [LOG] [Fast Refresh] done in 29ms @ http://localhost:3010/_next/static/chunks/node_modules_next_dist_1e8vcs8._.js:776
[  540505ms] [LOG] [Fast Refresh] done in 29ms @ http://localhost:3010/_next/static/chunks/node_modules_next_dist_1e8vcs8._.js:776
[  540555ms] [LOG] [Fast Refresh] done in 29ms @ http://localhost:3010/_next/static/chunks/node_modules_next_dist_1e8vcs8._.js:776
[  540604ms] [LOG] [Fast Refresh] done in 29ms @ http://localhost:3010/_next/static/chunks/node_modules_next_dist_1e8vcs8._.js:776
[  540655ms] [LOG] [Fast Refresh] done in 29ms @ http://localhost:3010/_next/static/chunks/node_modules_next_dist_1e8vcs8._.js:776
[  540705ms] [LOG] [Fast Refresh] done in 29ms @ http://localhost:3010/_next/static/chunks/node_modules_next_dist_1e8vcs8._.js:776
[  540754ms] [LOG] [Fast Refresh] done in 29ms @ http://localhost:3010/_next/static/chunks/node_modules_next_dist_1e8vcs8._.js:776
[  540804ms] [LOG] [Fast Refresh] done in 29ms @ http://localhost:3010/_next/static/chunks/node_modules_next_dist_1e8vcs8._.js:776
[  540855ms] [LOG] [Fast Refresh] done in 29ms @ http://localhost:3010/_next/static/chunks/node_modules_next_dist_1e8vcs8._.js:776
[  540905ms] [LOG] [Fast Refresh] done in 29ms @ http://localhost:3010/_next/static/chunks/node_modules_next_dist_1e8vcs8._.js:776
[  540955ms] [LOG] [Fast Refresh] done in 29ms @ http://localhost:3010/_next/static/chunks/node_modules_next_dist_1e8vcs8._.js:776
[  541017ms] [LOG] [Fast Refresh] done in 29ms @ http://localhost:3010/_next/static/chunks/node_modules_next_dist_1e8vcs8._.js:776
[  541080ms] [LOG] [Fast Refresh] done in 29ms @ http://localhost:3010/_next/static/chunks/node_modules_next_dist_1e8vcs8._.js:776
[  541144ms] [LOG] [Fast Refresh] done in 29ms @ http://localhost:3010/_next/static/chunks/node_modules_next_dist_1e8vcs8._.js:776
[  541192ms] [LOG] [Fast Refresh] done in 29ms @ http://localhost:3010/_next/static/chunks/node_modules_next_dist_1e8vcs8._.js:776
[  541255ms] [LOG] [Fast Refresh] done in 29ms @ http://localhost:3010/_next/static/chunks/node_modules_next_dist_1e8vcs8._.js:776
[  541317ms] [LOG] [Fast Refresh] done in 29ms @ http://localhost:3010/_next/static/chunks/node_modules_next_dist_1e8vcs8._.js:776
[  541380ms] [LOG] [Fast Refresh] done in 29ms @ http://localhost:3010/_next/static/chunks/node_modules_next_dist_1e8vcs8._.js:776
[  541427ms] [LOG] [Fast Refresh] done in 29ms @ http://localhost:3010/_next/static/chunks/node_modules_next_dist_1e8vcs8._.js:776
[  541490ms] [LOG] [Fast Refresh] done in 29ms @ http://localhost:3010/_next/static/chunks/node_modules_next_dist_1e8vcs8._.js:776
[  541554ms] [LOG] [Fast Refresh] done in 29ms @ http://localhost:3010/_next/static/chunks/node_modules_next_dist_1e8vcs8._.js:776
[  541617ms] [LOG] [Fast Refresh] done in 29ms @ http://localhost:3010/_next/static/chunks/node_modules_next_dist_1e8vcs8._.js:776
[  541680ms] [LOG] [Fast Refresh] done in 29ms @ http://localhost:3010/_next/static/chunks/node_modules_next_dist_1e8vcs8._.js:776
[  541743ms] [LOG] [Fast Refresh] done in 29ms @ http://localhost:3010/_next/static/chunks/node_modules_next_dist_1e8vcs8._.js:776
[  541806ms] [LOG] [Fast Refresh] done in 29ms @ http://localhost:3010/_next/static/chunks/node_modules_next_dist_1e8vcs8._.js:776
[  541869ms] [LOG] [Fast Refresh] done in 29ms @ http://localhost:3010/_next/static/chunks/node_modules_next_dist_1e8vcs8._.js:776
[  541932ms] [LOG] [Fast Refresh] done in 29ms @ http://localhost:3010/_next/static/chunks/node_modules_next_dist_1e8vcs8._.js:776
[  541996ms] [LOG] [Fast Refresh] done in 29ms @ http://localhost:3010/_next/static/chunks/node_modules_next_dist_1e8vcs8._.js:776
[  542059ms] [LOG] [Fast Refresh] done in 29ms @ http://localhost:3010/_next/static/chunks/node_modules_next_dist_1e8vcs8._.js:776
[  542107ms] [LOG] [Fast Refresh] done in 29ms @ http://localhost:3010/_next/static/chunks/node_modules_next_dist_1e8vcs8._.js:776
[  542154ms] [LOG] [Fast Refresh] done in 29ms @ http://localhost:3010/_next/static/chunks/node_modules_next_dist_1e8vcs8._.js:776
[  542217ms] [LOG] [Fast Refresh] done in 29ms @ http://localhost:3010/_next/static/chunks/node_modules_next_dist_1e8vcs8._.js:776
[  542281ms] [LOG] [Fast Refresh] done in 29ms @ http://localhost:3010/_next/static/chunks/node_modules_next_dist_1e8vcs8._.js:776
[  542329ms] [LOG] [Fast Refresh] done in 29ms @ http://localhost:3010/_next/static/chunks/node_modules_next_dist_1e8vcs8._.js:776
[  542391ms] [LOG] [Fast Refresh] done in 29ms @ http://localhost:3010/_next/static/chunks/node_modules_next_dist_1e8vcs8._.js:776
[  542455ms] [LOG] [Fast Refresh] done in 29ms @ http://localhost:3010/_next/static/chunks/node_modules_next_dist_1e8vcs8._.js:776
[  542517ms] [LOG] [Fast Refresh] done in 29ms @ http://localhost:3010/_next/static/chunks/node_modules_next_dist_1e8vcs8._.js:776
[  542580ms] [LOG] [Fast Refresh] done in 29ms @ http://localhost:3010/_next/static/chunks/node_modules_next_dist_1e8vcs8._.js:776
[  542644ms] [LOG] [Fast Refresh] done in 29ms @ http://localhost:3010/_next/static/chunks/node_modules_next_dist_1e8vcs8._.js:776
[  542707ms] [LOG] [Fast Refresh] done in 29ms @ http://localhost:3010/_next/static/chunks/node_modules_next_dist_1e8vcs8._.js:776
[  542770ms] [LOG] [Fast Refresh] done in 29ms @ http://localhost:3010/_next/static/chunks/node_modules_next_dist_1e8vcs8._.js:776
[  542832ms] [LOG] [Fast Refresh] done in 29ms @ http://localhost:3010/_next/static/chunks/node_modules_next_dist_1e8vcs8._.js:776
[  542895ms] [LOG] [Fast Refresh] done in 29ms @ http://localhost:3010/_next/static/chunks/node_modules_next_dist_1e8vcs8._.js:776
[  542959ms] [LOG] [Fast Refresh] done in 29ms @ http://localhost:3010/_next/static/chunks/node_modules_next_dist_1e8vcs8._.js:776
[  543021ms] [LOG] [Fast Refresh] done in 29ms @ http://localhost:3010/_next/static/chunks/node_modules_next_dist_1e8vcs8._.js:776
[  543084ms] [LOG] [Fast Refresh] done in 29ms @ http://localhost:3010/_next/static/chunks/node_modules_next_dist_1e8vcs8._.js:776
[  543132ms] [LOG] [Fast Refresh] done in 29ms @ http://localhost:3010/_next/static/chunks/node_modules_next_dist_1e8vcs8._.js:776
[  543194ms] [LOG] [Fast Refresh] done in 29ms @ http://localhost:3010/_next/static/chunks/node_modules_next_dist_1e8vcs8._.js:776
[  543258ms] [LOG] [Fast Refresh] done in 29ms @ http://localhost:3010/_next/static/chunks/node_modules_next_dist_1e8vcs8._.js:776
[  543321ms] [LOG] [Fast Refresh] done in 29ms @ http://localhost:3010/_next/static/chunks/node_modules_next_dist_1e8vcs8._.js:776
[  543384ms] [LOG] [Fast Refresh] done in 29ms @ http://localhost:3010/_next/static/chunks/node_modules_next_dist_1e8vcs8._.js:776
[  543448ms] [LOG] [Fast Refresh] done in 29ms @ http://localhost:3010/_next/static/chunks/node_modules_next_dist_1e8vcs8._.js:776
[  543511ms] [LOG] [Fast Refresh] done in 29ms @ http://localhost:3010/_next/static/chunks/node_modules_next_dist_1e8vcs8._.js:776
[  543574ms] [LOG] [Fast Refresh] done in 29ms @ http://localhost:3010/_next/static/chunks/node_modules_next_dist_1e8vcs8._.js:776
[  543622ms] [LOG] [Fast Refresh] done in 29ms @ http://localhost:3010/_next/static/chunks/node_modules_next_dist_1e8vcs8._.js:776
[  543685ms] [LOG] [Fast Refresh] done in 29ms @ http://localhost:3010/_next/static/chunks/node_modules_next_dist_1e8vcs8._.js:776
[  543749ms] [LOG] [Fast Refresh] done in 29ms @ http://localhost:3010/_next/static/chunks/node_modules_next_dist_1e8vcs8._.js:776
[  543811ms] [LOG] [Fast Refresh] done in 29ms @ http://localhost:3010/_next/static/chunks/node_modules_next_dist_1e8vcs8._.js:776
[  543874ms] [LOG] [Fast Refresh] done in 29ms @ http://localhost:3010/_next/static/chunks/node_modules_next_dist_1e8vcs8._.js:776
[  543937ms] [LOG] [Fast Refresh] done in 29ms @ http://localhost:3010/_next/static/chunks/node_modules_next_dist_1e8vcs8._.js:776
[  544000ms] [LOG] [Fast Refresh] done in 29ms @ http://localhost:3010/_next/static/chunks/node_modules_next_dist_1e8vcs8._.js:776
[  544063ms] [LOG] [Fast Refresh] done in 29ms @ http://localhost:3010/_next/static/chunks/node_modules_next_dist_1e8vcs8._.js:776
[  544126ms] [LOG] [Fast Refresh] done in 29ms @ http://localhost:3010/_next/static/chunks/node_modules_next_dist_1e8vcs8._.js:776
[  544188ms] [LOG] [Fast Refresh] done in 29ms @ http://localhost:3010/_next/static/chunks/node_modules_next_dist_1e8vcs8._.js:776
[  544252ms] [LOG] [Fast Refresh] done in 29ms @ http://localhost:3010/_next/static/chunks/node_modules_next_dist_1e8vcs8._.js:776
[  544315ms] [LOG] [Fast Refresh] done in 29ms @ http://localhost:3010/_next/static/chunks/node_modules_next_dist_1e8vcs8._.js:776
[  544377ms] [LOG] [Fast Refresh] done in 29ms @ http://localhost:3010/_next/static/chunks/node_modules_next_dist_1e8vcs8._.js:776
[  544424ms] [LOG] [Fast Refresh] done in 29ms @ http://localhost:3010/_next/static/chunks/node_modules_next_dist_1e8vcs8._.js:776
[  544487ms] [LOG] [Fast Refresh] done in 29ms @ http://localhost:3010/_next/static/chunks/node_modules_next_dist_1e8vcs8._.js:776
[  544550ms] [LOG] [Fast Refresh] done in 29ms @ http://localhost:3010/_next/static/chunks/node_modules_next_dist_1e8vcs8._.js:776
[  544614ms] [LOG] [Fast Refresh] done in 29ms @ http://localhost:3010/_next/static/chunks/node_modules_next_dist_1e8vcs8._.js:776
[  544678ms] [LOG] [Fast Refresh] done in 29ms @ http://localhost:3010/_next/static/chunks/node_modules_next_dist_1e8vcs8._.js:776
[  544740ms] [LOG] [Fast Refresh] done in 29ms @ http://localhost:3010/_next/static/chunks/node_modules_next_dist_1e8vcs8._.js:776
[  544788ms] [LOG] [Fast Refresh] done in 29ms @ http://localhost:3010/_next/static/chunks/node_modules_next_dist_1e8vcs8._.js:776
[  544852ms] [LOG] [Fast Refresh] done in 29ms @ http://localhost:3010/_next/static/chunks/node_modules_next_dist_1e8vcs8._.js:776
[  544916ms] [LOG] [Fast Refresh] done in 29ms @ http://localhost:3010/_next/static/chunks/node_modules_next_dist_1e8vcs8._.js:776
[  544979ms] [LOG] [Fast Refresh] done in 29ms @ http://localhost:3010/_next/static/chunks/node_modules_next_dist_1e8vcs8._.js:776
[  545043ms] [LOG] [Fast Refresh] done in 29ms @ http://localhost:3010/_next/static/chunks/node_modules_next_dist_1e8vcs8._.js:776
[  545107ms] [LOG] [Fast Refresh] done in 29ms @ http://localhost:3010/_next/static/chunks/node_modules_next_dist_1e8vcs8._.js:776
[  545170ms] [LOG] [Fast Refresh] done in 29ms @ http://localhost:3010/_next/static/chunks/node_modules_next_dist_1e8vcs8._.js:776
[  545218ms] [LOG] [Fast Refresh] done in 29ms @ http://localhost:3010/_next/static/chunks/node_modules_next_dist_1e8vcs8._.js:776
[  545282ms] [LOG] [Fast Refresh] done in 29ms @ http://localhost:3010/_next/static/chunks/node_modules_next_dist_1e8vcs8._.js:776
[  545345ms] [LOG] [Fast Refresh] done in 29ms @ http://localhost:3010/_next/static/chunks/node_modules_next_dist_1e8vcs8._.js:776
[  545407ms] [LOG] [Fast Refresh] done in 29ms @ http://localhost:3010/_next/static/chunks/node_modules_next_dist_1e8vcs8._.js:776
[  545470ms] [LOG] [Fast Refresh] done in 29ms @ http://localhost:3010/_next/static/chunks/node_modules_next_dist_1e8vcs8._.js:776
[  545532ms] [LOG] [Fast Refresh] done in 29ms @ http://localhost:3010/_next/static/chunks/node_modules_next_dist_1e8vcs8._.js:776
[  545594ms] [LOG] [Fast Refresh] done in 29ms @ http://localhost:3010/_next/static/chunks/node_modules_next_dist_1e8vcs8._.js:776
[  545657ms] [LOG] [Fast Refresh] done in 29ms @ http://localhost:3010/_next/static/chunks/node_modules_next_dist_1e8vcs8._.js:776
[  545720ms] [LOG] [Fast Refresh] done in 29ms @ http://localhost:3010/_next/static/chunks/node_modules_next_dist_1e8vcs8._.js:776
[  545782ms] [LOG] [Fast Refresh] done in 29ms @ http://localhost:3010/_next/static/chunks/node_modules_next_dist_1e8vcs8._.js:776
[  545830ms] [LOG] [Fast Refresh] done in 29ms @ http://localhost:3010/_next/static/chunks/node_modules_next_dist_1e8vcs8._.js:776
[  545894ms] [LOG] [Fast Refresh] done in 29ms @ http://localhost:3010/_next/static/chunks/node_modules_next_dist_1e8vcs8._.js:776
[  545957ms] [LOG] [Fast Refresh] done in 29ms @ http://localhost:3010/_next/static/chunks/node_modules_next_dist_1e8vcs8._.js:776
[  546021ms] [LOG] [Fast Refresh] done in 29ms @ http://localhost:3010/_next/static/chunks/node_modules_next_dist_1e8vcs8._.js:776
[  546085ms] [LOG] [Fast Refresh] done in 29ms @ http://localhost:3010/_next/static/chunks/node_modules_next_dist_1e8vcs8._.js:776
[  546148ms] [LOG] [Fast Refresh] done in 29ms @ http://localhost:3010/_next/static/chunks/node_modules_next_dist_1e8vcs8._.js:776
[  546213ms] [LOG] [Fast Refresh] done in 29ms @ http://localhost:3010/_next/static/chunks/node_modules_next_dist_1e8vcs8._.js:776
[  546276ms] [LOG] [Fast Refresh] done in 29ms @ http://localhost:3010/_next/static/chunks/node_modules_next_dist_1e8vcs8._.js:776
[  546339ms] [LOG] [Fast Refresh] done in 29ms @ http://localhost:3010/_next/static/chunks/node_modules_next_dist_1e8vcs8._.js:776
[  546402ms] [LOG] [Fast Refresh] done in 29ms @ http://localhost:3010/_next/static/chunks/node_modules_next_dist_1e8vcs8._.js:776
[  546465ms] [LOG] [Fast Refresh] done in 29ms @ http://localhost:3010/_next/static/chunks/node_modules_next_dist_1e8vcs8._.js:776
[  546529ms] [LOG] [Fast Refresh] done in 29ms @ http://localhost:3010/_next/static/chunks/node_modules_next_dist_1e8vcs8._.js:776
[  546592ms] [LOG] [Fast Refresh] done in 29ms @ http://localhost:3010/_next/static/chunks/node_modules_next_dist_1e8vcs8._.js:776
[  546655ms] [LOG] [Fast Refresh] done in 29ms @ http://localhost:3010/_next/static/chunks/node_modules_next_dist_1e8vcs8._.js:776
[  546719ms] [LOG] [Fast Refresh] done in 29ms @ http://localhost:3010/_next/static/chunks/node_modules_next_dist_1e8vcs8._.js:776
[  546781ms] [LOG] [Fast Refresh] done in 29ms @ http://localhost:3010/_next/static/chunks/node_modules_next_dist_1e8vcs8._.js:776
[  546844ms] [LOG] [Fast Refresh] done in 29ms @ http://localhost:3010/_next/static/chunks/node_modules_next_dist_1e8vcs8._.js:776
[  546907ms] [LOG] [Fast Refresh] done in 29ms @ http://localhost:3010/_next/static/chunks/node_modules_next_dist_1e8vcs8._.js:776
[  546965ms] [LOG] [Fast Refresh] done in 29ms @ http://localhost:3010/_next/static/chunks/node_modules_next_dist_1e8vcs8._.js:776
[  547015ms] [LOG] [Fast Refresh] done in 29ms @ http://localhost:3010/_next/static/chunks/node_modules_next_dist_1e8vcs8._.js:776
[  547071ms] [LOG] [Fast Refresh] done in 29ms @ http://localhost:3010/_next/static/chunks/node_modules_next_dist_1e8vcs8._.js:776
[  547115ms] [LOG] [Fast Refresh] done in 29ms @ http://localhost:3010/_next/static/chunks/node_modules_next_dist_1e8vcs8._.js:776
[  547171ms] [LOG] [Fast Refresh] done in 29ms @ http://localhost:3010/_next/static/chunks/node_modules_next_dist_1e8vcs8._.js:776
[  547215ms] [LOG] [Fast Refresh] done in 29ms @ http://localhost:3010/_next/static/chunks/node_modules_next_dist_1e8vcs8._.js:776
[  547265ms] [LOG] [Fast Refresh] done in 29ms @ http://localhost:3010/_next/static/chunks/node_modules_next_dist_1e8vcs8._.js:776
[  547315ms] [LOG] [Fast Refresh] done in 29ms @ http://localhost:3010/_next/static/chunks/node_modules_next_dist_1e8vcs8._.js:776
[  547365ms] [LOG] [Fast Refresh] done in 29ms @ http://localhost:3010/_next/static/chunks/node_modules_next_dist_1e8vcs8._.js:776
[  547415ms] [LOG] [Fast Refresh] done in 29ms @ http://localhost:3010/_next/static/chunks/node_modules_next_dist_1e8vcs8._.js:776
[  547460ms] [LOG] [Fast Refresh] done in 29ms @ http://localhost:3010/_next/static/chunks/node_modules_next_dist_1e8vcs8._.js:776
[  547515ms] [LOG] [Fast Refresh] done in 29ms @ http://localhost:3010/_next/static/chunks/node_modules_next_dist_1e8vcs8._.js:776
[  547565ms] [LOG] [Fast Refresh] done in 29ms @ http://localhost:3010/_next/static/chunks/node_modules_next_dist_1e8vcs8._.js:776
[  547615ms] [LOG] [Fast Refresh] done in 29ms @ http://localhost:3010/_next/static/chunks/node_modules_next_dist_1e8vcs8._.js:776
[  547665ms] [LOG] [Fast Refresh] done in 29ms @ http://localhost:3010/_next/static/chunks/node_modules_next_dist_1e8vcs8._.js:776
[  547715ms] [LOG] [Fast Refresh] done in 29ms @ http://localhost:3010/_next/static/chunks/node_modules_next_dist_1e8vcs8._.js:776
[  547765ms] [LOG] [Fast Refresh] done in 29ms @ http://localhost:3010/_next/static/chunks/node_modules_next_dist_1e8vcs8._.js:776
[  547815ms] [LOG] [Fast Refresh] done in 29ms @ http://localhost:3010/_next/static/chunks/node_modules_next_dist_1e8vcs8._.js:776
[  547865ms] [LOG] [Fast Refresh] done in 29ms @ http://localhost:3010/_next/static/chunks/node_modules_next_dist_1e8vcs8._.js:776
[  547915ms] [LOG] [Fast Refresh] done in 29ms @ http://localhost:3010/_next/static/chunks/node_modules_next_dist_1e8vcs8._.js:776
[  547965ms] [LOG] [Fast Refresh] done in 29ms @ http://localhost:3010/_next/static/chunks/node_modules_next_dist_1e8vcs8._.js:776
[  548015ms] [LOG] [Fast Refresh] done in 29ms @ http://localhost:3010/_next/static/chunks/node_modules_next_dist_1e8vcs8._.js:776
[  548065ms] [LOG] [Fast Refresh] done in 29ms @ http://localhost:3010/_next/static/chunks/node_modules_next_dist_1e8vcs8._.js:776
[  548115ms] [LOG] [Fast Refresh] done in 29ms @ http://localhost:3010/_next/static/chunks/node_modules_next_dist_1e8vcs8._.js:776
[  548165ms] [LOG] [Fast Refresh] done in 29ms @ http://localhost:3010/_next/static/chunks/node_modules_next_dist_1e8vcs8._.js:776
[  548215ms] [LOG] [Fast Refresh] done in 29ms @ http://localhost:3010/_next/static/chunks/node_modules_next_dist_1e8vcs8._.js:776
[  548265ms] [LOG] [Fast Refresh] done in 29ms @ http://localhost:3010/_next/static/chunks/node_modules_next_dist_1e8vcs8._.js:776
[  548315ms] [LOG] [Fast Refresh] done in 29ms @ http://localhost:3010/_next/static/chunks/node_modules_next_dist_1e8vcs8._.js:776
[  548365ms] [LOG] [Fast Refresh] done in 29ms @ http://localhost:3010/_next/static/chunks/node_modules_next_dist_1e8vcs8._.js:776
[  548415ms] [LOG] [Fast Refresh] done in 29ms @ http://localhost:3010/_next/static/chunks/node_modules_next_dist_1e8vcs8._.js:776
[  548465ms] [LOG] [Fast Refresh] done in 29ms @ http://localhost:3010/_next/static/chunks/node_modules_next_dist_1e8vcs8._.js:776
[  548515ms] [LOG] [Fast Refresh] done in 29ms @ http://localhost:3010/_next/static/chunks/node_modules_next_dist_1e8vcs8._.js:776
[  548571ms] [LOG] [Fast Refresh] done in 29ms @ http://localhost:3010/_next/static/chunks/node_modules_next_dist_1e8vcs8._.js:776
[  548615ms] [LOG] [Fast Refresh] done in 29ms @ http://localhost:3010/_next/static/chunks/node_modules_next_dist_1e8vcs8._.js:776
[  548665ms] [LOG] [Fast Refresh] done in 29ms @ http://localhost:3010/_next/static/chunks/node_modules_next_dist_1e8vcs8._.js:776
[  548715ms] [LOG] [Fast Refresh] done in 29ms @ http://localhost:3010/_next/static/chunks/node_modules_next_dist_1e8vcs8._.js:776
[  548765ms] [LOG] [Fast Refresh] done in 29ms @ http://localhost:3010/_next/static/chunks/node_modules_next_dist_1e8vcs8._.js:776
[  548815ms] [LOG] [Fast Refresh] done in 29ms @ http://localhost:3010/_next/static/chunks/node_modules_next_dist_1e8vcs8._.js:776
[  548865ms] [LOG] [Fast Refresh] done in 29ms @ http://localhost:3010/_next/static/chunks/node_modules_next_dist_1e8vcs8._.js:776
[  548915ms] [LOG] [Fast Refresh] done in 29ms @ http://localhost:3010/_next/static/chunks/node_modules_next_dist_1e8vcs8._.js:776
[  548965ms] [LOG] [Fast Refresh] done in 29ms @ http://localhost:3010/_next/static/chunks/node_modules_next_dist_1e8vcs8._.js:776
[  549026ms] [LOG] [Fast Refresh] done in 29ms @ http://localhost:3010/_next/static/chunks/node_modules_next_dist_1e8vcs8._.js:776
[  549089ms] [LOG] [Fast Refresh] done in 29ms @ http://localhost:3010/_next/static/chunks/node_modules_next_dist_1e8vcs8._.js:776
[  549153ms] [LOG] [Fast Refresh] done in 29ms @ http://localhost:3010/_next/static/chunks/node_modules_next_dist_1e8vcs8._.js:776
[  549201ms] [LOG] [Fast Refresh] done in 29ms @ http://localhost:3010/_next/static/chunks/node_modules_next_dist_1e8vcs8._.js:776
[  549264ms] [LOG] [Fast Refresh] done in 29ms @ http://localhost:3010/_next/static/chunks/node_modules_next_dist_1e8vcs8._.js:776
[  549326ms] [LOG] [Fast Refresh] done in 29ms @ http://localhost:3010/_next/static/chunks/node_modules_next_dist_1e8vcs8._.js:776
[  549388ms] [LOG] [Fast Refresh] done in 29ms @ http://localhost:3010/_next/static/chunks/node_modules_next_dist_1e8vcs8._.js:776
[  549452ms] [LOG] [Fast Refresh] done in 29ms @ http://localhost:3010/_next/static/chunks/node_modules_next_dist_1e8vcs8._.js:776
[  549515ms] [LOG] [Fast Refresh] done in 29ms @ http://localhost:3010/_next/static/chunks/node_modules_next_dist_1e8vcs8._.js:776
[  549577ms] [LOG] [Fast Refresh] done in 29ms @ http://localhost:3010/_next/static/chunks/node_modules_next_dist_1e8vcs8._.js:776
[  549639ms] [LOG] [Fast Refresh] done in 29ms @ http://localhost:3010/_next/static/chunks/node_modules_next_dist_1e8vcs8._.js:776
[  549687ms] [LOG] [Fast Refresh] done in 29ms @ http://localhost:3010/_next/static/chunks/node_modules_next_dist_1e8vcs8._.js:776
[  549735ms] [LOG] [Fast Refresh] done in 29ms @ http://localhost:3010/_next/static/chunks/node_modules_next_dist_1e8vcs8._.js:776
[  549799ms] [LOG] [Fast Refresh] done in 29ms @ http://localhost:3010/_next/static/chunks/node_modules_next_dist_1e8vcs8._.js:776
[  549861ms] [LOG] [Fast Refresh] done in 29ms @ http://localhost:3010/_next/static/chunks/node_modules_next_dist_1e8vcs8._.js:776
[  549924ms] [LOG] [Fast Refresh] done in 29ms @ http://localhost:3010/_next/static/chunks/node_modules_next_dist_1e8vcs8._.js:776
[  549989ms] [LOG] [Fast Refresh] done in 29ms @ http://localhost:3010/_next/static/chunks/node_modules_next_dist_1e8vcs8._.js:776
[  550051ms] [LOG] [Fast Refresh] done in 29ms @ http://localhost:3010/_next/static/chunks/node_modules_next_dist_1e8vcs8._.js:776
[  550098ms] [LOG] [Fast Refresh] done in 29ms @ http://localhost:3010/_next/static/chunks/node_modules_next_dist_1e8vcs8._.js:776
[  550161ms] [LOG] [Fast Refresh] done in 29ms @ http://localhost:3010/_next/static/chunks/node_modules_next_dist_1e8vcs8._.js:776
[  550225ms] [LOG] [Fast Refresh] done in 29ms @ http://localhost:3010/_next/static/chunks/node_modules_next_dist_1e8vcs8._.js:776
[  550288ms] [LOG] [Fast Refresh] done in 29ms @ http://localhost:3010/_next/static/chunks/node_modules_next_dist_1e8vcs8._.js:776
[  550351ms] [LOG] [Fast Refresh] done in 29ms @ http://localhost:3010/_next/static/chunks/node_modules_next_dist_1e8vcs8._.js:776
[  550413ms] [LOG] [Fast Refresh] done in 29ms @ http://localhost:3010/_next/static/chunks/node_modules_next_dist_1e8vcs8._.js:776
[  550476ms] [LOG] [Fast Refresh] done in 29ms @ http://localhost:3010/_next/static/chunks/node_modules_next_dist_1e8vcs8._.js:776
[  550539ms] [LOG] [Fast Refresh] done in 29ms @ http://localhost:3010/_next/static/chunks/node_modules_next_dist_1e8vcs8._.js:776
[  550601ms] [LOG] [Fast Refresh] done in 29ms @ http://localhost:3010/_next/static/chunks/node_modules_next_dist_1e8vcs8._.js:776
[  550665ms] [LOG] [Fast Refresh] done in 29ms @ http://localhost:3010/_next/static/chunks/node_modules_next_dist_1e8vcs8._.js:776
[  550728ms] [LOG] [Fast Refresh] done in 29ms @ http://localhost:3010/_next/static/chunks/node_modules_next_dist_1e8vcs8._.js:776
[  550790ms] [LOG] [Fast Refresh] done in 29ms @ http://localhost:3010/_next/static/chunks/node_modules_next_dist_1e8vcs8._.js:776
[  550853ms] [LOG] [Fast Refresh] done in 29ms @ http://localhost:3010/_next/static/chunks/node_modules_next_dist_1e8vcs8._.js:776
[  550916ms] [LOG] [Fast Refresh] done in 29ms @ http://localhost:3010/_next/static/chunks/node_modules_next_dist_1e8vcs8._.js:776
[  550979ms] [LOG] [Fast Refresh] done in 29ms @ http://localhost:3010/_next/static/chunks/node_modules_next_dist_1e8vcs8._.js:776
[  551041ms] [LOG] [Fast Refresh] done in 29ms @ http://localhost:3010/_next/static/chunks/node_modules_next_dist_1e8vcs8._.js:776
[  551104ms] [LOG] [Fast Refresh] done in 29ms @ http://localhost:3010/_next/static/chunks/node_modules_next_dist_1e8vcs8._.js:776
[  551166ms] [LOG] [Fast Refresh] done in 29ms @ http://localhost:3010/_next/static/chunks/node_modules_next_dist_1e8vcs8._.js:776
[  551229ms] [LOG] [Fast Refresh] done in 29ms @ http://localhost:3010/_next/static/chunks/node_modules_next_dist_1e8vcs8._.js:776
[  551292ms] [LOG] [Fast Refresh] done in 29ms @ http://localhost:3010/_next/static/chunks/node_modules_next_dist_1e8vcs8._.js:776
[  551354ms] [LOG] [Fast Refresh] done in 29ms @ http://localhost:3010/_next/static/chunks/node_modules_next_dist_1e8vcs8._.js:776
[  551417ms] [LOG] [Fast Refresh] done in 29ms @ http://localhost:3010/_next/static/chunks/node_modules_next_dist_1e8vcs8._.js:776
[  551480ms] [LOG] [Fast Refresh] done in 29ms @ http://localhost:3010/_next/static/chunks/node_modules_next_dist_1e8vcs8._.js:776
[  551542ms] [LOG] [Fast Refresh] done in 29ms @ http://localhost:3010/_next/static/chunks/node_modules_next_dist_1e8vcs8._.js:776
[  551605ms] [LOG] [Fast Refresh] done in 29ms @ http://localhost:3010/_next/static/chunks/node_modules_next_dist_1e8vcs8._.js:776
[  551669ms] [LOG] [Fast Refresh] done in 29ms @ http://localhost:3010/_next/static/chunks/node_modules_next_dist_1e8vcs8._.js:776
[  551732ms] [LOG] [Fast Refresh] done in 29ms @ http://localhost:3010/_next/static/chunks/node_modules_next_dist_1e8vcs8._.js:776
[  551794ms] [LOG] [Fast Refresh] done in 29ms @ http://localhost:3010/_next/static/chunks/node_modules_next_dist_1e8vcs8._.js:776
[  551857ms] [LOG] [Fast Refresh] done in 29ms @ http://localhost:3010/_next/static/chunks/node_modules_next_dist_1e8vcs8._.js:776
[  551920ms] [LOG] [Fast Refresh] done in 29ms @ http://localhost:3010/_next/static/chunks/node_modules_next_dist_1e8vcs8._.js:776
[  551982ms] [LOG] [Fast Refresh] done in 29ms @ http://localhost:3010/_next/static/chunks/node_modules_next_dist_1e8vcs8._.js:776
[  552046ms] [LOG] [Fast Refresh] done in 29ms @ http://localhost:3010/_next/static/chunks/node_modules_next_dist_1e8vcs8._.js:776
[  552109ms] [LOG] [Fast Refresh] done in 29ms @ http://localhost:3010/_next/static/chunks/node_modules_next_dist_1e8vcs8._.js:776
[  552172ms] [LOG] [Fast Refresh] done in 29ms @ http://localhost:3010/_next/static/chunks/node_modules_next_dist_1e8vcs8._.js:776
[  552220ms] [LOG] [Fast Refresh] done in 29ms @ http://localhost:3010/_next/static/chunks/node_modules_next_dist_1e8vcs8._.js:776
[  552283ms] [LOG] [Fast Refresh] done in 29ms @ http://localhost:3010/_next/static/chunks/node_modules_next_dist_1e8vcs8._.js:776
[  552330ms] [LOG] [Fast Refresh] done in 29ms @ http://localhost:3010/_next/static/chunks/node_modules_next_dist_1e8vcs8._.js:776
[  552392ms] [LOG] [Fast Refresh] done in 29ms @ http://localhost:3010/_next/static/chunks/node_modules_next_dist_1e8vcs8._.js:776
[  552456ms] [LOG] [Fast Refresh] done in 29ms @ http://localhost:3010/_next/static/chunks/node_modules_next_dist_1e8vcs8._.js:776
[  552519ms] [LOG] [Fast Refresh] done in 29ms @ http://localhost:3010/_next/static/chunks/node_modules_next_dist_1e8vcs8._.js:776
[  552582ms] [LOG] [Fast Refresh] done in 29ms @ http://localhost:3010/_next/static/chunks/node_modules_next_dist_1e8vcs8._.js:776
[  552646ms] [LOG] [Fast Refresh] done in 29ms @ http://localhost:3010/_next/static/chunks/node_modules_next_dist_1e8vcs8._.js:776
[  552708ms] [LOG] [Fast Refresh] done in 29ms @ http://localhost:3010/_next/static/chunks/node_modules_next_dist_1e8vcs8._.js:776
[  552771ms] [LOG] [Fast Refresh] done in 29ms @ http://localhost:3010/_next/static/chunks/node_modules_next_dist_1e8vcs8._.js:776
[  552833ms] [LOG] [Fast Refresh] done in 29ms @ http://localhost:3010/_next/static/chunks/node_modules_next_dist_1e8vcs8._.js:776
[  552896ms] [LOG] [Fast Refresh] done in 29ms @ http://localhost:3010/_next/static/chunks/node_modules_next_dist_1e8vcs8._.js:776
[  552955ms] [LOG] [Fast Refresh] done in 29ms @ http://localhost:3010/_next/static/chunks/node_modules_next_dist_1e8vcs8._.js:776
[  553005ms] [LOG] [Fast Refresh] done in 29ms @ http://localhost:3010/_next/static/chunks/node_modules_next_dist_1e8vcs8._.js:776
[  553055ms] [LOG] [Fast Refresh] done in 29ms @ http://localhost:3010/_next/static/chunks/node_modules_next_dist_1e8vcs8._.js:776
[  553105ms] [LOG] [Fast Refresh] done in 29ms @ http://localhost:3010/_next/static/chunks/node_modules_next_dist_1e8vcs8._.js:776
[  553161ms] [LOG] [Fast Refresh] done in 29ms @ http://localhost:3010/_next/static/chunks/node_modules_next_dist_1e8vcs8._.js:776
[  553225ms] [LOG] [Fast Refresh] done in 29ms @ http://localhost:3010/_next/static/chunks/node_modules_next_dist_1e8vcs8._.js:776
[  553275ms] [LOG] [Fast Refresh] done in 29ms @ http://localhost:3010/_next/static/chunks/node_modules_next_dist_1e8vcs8._.js:776
[  553325ms] [LOG] [Fast Refresh] done in 29ms @ http://localhost:3010/_next/static/chunks/node_modules_next_dist_1e8vcs8._.js:776
[  553375ms] [LOG] [Fast Refresh] done in 29ms @ http://localhost:3010/_next/static/chunks/node_modules_next_dist_1e8vcs8._.js:776
[  553421ms] [LOG] [Fast Refresh] done in 29ms @ http://localhost:3010/_next/static/chunks/node_modules_next_dist_1e8vcs8._.js:776
[  553465ms] [LOG] [Fast Refresh] done in 29ms @ http://localhost:3010/_next/static/chunks/node_modules_next_dist_1e8vcs8._.js:776
[  553515ms] [LOG] [Fast Refresh] done in 29ms @ http://localhost:3010/_next/static/chunks/node_modules_next_dist_1e8vcs8._.js:776
[  553565ms] [LOG] [Fast Refresh] done in 29ms @ http://localhost:3010/_next/static/chunks/node_modules_next_dist_1e8vcs8._.js:776
[  553615ms] [LOG] [Fast Refresh] done in 29ms @ http://localhost:3010/_next/static/chunks/node_modules_next_dist_1e8vcs8._.js:776
[  553671ms] [LOG] [Fast Refresh] done in 29ms @ http://localhost:3010/_next/static/chunks/node_modules_next_dist_1e8vcs8._.js:776
[  553715ms] [LOG] [Fast Refresh] done in 29ms @ http://localhost:3010/_next/static/chunks/node_modules_next_dist_1e8vcs8._.js:776
[  553765ms] [LOG] [Fast Refresh] done in 29ms @ http://localhost:3010/_next/static/chunks/node_modules_next_dist_1e8vcs8._.js:776
[  553815ms] [LOG] [Fast Refresh] done in 29ms @ http://localhost:3010/_next/static/chunks/node_modules_next_dist_1e8vcs8._.js:776
[  553871ms] [LOG] [Fast Refresh] done in 29ms @ http://localhost:3010/_next/static/chunks/node_modules_next_dist_1e8vcs8._.js:776
[  553915ms] [LOG] [Fast Refresh] done in 29ms @ http://localhost:3010/_next/static/chunks/node_modules_next_dist_1e8vcs8._.js:776
[  553965ms] [LOG] [Fast Refresh] done in 29ms @ http://localhost:3010/_next/static/chunks/node_modules_next_dist_1e8vcs8._.js:776
[  554015ms] [LOG] [Fast Refresh] done in 29ms @ http://localhost:3010/_next/static/chunks/node_modules_next_dist_1e8vcs8._.js:776
[  554065ms] [LOG] [Fast Refresh] done in 29ms @ http://localhost:3010/_next/static/chunks/node_modules_next_dist_1e8vcs8._.js:776
[  554115ms] [LOG] [Fast Refresh] done in 29ms @ http://localhost:3010/_next/static/chunks/node_modules_next_dist_1e8vcs8._.js:776
[  554165ms] [LOG] [Fast Refresh] done in 29ms @ http://localhost:3010/_next/static/chunks/node_modules_next_dist_1e8vcs8._.js:776
[  554215ms] [LOG] [Fast Refresh] done in 29ms @ http://localhost:3010/_next/static/chunks/node_modules_next_dist_1e8vcs8._.js:776
[  554265ms] [LOG] [Fast Refresh] done in 29ms @ http://localhost:3010/_next/static/chunks/node_modules_next_dist_1e8vcs8._.js:776
[  554315ms] [LOG] [Fast Refresh] done in 29ms @ http://localhost:3010/_next/static/chunks/node_modules_next_dist_1e8vcs8._.js:776
[  554365ms] [LOG] [Fast Refresh] done in 29ms @ http://localhost:3010/_next/static/chunks/node_modules_next_dist_1e8vcs8._.js:776
[  554415ms] [LOG] [Fast Refresh] done in 29ms @ http://localhost:3010/_next/static/chunks/node_modules_next_dist_1e8vcs8._.js:776
[  554471ms] [LOG] [Fast Refresh] done in 29ms @ http://localhost:3010/_next/static/chunks/node_modules_next_dist_1e8vcs8._.js:776
[  554515ms] [LOG] [Fast Refresh] done in 29ms @ http://localhost:3010/_next/static/chunks/node_modules_next_dist_1e8vcs8._.js:776
[  554565ms] [LOG] [Fast Refresh] done in 29ms @ http://localhost:3010/_next/static/chunks/node_modules_next_dist_1e8vcs8._.js:776
[  554615ms] [LOG] [Fast Refresh] done in 29ms @ http://localhost:3010/_next/static/chunks/node_modules_next_dist_1e8vcs8._.js:776
[  554665ms] [LOG] [Fast Refresh] done in 29ms @ http://localhost:3010/_next/static/chunks/node_modules_next_dist_1e8vcs8._.js:776
[  554715ms] [LOG] [Fast Refresh] done in 29ms @ http://localhost:3010/_next/static/chunks/node_modules_next_dist_1e8vcs8._.js:776
[  554765ms] [LOG] [Fast Refresh] done in 29ms @ http://localhost:3010/_next/static/chunks/node_modules_next_dist_1e8vcs8._.js:776
[  554815ms] [LOG] [Fast Refresh] done in 29ms @ http://localhost:3010/_next/static/chunks/node_modules_next_dist_1e8vcs8._.js:776
[  554871ms] [LOG] [Fast Refresh] done in 29ms @ http://localhost:3010/_next/static/chunks/node_modules_next_dist_1e8vcs8._.js:776
[  554911ms] [LOG] [Fast Refresh] done in 29ms @ http://localhost:3010/_next/static/chunks/node_modules_next_dist_1e8vcs8._.js:776
[  554956ms] [LOG] [Fast Refresh] done in 29ms @ http://localhost:3010/_next/static/chunks/node_modules_next_dist_1e8vcs8._.js:776
[  555005ms] [LOG] [Fast Refresh] done in 29ms @ http://localhost:3010/_next/static/chunks/node_modules_next_dist_1e8vcs8._.js:776
[  555055ms] [LOG] [Fast Refresh] done in 29ms @ http://localhost:3010/_next/static/chunks/node_modules_next_dist_1e8vcs8._.js:776
[  555105ms] [LOG] [Fast Refresh] done in 29ms @ http://localhost:3010/_next/static/chunks/node_modules_next_dist_1e8vcs8._.js:776
[  555155ms] [LOG] [Fast Refresh] done in 29ms @ http://localhost:3010/_next/static/chunks/node_modules_next_dist_1e8vcs8._.js:776
[  555205ms] [LOG] [Fast Refresh] done in 29ms @ http://localhost:3010/_next/static/chunks/node_modules_next_dist_1e8vcs8._.js:776
[  555255ms] [LOG] [Fast Refresh] done in 29ms @ http://localhost:3010/_next/static/chunks/node_modules_next_dist_1e8vcs8._.js:776
[  555305ms] [LOG] [Fast Refresh] done in 29ms @ http://localhost:3010/_next/static/chunks/node_modules_next_dist_1e8vcs8._.js:776
[  555355ms] [LOG] [Fast Refresh] done in 29ms @ http://localhost:3010/_next/static/chunks/node_modules_next_dist_1e8vcs8._.js:776
[  555401ms] [LOG] [Fast Refresh] done in 29ms @ http://localhost:3010/_next/static/chunks/node_modules_next_dist_1e8vcs8._.js:776
[  555445ms] [LOG] [Fast Refresh] done in 29ms @ http://localhost:3010/_next/static/chunks/node_modules_next_dist_1e8vcs8._.js:776
[  555495ms] [LOG] [Fast Refresh] done in 29ms @ http://localhost:3010/_next/static/chunks/node_modules_next_dist_1e8vcs8._.js:776
[  555545ms] [LOG] [Fast Refresh] done in 29ms @ http://localhost:3010/_next/static/chunks/node_modules_next_dist_1e8vcs8._.js:776
[  555595ms] [LOG] [Fast Refresh] done in 29ms @ http://localhost:3010/_next/static/chunks/node_modules_next_dist_1e8vcs8._.js:776
[  555645ms] [LOG] [Fast Refresh] done in 29ms @ http://localhost:3010/_next/static/chunks/node_modules_next_dist_1e8vcs8._.js:776
[  555695ms] [LOG] [Fast Refresh] done in 29ms @ http://localhost:3010/_next/static/chunks/node_modules_next_dist_1e8vcs8._.js:776
[  555745ms] [LOG] [Fast Refresh] done in 29ms @ http://localhost:3010/_next/static/chunks/node_modules_next_dist_1e8vcs8._.js:776
[  555795ms] [LOG] [Fast Refresh] done in 29ms @ http://localhost:3010/_next/static/chunks/node_modules_next_dist_1e8vcs8._.js:776
[  555845ms] [LOG] [Fast Refresh] done in 29ms @ http://localhost:3010/_next/static/chunks/node_modules_next_dist_1e8vcs8._.js:776
[  555895ms] [LOG] [Fast Refresh] done in 29ms @ http://localhost:3010/_next/static/chunks/node_modules_next_dist_1e8vcs8._.js:776
[  555945ms] [LOG] [Fast Refresh] done in 29ms @ http://localhost:3010/_next/static/chunks/node_modules_next_dist_1e8vcs8._.js:776
[  555991ms] [LOG] [Fast Refresh] done in 29ms @ http://localhost:3010/_next/static/chunks/node_modules_next_dist_1e8vcs8._.js:776
[  556045ms] [LOG] [Fast Refresh] done in 29ms @ http://localhost:3010/_next/static/chunks/node_modules_next_dist_1e8vcs8._.js:776
[  556095ms] [LOG] [Fast Refresh] done in 29ms @ http://localhost:3010/_next/static/chunks/node_modules_next_dist_1e8vcs8._.js:776
[  556145ms] [LOG] [Fast Refresh] done in 29ms @ http://localhost:3010/_next/static/chunks/node_modules_next_dist_1e8vcs8._.js:776
[  556191ms] [LOG] [Fast Refresh] done in 29ms @ http://localhost:3010/_next/static/chunks/node_modules_next_dist_1e8vcs8._.js:776
[  556245ms] [LOG] [Fast Refresh] done in 29ms @ http://localhost:3010/_next/static/chunks/node_modules_next_dist_1e8vcs8._.js:776
[  556295ms] [LOG] [Fast Refresh] done in 29ms @ http://localhost:3010/_next/static/chunks/node_modules_next_dist_1e8vcs8._.js:776
[  556346ms] [LOG] [Fast Refresh] done in 29ms @ http://localhost:3010/_next/static/chunks/node_modules_next_dist_1e8vcs8._.js:776
[  556391ms] [LOG] [Fast Refresh] done in 29ms @ http://localhost:3010/_next/static/chunks/node_modules_next_dist_1e8vcs8._.js:776
[  556445ms] [LOG] [Fast Refresh] done in 29ms @ http://localhost:3010/_next/static/chunks/node_modules_next_dist_1e8vcs8._.js:776
[  556495ms] [LOG] [Fast Refresh] done in 29ms @ http://localhost:3010/_next/static/chunks/node_modules_next_dist_1e8vcs8._.js:776
[  556545ms] [LOG] [Fast Refresh] done in 29ms @ http://localhost:3010/_next/static/chunks/node_modules_next_dist_1e8vcs8._.js:776
[  556591ms] [LOG] [Fast Refresh] done in 29ms @ http://localhost:3010/_next/static/chunks/node_modules_next_dist_1e8vcs8._.js:776
[  556645ms] [LOG] [Fast Refresh] done in 29ms @ http://localhost:3010/_next/static/chunks/node_modules_next_dist_1e8vcs8._.js:776
[  556695ms] [LOG] [Fast Refresh] done in 29ms @ http://localhost:3010/_next/static/chunks/node_modules_next_dist_1e8vcs8._.js:776
[  556751ms] [LOG] [Fast Refresh] done in 29ms @ http://localhost:3010/_next/static/chunks/node_modules_next_dist_1e8vcs8._.js:776
[  556805ms] [LOG] [Fast Refresh] done in 29ms @ http://localhost:3010/_next/static/chunks/node_modules_next_dist_1e8vcs8._.js:776
[  556855ms] [LOG] [Fast Refresh] done in 29ms @ http://localhost:3010/_next/static/chunks/node_modules_next_dist_1e8vcs8._.js:776
[  556905ms] [LOG] [Fast Refresh] done in 29ms @ http://localhost:3010/_next/static/chunks/node_modules_next_dist_1e8vcs8._.js:776
[  556956ms] [LOG] [Fast Refresh] done in 29ms @ http://localhost:3010/_next/static/chunks/node_modules_next_dist_1e8vcs8._.js:776
[  557003ms] [LOG] [Fast Refresh] done in 29ms @ http://localhost:3010/_next/static/chunks/node_modules_next_dist_1e8vcs8._.js:776
[  557066ms] [LOG] [Fast Refresh] done in 29ms @ http://localhost:3010/_next/static/chunks/node_modules_next_dist_1e8vcs8._.js:776
[  557128ms] [LOG] [Fast Refresh] done in 29ms @ http://localhost:3010/_next/static/chunks/node_modules_next_dist_1e8vcs8._.js:776
[  557176ms] [LOG] [Fast Refresh] done in 29ms @ http://localhost:3010/_next/static/chunks/node_modules_next_dist_1e8vcs8._.js:776
[  557239ms] [LOG] [Fast Refresh] done in 29ms @ http://localhost:3010/_next/static/chunks/node_modules_next_dist_1e8vcs8._.js:776
[  557302ms] [LOG] [Fast Refresh] done in 29ms @ http://localhost:3010/_next/static/chunks/node_modules_next_dist_1e8vcs8._.js:776
[  557366ms] [LOG] [Fast Refresh] done in 29ms @ http://localhost:3010/_next/static/chunks/node_modules_next_dist_1e8vcs8._.js:776
[  557429ms] [LOG] [Fast Refresh] done in 29ms @ http://localhost:3010/_next/static/chunks/node_modules_next_dist_1e8vcs8._.js:776
[  557490ms] [LOG] [Fast Refresh] done in 29ms @ http://localhost:3010/_next/static/chunks/node_modules_next_dist_1e8vcs8._.js:776
[  557553ms] [LOG] [Fast Refresh] done in 29ms @ http://localhost:3010/_next/static/chunks/node_modules_next_dist_1e8vcs8._.js:776
[  557601ms] [LOG] [Fast Refresh] done in 29ms @ http://localhost:3010/_next/static/chunks/node_modules_next_dist_1e8vcs8._.js:776
[  557663ms] [LOG] [Fast Refresh] done in 29ms @ http://localhost:3010/_next/static/chunks/node_modules_next_dist_1e8vcs8._.js:776
[  557711ms] [LOG] [Fast Refresh] done in 29ms @ http://localhost:3010/_next/static/chunks/node_modules_next_dist_1e8vcs8._.js:776
[  557773ms] [LOG] [Fast Refresh] done in 29ms @ http://localhost:3010/_next/static/chunks/node_modules_next_dist_1e8vcs8._.js:776
[  557837ms] [LOG] [Fast Refresh] done in 29ms @ http://localhost:3010/_next/static/chunks/node_modules_next_dist_1e8vcs8._.js:776
[  557900ms] [LOG] [Fast Refresh] done in 29ms @ http://localhost:3010/_next/static/chunks/node_modules_next_dist_1e8vcs8._.js:776
[  557963ms] [LOG] [Fast Refresh] done in 29ms @ http://localhost:3010/_next/static/chunks/node_modules_next_dist_1e8vcs8._.js:776
[  558026ms] [LOG] [Fast Refresh] done in 29ms @ http://localhost:3010/_next/static/chunks/node_modules_next_dist_1e8vcs8._.js:776
[  558089ms] [LOG] [Fast Refresh] done in 29ms @ http://localhost:3010/_next/static/chunks/node_modules_next_dist_1e8vcs8._.js:776
[  558151ms] [LOG] [Fast Refresh] done in 29ms @ http://localhost:3010/_next/static/chunks/node_modules_next_dist_1e8vcs8._.js:776
[  558214ms] [LOG] [Fast Refresh] done in 29ms @ http://localhost:3010/_next/static/chunks/node_modules_next_dist_1e8vcs8._.js:776
[  558277ms] [LOG] [Fast Refresh] done in 29ms @ http://localhost:3010/_next/static/chunks/node_modules_next_dist_1e8vcs8._.js:776
[  558340ms] [LOG] [Fast Refresh] done in 29ms @ http://localhost:3010/_next/static/chunks/node_modules_next_dist_1e8vcs8._.js:776
[  558403ms] [LOG] [Fast Refresh] done in 29ms @ http://localhost:3010/_next/static/chunks/node_modules_next_dist_1e8vcs8._.js:776
[  558465ms] [LOG] [Fast Refresh] done in 29ms @ http://localhost:3010/_next/static/chunks/node_modules_next_dist_1e8vcs8._.js:776
[  558528ms] [LOG] [Fast Refresh] done in 29ms @ http://localhost:3010/_next/static/chunks/node_modules_next_dist_1e8vcs8._.js:776
[  558591ms] [LOG] [Fast Refresh] done in 29ms @ http://localhost:3010/_next/static/chunks/node_modules_next_dist_1e8vcs8._.js:776
[  558654ms] [LOG] [Fast Refresh] done in 29ms @ http://localhost:3010/_next/static/chunks/node_modules_next_dist_1e8vcs8._.js:776
[  558717ms] [LOG] [Fast Refresh] done in 29ms @ http://localhost:3010/_next/static/chunks/node_modules_next_dist_1e8vcs8._.js:776
[  558781ms] [LOG] [Fast Refresh] done in 29ms @ http://localhost:3010/_next/static/chunks/node_modules_next_dist_1e8vcs8._.js:776
[  558843ms] [LOG] [Fast Refresh] done in 29ms @ http://localhost:3010/_next/static/chunks/node_modules_next_dist_1e8vcs8._.js:776
[  558906ms] [LOG] [Fast Refresh] done in 29ms @ http://localhost:3010/_next/static/chunks/node_modules_next_dist_1e8vcs8._.js:776
[  558968ms] [LOG] [Fast Refresh] done in 29ms @ http://localhost:3010/_next/static/chunks/node_modules_next_dist_1e8vcs8._.js:776
[  559015ms] [LOG] [Fast Refresh] done in 29ms @ http://localhost:3010/_next/static/chunks/node_modules_next_dist_1e8vcs8._.js:776
[  559065ms] [LOG] [Fast Refresh] done in 29ms @ http://localhost:3010/_next/static/chunks/node_modules_next_dist_1e8vcs8._.js:776
[  559115ms] [LOG] [Fast Refresh] done in 29ms @ http://localhost:3010/_next/static/chunks/node_modules_next_dist_1e8vcs8._.js:776
[  559165ms] [LOG] [Fast Refresh] done in 29ms @ http://localhost:3010/_next/static/chunks/node_modules_next_dist_1e8vcs8._.js:776
[  559215ms] [LOG] [Fast Refresh] done in 29ms @ http://localhost:3010/_next/static/chunks/node_modules_next_dist_1e8vcs8._.js:776
[  559265ms] [LOG] [Fast Refresh] done in 29ms @ http://localhost:3010/_next/static/chunks/node_modules_next_dist_1e8vcs8._.js:776
[  559315ms] [LOG] [Fast Refresh] done in 29ms @ http://localhost:3010/_next/static/chunks/node_modules_next_dist_1e8vcs8._.js:776
[  559365ms] [LOG] [Fast Refresh] done in 29ms @ http://localhost:3010/_next/static/chunks/node_modules_next_dist_1e8vcs8._.js:776
[  559420ms] [LOG] [Fast Refresh] done in 29ms @ http://localhost:3010/_next/static/chunks/node_modules_next_dist_1e8vcs8._.js:776
[  559465ms] [LOG] [Fast Refresh] done in 29ms @ http://localhost:3010/_next/static/chunks/node_modules_next_dist_1e8vcs8._.js:776
[  559515ms] [LOG] [Fast Refresh] done in 29ms @ http://localhost:3010/_next/static/chunks/node_modules_next_dist_1e8vcs8._.js:776
[  559565ms] [LOG] [Fast Refresh] done in 29ms @ http://localhost:3010/_next/static/chunks/node_modules_next_dist_1e8vcs8._.js:776
[  559615ms] [LOG] [Fast Refresh] done in 29ms @ http://localhost:3010/_next/static/chunks/node_modules_next_dist_1e8vcs8._.js:776
[  559671ms] [LOG] [Fast Refresh] done in 29ms @ http://localhost:3010/_next/static/chunks/node_modules_next_dist_1e8vcs8._.js:776
[  559711ms] [LOG] [Fast Refresh] done in 29ms @ http://localhost:3010/_next/static/chunks/node_modules_next_dist_1e8vcs8._.js:776
[  559755ms] [LOG] [Fast Refresh] done in 29ms @ http://localhost:3010/_next/static/chunks/node_modules_next_dist_1e8vcs8._.js:776
[  559805ms] [LOG] [Fast Refresh] done in 29ms @ http://localhost:3010/_next/static/chunks/node_modules_next_dist_1e8vcs8._.js:776
[  559865ms] [LOG] [Fast Refresh] done in 29ms @ http://localhost:3010/_next/static/chunks/node_modules_next_dist_1e8vcs8._.js:776
[  559915ms] [LOG] [Fast Refresh] done in 29ms @ http://localhost:3010/_next/static/chunks/node_modules_next_dist_1e8vcs8._.js:776
[  559962ms] [LOG] [Fast Refresh] done in 29ms @ http://localhost:3010/_next/static/chunks/node_modules_next_dist_1e8vcs8._.js:776
[  560015ms] [LOG] [Fast Refresh] done in 29ms @ http://localhost:3010/_next/static/chunks/node_modules_next_dist_1e8vcs8._.js:776
[  560065ms] [LOG] [Fast Refresh] done in 29ms @ http://localhost:3010/_next/static/chunks/node_modules_next_dist_1e8vcs8._.js:776
[  560121ms] [LOG] [Fast Refresh] done in 29ms @ http://localhost:3010/_next/static/chunks/node_modules_next_dist_1e8vcs8._.js:776
[  560175ms] [LOG] [Fast Refresh] done in 29ms @ http://localhost:3010/_next/static/chunks/node_modules_next_dist_1e8vcs8._.js:776
[  560225ms] [LOG] [Fast Refresh] done in 29ms @ http://localhost:3010/_next/static/chunks/node_modules_next_dist_1e8vcs8._.js:776
[  560275ms] [LOG] [Fast Refresh] done in 29ms @ http://localhost:3010/_next/static/chunks/node_modules_next_dist_1e8vcs8._.js:776
[  560325ms] [LOG] [Fast Refresh] done in 29ms @ http://localhost:3010/_next/static/chunks/node_modules_next_dist_1e8vcs8._.js:776
[  560375ms] [LOG] [Fast Refresh] done in 29ms @ http://localhost:3010/_next/static/chunks/node_modules_next_dist_1e8vcs8._.js:776
[  560425ms] [LOG] [Fast Refresh] done in 29ms @ http://localhost:3010/_next/static/chunks/node_modules_next_dist_1e8vcs8._.js:776
[  560475ms] [LOG] [Fast Refresh] done in 29ms @ http://localhost:3010/_next/static/chunks/node_modules_next_dist_1e8vcs8._.js:776
[  560521ms] [LOG] [Fast Refresh] done in 29ms @ http://localhost:3010/_next/static/chunks/node_modules_next_dist_1e8vcs8._.js:776
[  560565ms] [LOG] [Fast Refresh] done in 29ms @ http://localhost:3010/_next/static/chunks/node_modules_next_dist_1e8vcs8._.js:776
[  560615ms] [LOG] [Fast Refresh] done in 29ms @ http://localhost:3010/_next/static/chunks/node_modules_next_dist_1e8vcs8._.js:776
[  560665ms] [LOG] [Fast Refresh] done in 29ms @ http://localhost:3010/_next/static/chunks/node_modules_next_dist_1e8vcs8._.js:776
[  560715ms] [LOG] [Fast Refresh] done in 29ms @ http://localhost:3010/_next/static/chunks/node_modules_next_dist_1e8vcs8._.js:776
[  560765ms] [LOG] [Fast Refresh] done in 29ms @ http://localhost:3010/_next/static/chunks/node_modules_next_dist_1e8vcs8._.js:776
[  560815ms] [LOG] [Fast Refresh] done in 29ms @ http://localhost:3010/_next/static/chunks/node_modules_next_dist_1e8vcs8._.js:776
[  560865ms] [LOG] [Fast Refresh] done in 29ms @ http://localhost:3010/_next/static/chunks/node_modules_next_dist_1e8vcs8._.js:776
[  560915ms] [LOG] [Fast Refresh] done in 29ms @ http://localhost:3010/_next/static/chunks/node_modules_next_dist_1e8vcs8._.js:776
[  560970ms] [LOG] [Fast Refresh] done in 29ms @ http://localhost:3010/_next/static/chunks/node_modules_next_dist_1e8vcs8._.js:776
[  561030ms] [LOG] [Fast Refresh] done in 29ms @ http://localhost:3010/_next/static/chunks/node_modules_next_dist_1e8vcs8._.js:776
[  561093ms] [LOG] [Fast Refresh] done in 29ms @ http://localhost:3010/_next/static/chunks/node_modules_next_dist_1e8vcs8._.js:776
[  561142ms] [LOG] [Fast Refresh] done in 29ms @ http://localhost:3010/_next/static/chunks/node_modules_next_dist_1e8vcs8._.js:776
[  561205ms] [LOG] [Fast Refresh] done in 29ms @ http://localhost:3010/_next/static/chunks/node_modules_next_dist_1e8vcs8._.js:776
[  561267ms] [LOG] [Fast Refresh] done in 29ms @ http://localhost:3010/_next/static/chunks/node_modules_next_dist_1e8vcs8._.js:776
[  561332ms] [LOG] [Fast Refresh] done in 29ms @ http://localhost:3010/_next/static/chunks/node_modules_next_dist_1e8vcs8._.js:776
[  561394ms] [LOG] [Fast Refresh] done in 29ms @ http://localhost:3010/_next/static/chunks/node_modules_next_dist_1e8vcs8._.js:776
[  561458ms] [LOG] [Fast Refresh] done in 29ms @ http://localhost:3010/_next/static/chunks/node_modules_next_dist_1e8vcs8._.js:776
[  561521ms] [LOG] [Fast Refresh] done in 29ms @ http://localhost:3010/_next/static/chunks/node_modules_next_dist_1e8vcs8._.js:776
[  561585ms] [LOG] [Fast Refresh] done in 29ms @ http://localhost:3010/_next/static/chunks/node_modules_next_dist_1e8vcs8._.js:776
[  561647ms] [LOG] [Fast Refresh] done in 29ms @ http://localhost:3010/_next/static/chunks/node_modules_next_dist_1e8vcs8._.js:776
[  561709ms] [LOG] [Fast Refresh] done in 29ms @ http://localhost:3010/_next/static/chunks/node_modules_next_dist_1e8vcs8._.js:776
[  561772ms] [LOG] [Fast Refresh] done in 29ms @ http://localhost:3010/_next/static/chunks/node_modules_next_dist_1e8vcs8._.js:776
[  561836ms] [LOG] [Fast Refresh] done in 29ms @ http://localhost:3010/_next/static/chunks/node_modules_next_dist_1e8vcs8._.js:776
[  561883ms] [LOG] [Fast Refresh] done in 29ms @ http://localhost:3010/_next/static/chunks/node_modules_next_dist_1e8vcs8._.js:776
[  561931ms] [LOG] [Fast Refresh] done in 29ms @ http://localhost:3010/_next/static/chunks/node_modules_next_dist_1e8vcs8._.js:776
[  561993ms] [LOG] [Fast Refresh] done in 29ms @ http://localhost:3010/_next/static/chunks/node_modules_next_dist_1e8vcs8._.js:776
[  562057ms] [LOG] [Fast Refresh] done in 29ms @ http://localhost:3010/_next/static/chunks/node_modules_next_dist_1e8vcs8._.js:776
[  562120ms] [LOG] [Fast Refresh] done in 29ms @ http://localhost:3010/_next/static/chunks/node_modules_next_dist_1e8vcs8._.js:776
[  562182ms] [LOG] [Fast Refresh] done in 29ms @ http://localhost:3010/_next/static/chunks/node_modules_next_dist_1e8vcs8._.js:776
[  562246ms] [LOG] [Fast Refresh] done in 29ms @ http://localhost:3010/_next/static/chunks/node_modules_next_dist_1e8vcs8._.js:776
[  562308ms] [LOG] [Fast Refresh] done in 29ms @ http://localhost:3010/_next/static/chunks/node_modules_next_dist_1e8vcs8._.js:776
[  562372ms] [LOG] [Fast Refresh] done in 29ms @ http://localhost:3010/_next/static/chunks/node_modules_next_dist_1e8vcs8._.js:776
[  562435ms] [LOG] [Fast Refresh] done in 29ms @ http://localhost:3010/_next/static/chunks/node_modules_next_dist_1e8vcs8._.js:776
[  562498ms] [LOG] [Fast Refresh] done in 29ms @ http://localhost:3010/_next/static/chunks/node_modules_next_dist_1e8vcs8._.js:776
[  562546ms] [LOG] [Fast Refresh] done in 29ms @ http://localhost:3010/_next/static/chunks/node_modules_next_dist_1e8vcs8._.js:776
[  562609ms] [LOG] [Fast Refresh] done in 29ms @ http://localhost:3010/_next/static/chunks/node_modules_next_dist_1e8vcs8._.js:776
[  562672ms] [LOG] [Fast Refresh] done in 29ms @ http://localhost:3010/_next/static/chunks/node_modules_next_dist_1e8vcs8._.js:776
[  562735ms] [LOG] [Fast Refresh] done in 29ms @ http://localhost:3010/_next/static/chunks/node_modules_next_dist_1e8vcs8._.js:776
[  562797ms] [LOG] [Fast Refresh] done in 29ms @ http://localhost:3010/_next/static/chunks/node_modules_next_dist_1e8vcs8._.js:776
[  562862ms] [LOG] [Fast Refresh] done in 29ms @ http://localhost:3010/_next/static/chunks/node_modules_next_dist_1e8vcs8._.js:776
[  562925ms] [LOG] [Fast Refresh] done in 29ms @ http://localhost:3010/_next/static/chunks/node_modules_next_dist_1e8vcs8._.js:776
[  562988ms] [LOG] [Fast Refresh] done in 29ms @ http://localhost:3010/_next/static/chunks/node_modules_next_dist_1e8vcs8._.js:776
[  563036ms] [LOG] [Fast Refresh] done in 29ms @ http://localhost:3010/_next/static/chunks/node_modules_next_dist_1e8vcs8._.js:776
[  563098ms] [LOG] [Fast Refresh] done in 29ms @ http://localhost:3010/_next/static/chunks/node_modules_next_dist_1e8vcs8._.js:776
[  563162ms] [LOG] [Fast Refresh] done in 29ms @ http://localhost:3010/_next/static/chunks/node_modules_next_dist_1e8vcs8._.js:776
[  563225ms] [LOG] [Fast Refresh] done in 29ms @ http://localhost:3010/_next/static/chunks/node_modules_next_dist_1e8vcs8._.js:776
[  563288ms] [LOG] [Fast Refresh] done in 29ms @ http://localhost:3010/_next/static/chunks/node_modules_next_dist_1e8vcs8._.js:776
[  563352ms] [LOG] [Fast Refresh] done in 29ms @ http://localhost:3010/_next/static/chunks/node_modules_next_dist_1e8vcs8._.js:776
[  563415ms] [LOG] [Fast Refresh] done in 29ms @ http://localhost:3010/_next/static/chunks/node_modules_next_dist_1e8vcs8._.js:776
[  563477ms] [LOG] [Fast Refresh] done in 29ms @ http://localhost:3010/_next/static/chunks/node_modules_next_dist_1e8vcs8._.js:776
[  563540ms] [LOG] [Fast Refresh] done in 29ms @ http://localhost:3010/_next/static/chunks/node_modules_next_dist_1e8vcs8._.js:776
[  563603ms] [LOG] [Fast Refresh] done in 29ms @ http://localhost:3010/_next/static/chunks/node_modules_next_dist_1e8vcs8._.js:776
[  563666ms] [LOG] [Fast Refresh] done in 29ms @ http://localhost:3010/_next/static/chunks/node_modules_next_dist_1e8vcs8._.js:776
[  563730ms] [LOG] [Fast Refresh] done in 29ms @ http://localhost:3010/_next/static/chunks/node_modules_next_dist_1e8vcs8._.js:776
[  563793ms] [LOG] [Fast Refresh] done in 29ms @ http://localhost:3010/_next/static/chunks/node_modules_next_dist_1e8vcs8._.js:776
[  563857ms] [LOG] [Fast Refresh] done in 29ms @ http://localhost:3010/_next/static/chunks/node_modules_next_dist_1e8vcs8._.js:776
[  563920ms] [LOG] [Fast Refresh] done in 29ms @ http://localhost:3010/_next/static/chunks/node_modules_next_dist_1e8vcs8._.js:776
[  563983ms] [LOG] [Fast Refresh] done in 29ms @ http://localhost:3010/_next/static/chunks/node_modules_next_dist_1e8vcs8._.js:776
[  564047ms] [LOG] [Fast Refresh] done in 29ms @ http://localhost:3010/_next/static/chunks/node_modules_next_dist_1e8vcs8._.js:776
[  564111ms] [LOG] [Fast Refresh] done in 29ms @ http://localhost:3010/_next/static/chunks/node_modules_next_dist_1e8vcs8._.js:776
[  564174ms] [LOG] [Fast Refresh] done in 29ms @ http://localhost:3010/_next/static/chunks/node_modules_next_dist_1e8vcs8._.js:776
[  564237ms] [LOG] [Fast Refresh] done in 29ms @ http://localhost:3010/_next/static/chunks/node_modules_next_dist_1e8vcs8._.js:776
[  564299ms] [LOG] [Fast Refresh] done in 29ms @ http://localhost:3010/_next/static/chunks/node_modules_next_dist_1e8vcs8._.js:776
[  564347ms] [LOG] [Fast Refresh] done in 29ms @ http://localhost:3010/_next/static/chunks/node_modules_next_dist_1e8vcs8._.js:776
[  564410ms] [LOG] [Fast Refresh] done in 29ms @ http://localhost:3010/_next/static/chunks/node_modules_next_dist_1e8vcs8._.js:776
[  564472ms] [LOG] [Fast Refresh] done in 29ms @ http://localhost:3010/_next/static/chunks/node_modules_next_dist_1e8vcs8._.js:776
[  564535ms] [LOG] [Fast Refresh] done in 29ms @ http://localhost:3010/_next/static/chunks/node_modules_next_dist_1e8vcs8._.js:776
[  564598ms] [LOG] [Fast Refresh] done in 29ms @ http://localhost:3010/_next/static/chunks/node_modules_next_dist_1e8vcs8._.js:776
[  564646ms] [LOG] [Fast Refresh] done in 29ms @ http://localhost:3010/_next/static/chunks/node_modules_next_dist_1e8vcs8._.js:776
[  564693ms] [LOG] [Fast Refresh] done in 29ms @ http://localhost:3010/_next/static/chunks/node_modules_next_dist_1e8vcs8._.js:776
[  564741ms] [LOG] [Fast Refresh] done in 29ms @ http://localhost:3010/_next/static/chunks/node_modules_next_dist_1e8vcs8._.js:776
[  564804ms] [LOG] [Fast Refresh] done in 29ms @ http://localhost:3010/_next/static/chunks/node_modules_next_dist_1e8vcs8._.js:776
[  564868ms] [LOG] [Fast Refresh] done in 29ms @ http://localhost:3010/_next/static/chunks/node_modules_next_dist_1e8vcs8._.js:776
[  564930ms] [LOG] [Fast Refresh] done in 29ms @ http://localhost:3010/_next/static/chunks/node_modules_next_dist_1e8vcs8._.js:776
[  564978ms] [LOG] [Fast Refresh] done in 29ms @ http://localhost:3010/_next/static/chunks/node_modules_next_dist_1e8vcs8._.js:776
[  565026ms] [LOG] [Fast Refresh] done in 29ms @ http://localhost:3010/_next/static/chunks/node_modules_next_dist_1e8vcs8._.js:776
[  565074ms] [LOG] [Fast Refresh] done in 29ms @ http://localhost:3010/_next/static/chunks/node_modules_next_dist_1e8vcs8._.js:776
[  565138ms] [LOG] [Fast Refresh] done in 29ms @ http://localhost:3010/_next/static/chunks/node_modules_next_dist_1e8vcs8._.js:776
[  565202ms] [LOG] [Fast Refresh] done in 29ms @ http://localhost:3010/_next/static/chunks/node_modules_next_dist_1e8vcs8._.js:776
[  565262ms] [LOG] [Fast Refresh] done in 29ms @ http://localhost:3010/_next/static/chunks/node_modules_next_dist_1e8vcs8._.js:776
[  565325ms] [LOG] [Fast Refresh] done in 29ms @ http://localhost:3010/_next/static/chunks/node_modules_next_dist_1e8vcs8._.js:776
[  565388ms] [LOG] [Fast Refresh] done in 29ms @ http://localhost:3010/_next/static/chunks/node_modules_next_dist_1e8vcs8._.js:776
[  565450ms] [LOG] [Fast Refresh] done in 29ms @ http://localhost:3010/_next/static/chunks/node_modules_next_dist_1e8vcs8._.js:776
[  565512ms] [LOG] [Fast Refresh] done in 29ms @ http://localhost:3010/_next/static/chunks/node_modules_next_dist_1e8vcs8._.js:776
[  565574ms] [LOG] [Fast Refresh] done in 29ms @ http://localhost:3010/_next/static/chunks/node_modules_next_dist_1e8vcs8._.js:776
[  565637ms] [LOG] [Fast Refresh] done in 29ms @ http://localhost:3010/_next/static/chunks/node_modules_next_dist_1e8vcs8._.js:776
[  565698ms] [LOG] [Fast Refresh] done in 29ms @ http://localhost:3010/_next/static/chunks/node_modules_next_dist_1e8vcs8._.js:776
[  565761ms] [LOG] [Fast Refresh] done in 29ms @ http://localhost:3010/_next/static/chunks/node_modules_next_dist_1e8vcs8._.js:776
[  565824ms] [LOG] [Fast Refresh] done in 29ms @ http://localhost:3010/_next/static/chunks/node_modules_next_dist_1e8vcs8._.js:776
[  565887ms] [LOG] [Fast Refresh] done in 29ms @ http://localhost:3010/_next/static/chunks/node_modules_next_dist_1e8vcs8._.js:776
[  565947ms] [LOG] [Fast Refresh] done in 29ms @ http://localhost:3010/_next/static/chunks/node_modules_next_dist_1e8vcs8._.js:776
[  566010ms] [LOG] [Fast Refresh] done in 29ms @ http://localhost:3010/_next/static/chunks/node_modules_next_dist_1e8vcs8._.js:776
[  566072ms] [LOG] [Fast Refresh] done in 29ms @ http://localhost:3010/_next/static/chunks/node_modules_next_dist_1e8vcs8._.js:776
[  566136ms] [LOG] [Fast Refresh] done in 29ms @ http://localhost:3010/_next/static/chunks/node_modules_next_dist_1e8vcs8._.js:776
[  566198ms] [LOG] [Fast Refresh] done in 29ms @ http://localhost:3010/_next/static/chunks/node_modules_next_dist_1e8vcs8._.js:776
[  566261ms] [LOG] [Fast Refresh] done in 29ms @ http://localhost:3010/_next/static/chunks/node_modules_next_dist_1e8vcs8._.js:776
[  566324ms] [LOG] [Fast Refresh] done in 29ms @ http://localhost:3010/_next/static/chunks/node_modules_next_dist_1e8vcs8._.js:776
[  566386ms] [LOG] [Fast Refresh] done in 29ms @ http://localhost:3010/_next/static/chunks/node_modules_next_dist_1e8vcs8._.js:776
[  566434ms] [LOG] [Fast Refresh] done in 29ms @ http://localhost:3010/_next/static/chunks/node_modules_next_dist_1e8vcs8._.js:776
[  566497ms] [LOG] [Fast Refresh] done in 29ms @ http://localhost:3010/_next/static/chunks/node_modules_next_dist_1e8vcs8._.js:776
[  566560ms] [LOG] [Fast Refresh] done in 29ms @ http://localhost:3010/_next/static/chunks/node_modules_next_dist_1e8vcs8._.js:776
[  566623ms] [LOG] [Fast Refresh] done in 29ms @ http://localhost:3010/_next/static/chunks/node_modules_next_dist_1e8vcs8._.js:776
[  566687ms] [LOG] [Fast Refresh] done in 29ms @ http://localhost:3010/_next/static/chunks/node_modules_next_dist_1e8vcs8._.js:776
[  566748ms] [LOG] [Fast Refresh] done in 29ms @ http://localhost:3010/_next/static/chunks/node_modules_next_dist_1e8vcs8._.js:776
[  566812ms] [LOG] [Fast Refresh] done in 29ms @ http://localhost:3010/_next/static/chunks/node_modules_next_dist_1e8vcs8._.js:776
[  566874ms] [LOG] [Fast Refresh] done in 29ms @ http://localhost:3010/_next/static/chunks/node_modules_next_dist_1e8vcs8._.js:776
[  566938ms] [LOG] [Fast Refresh] done in 29ms @ http://localhost:3010/_next/static/chunks/node_modules_next_dist_1e8vcs8._.js:776
[  566986ms] [LOG] [Fast Refresh] done in 29ms @ http://localhost:3010/_next/static/chunks/node_modules_next_dist_1e8vcs8._.js:776
[  567036ms] [LOG] [Fast Refresh] done in 29ms @ http://localhost:3010/_next/static/chunks/node_modules_next_dist_1e8vcs8._.js:776
[  567086ms] [LOG] [Fast Refresh] done in 29ms @ http://localhost:3010/_next/static/chunks/node_modules_next_dist_1e8vcs8._.js:776
[  567135ms] [LOG] [Fast Refresh] done in 29ms @ http://localhost:3010/_next/static/chunks/node_modules_next_dist_1e8vcs8._.js:776
[  567186ms] [LOG] [Fast Refresh] done in 29ms @ http://localhost:3010/_next/static/chunks/node_modules_next_dist_1e8vcs8._.js:776
[  567236ms] [LOG] [Fast Refresh] done in 29ms @ http://localhost:3010/_next/static/chunks/node_modules_next_dist_1e8vcs8._.js:776
[  567286ms] [LOG] [Fast Refresh] done in 29ms @ http://localhost:3010/_next/static/chunks/node_modules_next_dist_1e8vcs8._.js:776
[  567335ms] [LOG] [Fast Refresh] done in 29ms @ http://localhost:3010/_next/static/chunks/node_modules_next_dist_1e8vcs8._.js:776
[  567386ms] [LOG] [Fast Refresh] done in 29ms @ http://localhost:3010/_next/static/chunks/node_modules_next_dist_1e8vcs8._.js:776
[  567436ms] [LOG] [Fast Refresh] done in 29ms @ http://localhost:3010/_next/static/chunks/node_modules_next_dist_1e8vcs8._.js:776
[  567486ms] [LOG] [Fast Refresh] done in 29ms @ http://localhost:3010/_next/static/chunks/node_modules_next_dist_1e8vcs8._.js:776
[  567536ms] [LOG] [Fast Refresh] done in 29ms @ http://localhost:3010/_next/static/chunks/node_modules_next_dist_1e8vcs8._.js:776
[  567586ms] [LOG] [Fast Refresh] done in 29ms @ http://localhost:3010/_next/static/chunks/node_modules_next_dist_1e8vcs8._.js:776
[  567635ms] [LOG] [Fast Refresh] done in 29ms @ http://localhost:3010/_next/static/chunks/node_modules_next_dist_1e8vcs8._.js:776
[  567685ms] [LOG] [Fast Refresh] done in 29ms @ http://localhost:3010/_next/static/chunks/node_modules_next_dist_1e8vcs8._.js:776
[  567736ms] [LOG] [Fast Refresh] done in 29ms @ http://localhost:3010/_next/static/chunks/node_modules_next_dist_1e8vcs8._.js:776
[  567786ms] [LOG] [Fast Refresh] done in 29ms @ http://localhost:3010/_next/static/chunks/node_modules_next_dist_1e8vcs8._.js:776
[  567836ms] [LOG] [Fast Refresh] done in 29ms @ http://localhost:3010/_next/static/chunks/node_modules_next_dist_1e8vcs8._.js:776
[  567885ms] [LOG] [Fast Refresh] done in 29ms @ http://localhost:3010/_next/static/chunks/node_modules_next_dist_1e8vcs8._.js:776
[  567936ms] [LOG] [Fast Refresh] done in 29ms @ http://localhost:3010/_next/static/chunks/node_modules_next_dist_1e8vcs8._.js:776
[  567996ms] [LOG] [Fast Refresh] done in 29ms @ http://localhost:3010/_next/static/chunks/node_modules_next_dist_1e8vcs8._.js:776
[  568046ms] [LOG] [Fast Refresh] done in 29ms @ http://localhost:3010/_next/static/chunks/node_modules_next_dist_1e8vcs8._.js:776
[  568096ms] [LOG] [Fast Refresh] done in 29ms @ http://localhost:3010/_next/static/chunks/node_modules_next_dist_1e8vcs8._.js:776
[  568145ms] [LOG] [Fast Refresh] done in 29ms @ http://localhost:3010/_next/static/chunks/node_modules_next_dist_1e8vcs8._.js:776
[  568196ms] [LOG] [Fast Refresh] done in 29ms @ http://localhost:3010/_next/static/chunks/node_modules_next_dist_1e8vcs8._.js:776
[  568246ms] [LOG] [Fast Refresh] done in 29ms @ http://localhost:3010/_next/static/chunks/node_modules_next_dist_1e8vcs8._.js:776
[  568296ms] [LOG] [Fast Refresh] done in 29ms @ http://localhost:3010/_next/static/chunks/node_modules_next_dist_1e8vcs8._.js:776
[  568346ms] [LOG] [Fast Refresh] done in 29ms @ http://localhost:3010/_next/static/chunks/node_modules_next_dist_1e8vcs8._.js:776
[  568395ms] [LOG] [Fast Refresh] done in 29ms @ http://localhost:3010/_next/static/chunks/node_modules_next_dist_1e8vcs8._.js:776
[  568446ms] [LOG] [Fast Refresh] done in 29ms @ http://localhost:3010/_next/static/chunks/node_modules_next_dist_1e8vcs8._.js:776
[  568502ms] [LOG] [Fast Refresh] done in 29ms @ http://localhost:3010/_next/static/chunks/node_modules_next_dist_1e8vcs8._.js:776
[  568556ms] [LOG] [Fast Refresh] done in 29ms @ http://localhost:3010/_next/static/chunks/node_modules_next_dist_1e8vcs8._.js:776
[  568606ms] [LOG] [Fast Refresh] done in 29ms @ http://localhost:3010/_next/static/chunks/node_modules_next_dist_1e8vcs8._.js:776
[  568656ms] [LOG] [Fast Refresh] done in 29ms @ http://localhost:3010/_next/static/chunks/node_modules_next_dist_1e8vcs8._.js:776
[  568702ms] [LOG] [Fast Refresh] done in 29ms @ http://localhost:3010/_next/static/chunks/node_modules_next_dist_1e8vcs8._.js:776
[  568756ms] [LOG] [Fast Refresh] done in 29ms @ http://localhost:3010/_next/static/chunks/node_modules_next_dist_1e8vcs8._.js:776
[  568805ms] [LOG] [Fast Refresh] done in 29ms @ http://localhost:3010/_next/static/chunks/node_modules_next_dist_1e8vcs8._.js:776
[  568861ms] [LOG] [Fast Refresh] done in 29ms @ http://localhost:3010/_next/static/chunks/node_modules_next_dist_1e8vcs8._.js:776
[  568916ms] [LOG] [Fast Refresh] done in 29ms @ http://localhost:3010/_next/static/chunks/node_modules_next_dist_1e8vcs8._.js:776
[  568971ms] [LOG] [Fast Refresh] done in 29ms @ http://localhost:3010/_next/static/chunks/node_modules_next_dist_1e8vcs8._.js:776
[  569034ms] [LOG] [Fast Refresh] done in 29ms @ http://localhost:3010/_next/static/chunks/node_modules_next_dist_1e8vcs8._.js:776
[  569096ms] [LOG] [Fast Refresh] done in 29ms @ http://localhost:3010/_next/static/chunks/node_modules_next_dist_1e8vcs8._.js:776
[  569159ms] [LOG] [Fast Refresh] done in 29ms @ http://localhost:3010/_next/static/chunks/node_modules_next_dist_1e8vcs8._.js:776
[  569222ms] [LOG] [Fast Refresh] done in 29ms @ http://localhost:3010/_next/static/chunks/node_modules_next_dist_1e8vcs8._.js:776
[  569270ms] [LOG] [Fast Refresh] done in 29ms @ http://localhost:3010/_next/static/chunks/node_modules_next_dist_1e8vcs8._.js:776
[  569333ms] [LOG] [Fast Refresh] done in 29ms @ http://localhost:3010/_next/static/chunks/node_modules_next_dist_1e8vcs8._.js:776
[  569395ms] [LOG] [Fast Refresh] done in 29ms @ http://localhost:3010/_next/static/chunks/node_modules_next_dist_1e8vcs8._.js:776
[  569459ms] [LOG] [Fast Refresh] done in 29ms @ http://localhost:3010/_next/static/chunks/node_modules_next_dist_1e8vcs8._.js:776
[  569522ms] [LOG] [Fast Refresh] done in 29ms @ http://localhost:3010/_next/static/chunks/node_modules_next_dist_1e8vcs8._.js:776
[  569586ms] [LOG] [Fast Refresh] done in 29ms @ http://localhost:3010/_next/static/chunks/node_modules_next_dist_1e8vcs8._.js:776
[  569649ms] [LOG] [Fast Refresh] done in 29ms @ http://localhost:3010/_next/static/chunks/node_modules_next_dist_1e8vcs8._.js:776
[  569712ms] [LOG] [Fast Refresh] done in 29ms @ http://localhost:3010/_next/static/chunks/node_modules_next_dist_1e8vcs8._.js:776
[  569775ms] [LOG] [Fast Refresh] done in 29ms @ http://localhost:3010/_next/static/chunks/node_modules_next_dist_1e8vcs8._.js:776
[  569838ms] [LOG] [Fast Refresh] done in 29ms @ http://localhost:3010/_next/static/chunks/node_modules_next_dist_1e8vcs8._.js:776
[  569900ms] [LOG] [Fast Refresh] done in 29ms @ http://localhost:3010/_next/static/chunks/node_modules_next_dist_1e8vcs8._.js:776
[  569964ms] [LOG] [Fast Refresh] done in 29ms @ http://localhost:3010/_next/static/chunks/node_modules_next_dist_1e8vcs8._.js:776
[  570027ms] [LOG] [Fast Refresh] done in 29ms @ http://localhost:3010/_next/static/chunks/node_modules_next_dist_1e8vcs8._.js:776
[  570090ms] [LOG] [Fast Refresh] done in 29ms @ http://localhost:3010/_next/static/chunks/node_modules_next_dist_1e8vcs8._.js:776
[  570153ms] [LOG] [Fast Refresh] done in 29ms @ http://localhost:3010/_next/static/chunks/node_modules_next_dist_1e8vcs8._.js:776
[  570217ms] [LOG] [Fast Refresh] done in 29ms @ http://localhost:3010/_next/static/chunks/node_modules_next_dist_1e8vcs8._.js:776
[  570280ms] [LOG] [Fast Refresh] done in 29ms @ http://localhost:3010/_next/static/chunks/node_modules_next_dist_1e8vcs8._.js:776
[  570328ms] [LOG] [Fast Refresh] done in 29ms @ http://localhost:3010/_next/static/chunks/node_modules_next_dist_1e8vcs8._.js:776
[  570390ms] [LOG] [Fast Refresh] done in 29ms @ http://localhost:3010/_next/static/chunks/node_modules_next_dist_1e8vcs8._.js:776
[  570453ms] [LOG] [Fast Refresh] done in 29ms @ http://localhost:3010/_next/static/chunks/node_modules_next_dist_1e8vcs8._.js:776
[  570501ms] [LOG] [Fast Refresh] done in 29ms @ http://localhost:3010/_next/static/chunks/node_modules_next_dist_1e8vcs8._.js:776
[  570564ms] [LOG] [Fast Refresh] done in 29ms @ http://localhost:3010/_next/static/chunks/node_modules_next_dist_1e8vcs8._.js:776
[  570627ms] [LOG] [Fast Refresh] done in 29ms @ http://localhost:3010/_next/static/chunks/node_modules_next_dist_1e8vcs8._.js:776
[  570691ms] [LOG] [Fast Refresh] done in 29ms @ http://localhost:3010/_next/static/chunks/node_modules_next_dist_1e8vcs8._.js:776
[  570753ms] [LOG] [Fast Refresh] done in 29ms @ http://localhost:3010/_next/static/chunks/node_modules_next_dist_1e8vcs8._.js:776
[  570816ms] [LOG] [Fast Refresh] done in 29ms @ http://localhost:3010/_next/static/chunks/node_modules_next_dist_1e8vcs8._.js:776
[  570879ms] [LOG] [Fast Refresh] done in 29ms @ http://localhost:3010/_next/static/chunks/node_modules_next_dist_1e8vcs8._.js:776
[  570942ms] [LOG] [Fast Refresh] done in 29ms @ http://localhost:3010/_next/static/chunks/node_modules_next_dist_1e8vcs8._.js:776
[  570996ms] [LOG] [Fast Refresh] done in 29ms @ http://localhost:3010/_next/static/chunks/node_modules_next_dist_1e8vcs8._.js:776
[  571052ms] [LOG] [Fast Refresh] done in 29ms @ http://localhost:3010/_next/static/chunks/node_modules_next_dist_1e8vcs8._.js:776
[  571106ms] [LOG] [Fast Refresh] done in 29ms @ http://localhost:3010/_next/static/chunks/node_modules_next_dist_1e8vcs8._.js:776
[  571156ms] [LOG] [Fast Refresh] done in 29ms @ http://localhost:3010/_next/static/chunks/node_modules_next_dist_1e8vcs8._.js:776
[  571206ms] [LOG] [Fast Refresh] done in 29ms @ http://localhost:3010/_next/static/chunks/node_modules_next_dist_1e8vcs8._.js:776
[  571256ms] [LOG] [Fast Refresh] done in 29ms @ http://localhost:3010/_next/static/chunks/node_modules_next_dist_1e8vcs8._.js:776
[  571306ms] [LOG] [Fast Refresh] done in 29ms @ http://localhost:3010/_next/static/chunks/node_modules_next_dist_1e8vcs8._.js:776
[  571356ms] [LOG] [Fast Refresh] done in 29ms @ http://localhost:3010/_next/static/chunks/node_modules_next_dist_1e8vcs8._.js:776
[  571412ms] [LOG] [Fast Refresh] done in 29ms @ http://localhost:3010/_next/static/chunks/node_modules_next_dist_1e8vcs8._.js:776
[  571456ms] [LOG] [Fast Refresh] done in 29ms @ http://localhost:3010/_next/static/chunks/node_modules_next_dist_1e8vcs8._.js:776
[  571506ms] [LOG] [Fast Refresh] done in 29ms @ http://localhost:3010/_next/static/chunks/node_modules_next_dist_1e8vcs8._.js:776
[  571556ms] [LOG] [Fast Refresh] done in 29ms @ http://localhost:3010/_next/static/chunks/node_modules_next_dist_1e8vcs8._.js:776
[  571606ms] [LOG] [Fast Refresh] done in 29ms @ http://localhost:3010/_next/static/chunks/node_modules_next_dist_1e8vcs8._.js:776
[  571656ms] [LOG] [Fast Refresh] done in 29ms @ http://localhost:3010/_next/static/chunks/node_modules_next_dist_1e8vcs8._.js:776
[  571706ms] [LOG] [Fast Refresh] done in 29ms @ http://localhost:3010/_next/static/chunks/node_modules_next_dist_1e8vcs8._.js:776
[  571762ms] [LOG] [Fast Refresh] done in 29ms @ http://localhost:3010/_next/static/chunks/node_modules_next_dist_1e8vcs8._.js:776
[  571816ms] [LOG] [Fast Refresh] done in 29ms @ http://localhost:3010/_next/static/chunks/node_modules_next_dist_1e8vcs8._.js:776
[  571866ms] [LOG] [Fast Refresh] done in 29ms @ http://localhost:3010/_next/static/chunks/node_modules_next_dist_1e8vcs8._.js:776
[  571916ms] [LOG] [Fast Refresh] done in 29ms @ http://localhost:3010/_next/static/chunks/node_modules_next_dist_1e8vcs8._.js:776
[  571966ms] [LOG] [Fast Refresh] done in 29ms @ http://localhost:3010/_next/static/chunks/node_modules_next_dist_1e8vcs8._.js:776
[  572016ms] [LOG] [Fast Refresh] done in 29ms @ http://localhost:3010/_next/static/chunks/node_modules_next_dist_1e8vcs8._.js:776
[  572066ms] [LOG] [Fast Refresh] done in 29ms @ http://localhost:3010/_next/static/chunks/node_modules_next_dist_1e8vcs8._.js:776
[  572116ms] [LOG] [Fast Refresh] done in 29ms @ http://localhost:3010/_next/static/chunks/node_modules_next_dist_1e8vcs8._.js:776
[  572171ms] [LOG] [Fast Refresh] done in 29ms @ http://localhost:3010/_next/static/chunks/node_modules_next_dist_1e8vcs8._.js:776
[  572216ms] [LOG] [Fast Refresh] done in 29ms @ http://localhost:3010/_next/static/chunks/node_modules_next_dist_1e8vcs8._.js:776
[  572266ms] [LOG] [Fast Refresh] done in 29ms @ http://localhost:3010/_next/static/chunks/node_modules_next_dist_1e8vcs8._.js:776
[  572316ms] [LOG] [Fast Refresh] done in 29ms @ http://localhost:3010/_next/static/chunks/node_modules_next_dist_1e8vcs8._.js:776
[  572362ms] [LOG] [Fast Refresh] done in 29ms @ http://localhost:3010/_next/static/chunks/node_modules_next_dist_1e8vcs8._.js:776
[  572406ms] [LOG] [Fast Refresh] done in 29ms @ http://localhost:3010/_next/static/chunks/node_modules_next_dist_1e8vcs8._.js:776
[  572456ms] [LOG] [Fast Refresh] done in 29ms @ http://localhost:3010/_next/static/chunks/node_modules_next_dist_1e8vcs8._.js:776
[  572506ms] [LOG] [Fast Refresh] done in 29ms @ http://localhost:3010/_next/static/chunks/node_modules_next_dist_1e8vcs8._.js:776
[  572562ms] [LOG] [Fast Refresh] done in 29ms @ http://localhost:3010/_next/static/chunks/node_modules_next_dist_1e8vcs8._.js:776
[  572606ms] [LOG] [Fast Refresh] done in 29ms @ http://localhost:3010/_next/static/chunks/node_modules_next_dist_1e8vcs8._.js:776
[  572656ms] [LOG] [Fast Refresh] done in 29ms @ http://localhost:3010/_next/static/chunks/node_modules_next_dist_1e8vcs8._.js:776
[  572706ms] [LOG] [Fast Refresh] done in 29ms @ http://localhost:3010/_next/static/chunks/node_modules_next_dist_1e8vcs8._.js:776
[  572756ms] [LOG] [Fast Refresh] done in 29ms @ http://localhost:3010/_next/static/chunks/node_modules_next_dist_1e8vcs8._.js:776
[  572806ms] [LOG] [Fast Refresh] done in 29ms @ http://localhost:3010/_next/static/chunks/node_modules_next_dist_1e8vcs8._.js:776
[  572856ms] [LOG] [Fast Refresh] done in 29ms @ http://localhost:3010/_next/static/chunks/node_modules_next_dist_1e8vcs8._.js:776
[  572906ms] [LOG] [Fast Refresh] done in 29ms @ http://localhost:3010/_next/static/chunks/node_modules_next_dist_1e8vcs8._.js:776
[  572962ms] [LOG] [Fast Refresh] done in 29ms @ http://localhost:3010/_next/static/chunks/node_modules_next_dist_1e8vcs8._.js:776
[  573006ms] [LOG] [Fast Refresh] done in 29ms @ http://localhost:3010/_next/static/chunks/node_modules_next_dist_1e8vcs8._.js:776
[  573056ms] [LOG] [Fast Refresh] done in 29ms @ http://localhost:3010/_next/static/chunks/node_modules_next_dist_1e8vcs8._.js:776
[  573106ms] [LOG] [Fast Refresh] done in 29ms @ http://localhost:3010/_next/static/chunks/node_modules_next_dist_1e8vcs8._.js:776
[  573156ms] [LOG] [Fast Refresh] done in 29ms @ http://localhost:3010/_next/static/chunks/node_modules_next_dist_1e8vcs8._.js:776
[  573206ms] [LOG] [Fast Refresh] done in 29ms @ http://localhost:3010/_next/static/chunks/node_modules_next_dist_1e8vcs8._.js:776
[  573256ms] [LOG] [Fast Refresh] done in 29ms @ http://localhost:3010/_next/static/chunks/node_modules_next_dist_1e8vcs8._.js:776
[  573306ms] [LOG] [Fast Refresh] done in 29ms @ http://localhost:3010/_next/static/chunks/node_modules_next_dist_1e8vcs8._.js:776
[  573356ms] [LOG] [Fast Refresh] done in 29ms @ http://localhost:3010/_next/static/chunks/node_modules_next_dist_1e8vcs8._.js:776
[  573406ms] [LOG] [Fast Refresh] done in 29ms @ http://localhost:3010/_next/static/chunks/node_modules_next_dist_1e8vcs8._.js:776
[  573456ms] [LOG] [Fast Refresh] done in 29ms @ http://localhost:3010/_next/static/chunks/node_modules_next_dist_1e8vcs8._.js:776
[  573506ms] [LOG] [Fast Refresh] done in 29ms @ http://localhost:3010/_next/static/chunks/node_modules_next_dist_1e8vcs8._.js:776
[  573556ms] [LOG] [Fast Refresh] done in 29ms @ http://localhost:3010/_next/static/chunks/node_modules_next_dist_1e8vcs8._.js:776
[  573606ms] [LOG] [Fast Refresh] done in 29ms @ http://localhost:3010/_next/static/chunks/node_modules_next_dist_1e8vcs8._.js:776
[  573656ms] [LOG] [Fast Refresh] done in 29ms @ http://localhost:3010/_next/static/chunks/node_modules_next_dist_1e8vcs8._.js:776
[  573706ms] [LOG] [Fast Refresh] done in 29ms @ http://localhost:3010/_next/static/chunks/node_modules_next_dist_1e8vcs8._.js:776
[  573756ms] [LOG] [Fast Refresh] done in 29ms @ http://localhost:3010/_next/static/chunks/node_modules_next_dist_1e8vcs8._.js:776
[  573802ms] [LOG] [Fast Refresh] done in 29ms @ http://localhost:3010/_next/static/chunks/node_modules_next_dist_1e8vcs8._.js:776
[  573846ms] [LOG] [Fast Refresh] done in 29ms @ http://localhost:3010/_next/static/chunks/node_modules_next_dist_1e8vcs8._.js:776
[  573891ms] [LOG] [Fast Refresh] done in 29ms @ http://localhost:3010/_next/static/chunks/node_modules_next_dist_1e8vcs8._.js:776
[  573936ms] [LOG] [Fast Refresh] done in 29ms @ http://localhost:3010/_next/static/chunks/node_modules_next_dist_1e8vcs8._.js:776
[  573986ms] [LOG] [Fast Refresh] done in 29ms @ http://localhost:3010/_next/static/chunks/node_modules_next_dist_1e8vcs8._.js:776
[  574036ms] [LOG] [Fast Refresh] done in 29ms @ http://localhost:3010/_next/static/chunks/node_modules_next_dist_1e8vcs8._.js:776
[  574091ms] [LOG] [Fast Refresh] done in 29ms @ http://localhost:3010/_next/static/chunks/node_modules_next_dist_1e8vcs8._.js:776
[  574136ms] [LOG] [Fast Refresh] done in 29ms @ http://localhost:3010/_next/static/chunks/node_modules_next_dist_1e8vcs8._.js:776
[  574186ms] [LOG] [Fast Refresh] done in 29ms @ http://localhost:3010/_next/static/chunks/node_modules_next_dist_1e8vcs8._.js:776
[  574236ms] [LOG] [Fast Refresh] done in 29ms @ http://localhost:3010/_next/static/chunks/node_modules_next_dist_1e8vcs8._.js:776
[  574291ms] [LOG] [Fast Refresh] done in 29ms @ http://localhost:3010/_next/static/chunks/node_modules_next_dist_1e8vcs8._.js:776
[  574336ms] [LOG] [Fast Refresh] done in 29ms @ http://localhost:3010/_next/static/chunks/node_modules_next_dist_1e8vcs8._.js:776
[  574386ms] [LOG] [Fast Refresh] done in 29ms @ http://localhost:3010/_next/static/chunks/node_modules_next_dist_1e8vcs8._.js:776
[  574442ms] [LOG] [Fast Refresh] done in 29ms @ http://localhost:3010/_next/static/chunks/node_modules_next_dist_1e8vcs8._.js:776
[  574491ms] [LOG] [Fast Refresh] done in 29ms @ http://localhost:3010/_next/static/chunks/node_modules_next_dist_1e8vcs8._.js:776
[  574536ms] [LOG] [Fast Refresh] done in 29ms @ http://localhost:3010/_next/static/chunks/node_modules_next_dist_1e8vcs8._.js:776
[  574586ms] [LOG] [Fast Refresh] done in 29ms @ http://localhost:3010/_next/static/chunks/node_modules_next_dist_1e8vcs8._.js:776
[  574636ms] [LOG] [Fast Refresh] done in 29ms @ http://localhost:3010/_next/static/chunks/node_modules_next_dist_1e8vcs8._.js:776
[  574691ms] [LOG] [Fast Refresh] done in 29ms @ http://localhost:3010/_next/static/chunks/node_modules_next_dist_1e8vcs8._.js:776
[  574736ms] [LOG] [Fast Refresh] done in 29ms @ http://localhost:3010/_next/static/chunks/node_modules_next_dist_1e8vcs8._.js:776
[  574786ms] [LOG] [Fast Refresh] done in 29ms @ http://localhost:3010/_next/static/chunks/node_modules_next_dist_1e8vcs8._.js:776
[  574836ms] [LOG] [Fast Refresh] done in 29ms @ http://localhost:3010/_next/static/chunks/node_modules_next_dist_1e8vcs8._.js:776
[  574891ms] [LOG] [Fast Refresh] done in 29ms @ http://localhost:3010/_next/static/chunks/node_modules_next_dist_1e8vcs8._.js:776
[  574936ms] [LOG] [Fast Refresh] done in 29ms @ http://localhost:3010/_next/static/chunks/node_modules_next_dist_1e8vcs8._.js:776
[  574987ms] [LOG] [Fast Refresh] done in 29ms @ http://localhost:3010/_next/static/chunks/node_modules_next_dist_1e8vcs8._.js:776
[  575035ms] [LOG] [Fast Refresh] done in 29ms @ http://localhost:3010/_next/static/chunks/node_modules_next_dist_1e8vcs8._.js:776
[  575097ms] [LOG] [Fast Refresh] done in 29ms @ http://localhost:3010/_next/static/chunks/node_modules_next_dist_1e8vcs8._.js:776
[  575161ms] [LOG] [Fast Refresh] done in 29ms @ http://localhost:3010/_next/static/chunks/node_modules_next_dist_1e8vcs8._.js:776
[  575224ms] [LOG] [Fast Refresh] done in 29ms @ http://localhost:3010/_next/static/chunks/node_modules_next_dist_1e8vcs8._.js:776
[  575286ms] [LOG] [Fast Refresh] done in 29ms @ http://localhost:3010/_next/static/chunks/node_modules_next_dist_1e8vcs8._.js:776
[  575350ms] [LOG] [Fast Refresh] done in 29ms @ http://localhost:3010/_next/static/chunks/node_modules_next_dist_1e8vcs8._.js:776
[  575413ms] [LOG] [Fast Refresh] done in 29ms @ http://localhost:3010/_next/static/chunks/node_modules_next_dist_1e8vcs8._.js:776
[  575476ms] [LOG] [Fast Refresh] done in 29ms @ http://localhost:3010/_next/static/chunks/node_modules_next_dist_1e8vcs8._.js:776
[  575538ms] [LOG] [Fast Refresh] done in 29ms @ http://localhost:3010/_next/static/chunks/node_modules_next_dist_1e8vcs8._.js:776
[  575601ms] [LOG] [Fast Refresh] done in 29ms @ http://localhost:3010/_next/static/chunks/node_modules_next_dist_1e8vcs8._.js:776
[  575664ms] [LOG] [Fast Refresh] done in 29ms @ http://localhost:3010/_next/static/chunks/node_modules_next_dist_1e8vcs8._.js:776
[  575726ms] [LOG] [Fast Refresh] done in 29ms @ http://localhost:3010/_next/static/chunks/node_modules_next_dist_1e8vcs8._.js:776
[  575790ms] [LOG] [Fast Refresh] done in 29ms @ http://localhost:3010/_next/static/chunks/node_modules_next_dist_1e8vcs8._.js:776
[  575853ms] [LOG] [Fast Refresh] done in 29ms @ http://localhost:3010/_next/static/chunks/node_modules_next_dist_1e8vcs8._.js:776
[  575916ms] [LOG] [Fast Refresh] done in 29ms @ http://localhost:3010/_next/static/chunks/node_modules_next_dist_1e8vcs8._.js:776
[  575981ms] [LOG] [Fast Refresh] done in 29ms @ http://localhost:3010/_next/static/chunks/node_modules_next_dist_1e8vcs8._.js:776
[  576041ms] [LOG] [Fast Refresh] done in 29ms @ http://localhost:3010/_next/static/chunks/node_modules_next_dist_1e8vcs8._.js:776
[  576104ms] [LOG] [Fast Refresh] done in 29ms @ http://localhost:3010/_next/static/chunks/node_modules_next_dist_1e8vcs8._.js:776
[  576167ms] [LOG] [Fast Refresh] done in 29ms @ http://localhost:3010/_next/static/chunks/node_modules_next_dist_1e8vcs8._.js:776
[  576231ms] [LOG] [Fast Refresh] done in 29ms @ http://localhost:3010/_next/static/chunks/node_modules_next_dist_1e8vcs8._.js:776
[  576295ms] [LOG] [Fast Refresh] done in 29ms @ http://localhost:3010/_next/static/chunks/node_modules_next_dist_1e8vcs8._.js:776
[  576343ms] [LOG] [Fast Refresh] done in 29ms @ http://localhost:3010/_next/static/chunks/node_modules_next_dist_1e8vcs8._.js:776
[  576405ms] [LOG] [Fast Refresh] done in 29ms @ http://localhost:3010/_next/static/chunks/node_modules_next_dist_1e8vcs8._.js:776
[  576469ms] [LOG] [Fast Refresh] done in 29ms @ http://localhost:3010/_next/static/chunks/node_modules_next_dist_1e8vcs8._.js:776
[  576517ms] [LOG] [Fast Refresh] done in 29ms @ http://localhost:3010/_next/static/chunks/node_modules_next_dist_1e8vcs8._.js:776
[  576578ms] [LOG] [Fast Refresh] done in 29ms @ http://localhost:3010/_next/static/chunks/node_modules_next_dist_1e8vcs8._.js:776
[  576641ms] [LOG] [Fast Refresh] done in 29ms @ http://localhost:3010/_next/static/chunks/node_modules_next_dist_1e8vcs8._.js:776
[  576703ms] [LOG] [Fast Refresh] done in 29ms @ http://localhost:3010/_next/static/chunks/node_modules_next_dist_1e8vcs8._.js:776
[  576767ms] [LOG] [Fast Refresh] done in 29ms @ http://localhost:3010/_next/static/chunks/node_modules_next_dist_1e8vcs8._.js:776
[  576829ms] [LOG] [Fast Refresh] done in 29ms @ http://localhost:3010/_next/static/chunks/node_modules_next_dist_1e8vcs8._.js:776
[  576891ms] [LOG] [Fast Refresh] done in 29ms @ http://localhost:3010/_next/static/chunks/node_modules_next_dist_1e8vcs8._.js:776
[  576953ms] [LOG] [Fast Refresh] done in 29ms @ http://localhost:3010/_next/static/chunks/node_modules_next_dist_1e8vcs8._.js:776
[  576996ms] [LOG] [Fast Refresh] done in 29ms @ http://localhost:3010/_next/static/chunks/node_modules_next_dist_1e8vcs8._.js:776
[  577053ms] [LOG] [Fast Refresh] done in 29ms @ http://localhost:3010/_next/static/chunks/node_modules_next_dist_1e8vcs8._.js:776
[  577106ms] [LOG] [Fast Refresh] done in 29ms @ http://localhost:3010/_next/static/chunks/node_modules_next_dist_1e8vcs8._.js:776
[  577156ms] [LOG] [Fast Refresh] done in 29ms @ http://localhost:3010/_next/static/chunks/node_modules_next_dist_1e8vcs8._.js:776
[  577206ms] [LOG] [Fast Refresh] done in 29ms @ http://localhost:3010/_next/static/chunks/node_modules_next_dist_1e8vcs8._.js:776
[  577253ms] [LOG] [Fast Refresh] done in 29ms @ http://localhost:3010/_next/static/chunks/node_modules_next_dist_1e8vcs8._.js:776
[  577306ms] [LOG] [Fast Refresh] done in 29ms @ http://localhost:3010/_next/static/chunks/node_modules_next_dist_1e8vcs8._.js:776
[  577356ms] [LOG] [Fast Refresh] done in 29ms @ http://localhost:3010/_next/static/chunks/node_modules_next_dist_1e8vcs8._.js:776
[  577412ms] [LOG] [Fast Refresh] done in 29ms @ http://localhost:3010/_next/static/chunks/node_modules_next_dist_1e8vcs8._.js:776
[  577456ms] [LOG] [Fast Refresh] done in 29ms @ http://localhost:3010/_next/static/chunks/node_modules_next_dist_1e8vcs8._.js:776
[  577506ms] [LOG] [Fast Refresh] done in 29ms @ http://localhost:3010/_next/static/chunks/node_modules_next_dist_1e8vcs8._.js:776
[  577556ms] [LOG] [Fast Refresh] done in 29ms @ http://localhost:3010/_next/static/chunks/node_modules_next_dist_1e8vcs8._.js:776
[  577606ms] [LOG] [Fast Refresh] done in 29ms @ http://localhost:3010/_next/static/chunks/node_modules_next_dist_1e8vcs8._.js:776
[  577651ms] [LOG] [Fast Refresh] done in 29ms @ http://localhost:3010/_next/static/chunks/node_modules_next_dist_1e8vcs8._.js:776
[  577706ms] [LOG] [Fast Refresh] done in 29ms @ http://localhost:3010/_next/static/chunks/node_modules_next_dist_1e8vcs8._.js:776
[  577756ms] [LOG] [Fast Refresh] done in 29ms @ http://localhost:3010/_next/static/chunks/node_modules_next_dist_1e8vcs8._.js:776
[  577806ms] [LOG] [Fast Refresh] done in 29ms @ http://localhost:3010/_next/static/chunks/node_modules_next_dist_1e8vcs8._.js:776
[  577856ms] [LOG] [Fast Refresh] done in 29ms @ http://localhost:3010/_next/static/chunks/node_modules_next_dist_1e8vcs8._.js:776
[  577906ms] [LOG] [Fast Refresh] done in 29ms @ http://localhost:3010/_next/static/chunks/node_modules_next_dist_1e8vcs8._.js:776
[  577956ms] [LOG] [Fast Refresh] done in 29ms @ http://localhost:3010/_next/static/chunks/node_modules_next_dist_1e8vcs8._.js:776
[  578006ms] [LOG] [Fast Refresh] done in 29ms @ http://localhost:3010/_next/static/chunks/node_modules_next_dist_1e8vcs8._.js:776
[  578053ms] [LOG] [Fast Refresh] done in 29ms @ http://localhost:3010/_next/static/chunks/node_modules_next_dist_1e8vcs8._.js:776
[  578106ms] [LOG] [Fast Refresh] done in 29ms @ http://localhost:3010/_next/static/chunks/node_modules_next_dist_1e8vcs8._.js:776
[  578156ms] [LOG] [Fast Refresh] done in 29ms @ http://localhost:3010/_next/static/chunks/node_modules_next_dist_1e8vcs8._.js:776
[  578206ms] [LOG] [Fast Refresh] done in 29ms @ http://localhost:3010/_next/static/chunks/node_modules_next_dist_1e8vcs8._.js:776
[  578256ms] [LOG] [Fast Refresh] done in 29ms @ http://localhost:3010/_next/static/chunks/node_modules_next_dist_1e8vcs8._.js:776
[  578306ms] [LOG] [Fast Refresh] done in 29ms @ http://localhost:3010/_next/static/chunks/node_modules_next_dist_1e8vcs8._.js:776
[  578356ms] [LOG] [Fast Refresh] done in 29ms @ http://localhost:3010/_next/static/chunks/node_modules_next_dist_1e8vcs8._.js:776
[  578406ms] [LOG] [Fast Refresh] done in 29ms @ http://localhost:3010/_next/static/chunks/node_modules_next_dist_1e8vcs8._.js:776
[  578453ms] [LOG] [Fast Refresh] done in 29ms @ http://localhost:3010/_next/static/chunks/node_modules_next_dist_1e8vcs8._.js:776
[  578496ms] [LOG] [Fast Refresh] done in 29ms @ http://localhost:3010/_next/static/chunks/node_modules_next_dist_1e8vcs8._.js:776
[  578547ms] [LOG] [Fast Refresh] done in 29ms @ http://localhost:3010/_next/static/chunks/node_modules_next_dist_1e8vcs8._.js:776
[  578596ms] [LOG] [Fast Refresh] done in 29ms @ http://localhost:3010/_next/static/chunks/node_modules_next_dist_1e8vcs8._.js:776
[  578646ms] [LOG] [Fast Refresh] done in 29ms @ http://localhost:3010/_next/static/chunks/node_modules_next_dist_1e8vcs8._.js:776
[  578696ms] [LOG] [Fast Refresh] done in 29ms @ http://localhost:3010/_next/static/chunks/node_modules_next_dist_1e8vcs8._.js:776
[  578747ms] [LOG] [Fast Refresh] done in 29ms @ http://localhost:3010/_next/static/chunks/node_modules_next_dist_1e8vcs8._.js:776
[  578796ms] [LOG] [Fast Refresh] done in 29ms @ http://localhost:3010/_next/static/chunks/node_modules_next_dist_1e8vcs8._.js:776
[  578852ms] [LOG] [Fast Refresh] done in 29ms @ http://localhost:3010/_next/static/chunks/node_modules_next_dist_1e8vcs8._.js:776
[  578906ms] [LOG] [Fast Refresh] done in 29ms @ http://localhost:3010/_next/static/chunks/node_modules_next_dist_1e8vcs8._.js:776
[  578956ms] [LOG] [Fast Refresh] done in 29ms @ http://localhost:3010/_next/static/chunks/node_modules_next_dist_1e8vcs8._.js:776
[  579006ms] [LOG] [Fast Refresh] done in 29ms @ http://localhost:3010/_next/static/chunks/node_modules_next_dist_1e8vcs8._.js:776
[  579056ms] [LOG] [Fast Refresh] done in 29ms @ http://localhost:3010/_next/static/chunks/node_modules_next_dist_1e8vcs8._.js:776
[  579106ms] [LOG] [Fast Refresh] done in 29ms @ http://localhost:3010/_next/static/chunks/node_modules_next_dist_1e8vcs8._.js:776
[  579156ms] [LOG] [Fast Refresh] done in 29ms @ http://localhost:3010/_next/static/chunks/node_modules_next_dist_1e8vcs8._.js:776
[  579206ms] [LOG] [Fast Refresh] done in 29ms @ http://localhost:3010/_next/static/chunks/node_modules_next_dist_1e8vcs8._.js:776
[  579256ms] [LOG] [Fast Refresh] done in 29ms @ http://localhost:3010/_next/static/chunks/node_modules_next_dist_1e8vcs8._.js:776
[  579306ms] [LOG] [Fast Refresh] done in 29ms @ http://localhost:3010/_next/static/chunks/node_modules_next_dist_1e8vcs8._.js:776
[  579356ms] [LOG] [Fast Refresh] done in 29ms @ http://localhost:3010/_next/static/chunks/node_modules_next_dist_1e8vcs8._.js:776
[  579406ms] [LOG] [Fast Refresh] done in 29ms @ http://localhost:3010/_next/static/chunks/node_modules_next_dist_1e8vcs8._.js:776
[  579456ms] [LOG] [Fast Refresh] done in 29ms @ http://localhost:3010/_next/static/chunks/node_modules_next_dist_1e8vcs8._.js:776
[  579506ms] [LOG] [Fast Refresh] done in 29ms @ http://localhost:3010/_next/static/chunks/node_modules_next_dist_1e8vcs8._.js:776
[  579556ms] [LOG] [Fast Refresh] done in 29ms @ http://localhost:3010/_next/static/chunks/node_modules_next_dist_1e8vcs8._.js:776
[  579612ms] [LOG] [Fast Refresh] done in 29ms @ http://localhost:3010/_next/static/chunks/node_modules_next_dist_1e8vcs8._.js:776
[  579666ms] [LOG] [Fast Refresh] done in 29ms @ http://localhost:3010/_next/static/chunks/node_modules_next_dist_1e8vcs8._.js:776
[  579716ms] [LOG] [Fast Refresh] done in 29ms @ http://localhost:3010/_next/static/chunks/node_modules_next_dist_1e8vcs8._.js:776
[  579766ms] [LOG] [Fast Refresh] done in 29ms @ http://localhost:3010/_next/static/chunks/node_modules_next_dist_1e8vcs8._.js:776
[  579816ms] [LOG] [Fast Refresh] done in 29ms @ http://localhost:3010/_next/static/chunks/node_modules_next_dist_1e8vcs8._.js:776
[  579866ms] [LOG] [Fast Refresh] done in 29ms @ http://localhost:3010/_next/static/chunks/node_modules_next_dist_1e8vcs8._.js:776
[  579916ms] [LOG] [Fast Refresh] done in 29ms @ http://localhost:3010/_next/static/chunks/node_modules_next_dist_1e8vcs8._.js:776
[  579966ms] [LOG] [Fast Refresh] done in 29ms @ http://localhost:3010/_next/static/chunks/node_modules_next_dist_1e8vcs8._.js:776
[  580016ms] [LOG] [Fast Refresh] done in 29ms @ http://localhost:3010/_next/static/chunks/node_modules_next_dist_1e8vcs8._.js:776
[  580066ms] [LOG] [Fast Refresh] done in 29ms @ http://localhost:3010/_next/static/chunks/node_modules_next_dist_1e8vcs8._.js:776
[  580116ms] [LOG] [Fast Refresh] done in 29ms @ http://localhost:3010/_next/static/chunks/node_modules_next_dist_1e8vcs8._.js:776
[  580166ms] [LOG] [Fast Refresh] done in 29ms @ http://localhost:3010/_next/static/chunks/node_modules_next_dist_1e8vcs8._.js:776
[  580216ms] [LOG] [Fast Refresh] done in 29ms @ http://localhost:3010/_next/static/chunks/node_modules_next_dist_1e8vcs8._.js:776
[  580266ms] [LOG] [Fast Refresh] done in 29ms @ http://localhost:3010/_next/static/chunks/node_modules_next_dist_1e8vcs8._.js:776
[  580316ms] [LOG] [Fast Refresh] done in 29ms @ http://localhost:3010/_next/static/chunks/node_modules_next_dist_1e8vcs8._.js:776
[  580366ms] [LOG] [Fast Refresh] done in 29ms @ http://localhost:3010/_next/static/chunks/node_modules_next_dist_1e8vcs8._.js:776
[  580416ms] [LOG] [Fast Refresh] done in 29ms @ http://localhost:3010/_next/static/chunks/node_modules_next_dist_1e8vcs8._.js:776
[  580466ms] [LOG] [Fast Refresh] done in 29ms @ http://localhost:3010/_next/static/chunks/node_modules_next_dist_1e8vcs8._.js:776
[  580516ms] [LOG] [Fast Refresh] done in 29ms @ http://localhost:3010/_next/static/chunks/node_modules_next_dist_1e8vcs8._.js:776
[  580566ms] [LOG] [Fast Refresh] done in 29ms @ http://localhost:3010/_next/static/chunks/node_modules_next_dist_1e8vcs8._.js:776
[  580616ms] [LOG] [Fast Refresh] done in 29ms @ http://localhost:3010/_next/static/chunks/node_modules_next_dist_1e8vcs8._.js:776
[  580666ms] [LOG] [Fast Refresh] done in 29ms @ http://localhost:3010/_next/static/chunks/node_modules_next_dist_1e8vcs8._.js:776
[  580716ms] [LOG] [Fast Refresh] done in 29ms @ http://localhost:3010/_next/static/chunks/node_modules_next_dist_1e8vcs8._.js:776
[  580766ms] [LOG] [Fast Refresh] done in 29ms @ http://localhost:3010/_next/static/chunks/node_modules_next_dist_1e8vcs8._.js:776
[  580816ms] [LOG] [Fast Refresh] done in 29ms @ http://localhost:3010/_next/static/chunks/node_modules_next_dist_1e8vcs8._.js:776
[  580866ms] [LOG] [Fast Refresh] done in 29ms @ http://localhost:3010/_next/static/chunks/node_modules_next_dist_1e8vcs8._.js:776
[  580916ms] [LOG] [Fast Refresh] done in 29ms @ http://localhost:3010/_next/static/chunks/node_modules_next_dist_1e8vcs8._.js:776
[  580967ms] [LOG] [Fast Refresh] done in 29ms @ http://localhost:3010/_next/static/chunks/node_modules_next_dist_1e8vcs8._.js:776
[  581031ms] [LOG] [Fast Refresh] done in 29ms @ http://localhost:3010/_next/static/chunks/node_modules_next_dist_1e8vcs8._.js:776
[  581093ms] [LOG] [Fast Refresh] done in 29ms @ http://localhost:3010/_next/static/chunks/node_modules_next_dist_1e8vcs8._.js:776
[  581157ms] [LOG] [Fast Refresh] done in 29ms @ http://localhost:3010/_next/static/chunks/node_modules_next_dist_1e8vcs8._.js:776
[  581221ms] [LOG] [Fast Refresh] done in 29ms @ http://localhost:3010/_next/static/chunks/node_modules_next_dist_1e8vcs8._.js:776
[  581283ms] [LOG] [Fast Refresh] done in 29ms @ http://localhost:3010/_next/static/chunks/node_modules_next_dist_1e8vcs8._.js:776
[  581346ms] [LOG] [Fast Refresh] done in 29ms @ http://localhost:3010/_next/static/chunks/node_modules_next_dist_1e8vcs8._.js:776
[  581409ms] [LOG] [Fast Refresh] done in 29ms @ http://localhost:3010/_next/static/chunks/node_modules_next_dist_1e8vcs8._.js:776
[  581471ms] [LOG] [Fast Refresh] done in 29ms @ http://localhost:3010/_next/static/chunks/node_modules_next_dist_1e8vcs8._.js:776
[  581534ms] [LOG] [Fast Refresh] done in 29ms @ http://localhost:3010/_next/static/chunks/node_modules_next_dist_1e8vcs8._.js:776
[  581598ms] [LOG] [Fast Refresh] done in 29ms @ http://localhost:3010/_next/static/chunks/node_modules_next_dist_1e8vcs8._.js:776
[  581662ms] [LOG] [Fast Refresh] done in 29ms @ http://localhost:3010/_next/static/chunks/node_modules_next_dist_1e8vcs8._.js:776
[  581725ms] [LOG] [Fast Refresh] done in 29ms @ http://localhost:3010/_next/static/chunks/node_modules_next_dist_1e8vcs8._.js:776
[  581789ms] [LOG] [Fast Refresh] done in 29ms @ http://localhost:3010/_next/static/chunks/node_modules_next_dist_1e8vcs8._.js:776
[  581852ms] [LOG] [Fast Refresh] done in 29ms @ http://localhost:3010/_next/static/chunks/node_modules_next_dist_1e8vcs8._.js:776
[  581902ms] [LOG] [Fast Refresh] done in 29ms @ http://localhost:3010/_next/static/chunks/node_modules_next_dist_1e8vcs8._.js:776
[  581962ms] [LOG] [Fast Refresh] done in 29ms @ http://localhost:3010/_next/static/chunks/node_modules_next_dist_1e8vcs8._.js:776
[  582025ms] [LOG] [Fast Refresh] done in 29ms @ http://localhost:3010/_next/static/chunks/node_modules_next_dist_1e8vcs8._.js:776
[  582088ms] [LOG] [Fast Refresh] done in 29ms @ http://localhost:3010/_next/static/chunks/node_modules_next_dist_1e8vcs8._.js:776
[  582152ms] [LOG] [Fast Refresh] done in 29ms @ http://localhost:3010/_next/static/chunks/node_modules_next_dist_1e8vcs8._.js:776
[  582215ms] [LOG] [Fast Refresh] done in 29ms @ http://localhost:3010/_next/static/chunks/node_modules_next_dist_1e8vcs8._.js:776
[  582278ms] [LOG] [Fast Refresh] done in 29ms @ http://localhost:3010/_next/static/chunks/node_modules_next_dist_1e8vcs8._.js:776
[  582340ms] [LOG] [Fast Refresh] done in 29ms @ http://localhost:3010/_next/static/chunks/node_modules_next_dist_1e8vcs8._.js:776
[  582403ms] [LOG] [Fast Refresh] done in 29ms @ http://localhost:3010/_next/static/chunks/node_modules_next_dist_1e8vcs8._.js:776
[  582451ms] [LOG] [Fast Refresh] done in 29ms @ http://localhost:3010/_next/static/chunks/node_modules_next_dist_1e8vcs8._.js:776
[  582513ms] [LOG] [Fast Refresh] done in 29ms @ http://localhost:3010/_next/static/chunks/node_modules_next_dist_1e8vcs8._.js:776
[  582576ms] [LOG] [Fast Refresh] done in 29ms @ http://localhost:3010/_next/static/chunks/node_modules_next_dist_1e8vcs8._.js:776
[  582639ms] [LOG] [Fast Refresh] done in 29ms @ http://localhost:3010/_next/static/chunks/node_modules_next_dist_1e8vcs8._.js:776
[  582701ms] [LOG] [Fast Refresh] done in 29ms @ http://localhost:3010/_next/static/chunks/node_modules_next_dist_1e8vcs8._.js:776
[  582765ms] [LOG] [Fast Refresh] done in 29ms @ http://localhost:3010/_next/static/chunks/node_modules_next_dist_1e8vcs8._.js:776
[  582828ms] [LOG] [Fast Refresh] done in 29ms @ http://localhost:3010/_next/static/chunks/node_modules_next_dist_1e8vcs8._.js:776
[  582891ms] [LOG] [Fast Refresh] done in 29ms @ http://localhost:3010/_next/static/chunks/node_modules_next_dist_1e8vcs8._.js:776
[  582955ms] [LOG] [Fast Refresh] done in 29ms @ http://localhost:3010/_next/static/chunks/node_modules_next_dist_1e8vcs8._.js:776
[  583018ms] [LOG] [Fast Refresh] done in 29ms @ http://localhost:3010/_next/static/chunks/node_modules_next_dist_1e8vcs8._.js:776
[  583082ms] [LOG] [Fast Refresh] done in 29ms @ http://localhost:3010/_next/static/chunks/node_modules_next_dist_1e8vcs8._.js:776
[  583144ms] [LOG] [Fast Refresh] done in 29ms @ http://localhost:3010/_next/static/chunks/node_modules_next_dist_1e8vcs8._.js:776
[  583207ms] [LOG] [Fast Refresh] done in 29ms @ http://localhost:3010/_next/static/chunks/node_modules_next_dist_1e8vcs8._.js:776
[  583270ms] [LOG] [Fast Refresh] done in 29ms @ http://localhost:3010/_next/static/chunks/node_modules_next_dist_1e8vcs8._.js:776
[  583335ms] [LOG] [Fast Refresh] done in 29ms @ http://localhost:3010/_next/static/chunks/node_modules_next_dist_1e8vcs8._.js:776
[  583397ms] [LOG] [Fast Refresh] done in 29ms @ http://localhost:3010/_next/static/chunks/node_modules_next_dist_1e8vcs8._.js:776
[  583460ms] [LOG] [Fast Refresh] done in 29ms @ http://localhost:3010/_next/static/chunks/node_modules_next_dist_1e8vcs8._.js:776
[  583523ms] [LOG] [Fast Refresh] done in 29ms @ http://localhost:3010/_next/static/chunks/node_modules_next_dist_1e8vcs8._.js:776
[  583586ms] [LOG] [Fast Refresh] done in 29ms @ http://localhost:3010/_next/static/chunks/node_modules_next_dist_1e8vcs8._.js:776
[  583650ms] [LOG] [Fast Refresh] done in 29ms @ http://localhost:3010/_next/static/chunks/node_modules_next_dist_1e8vcs8._.js:776
[  583713ms] [LOG] [Fast Refresh] done in 29ms @ http://localhost:3010/_next/static/chunks/node_modules_next_dist_1e8vcs8._.js:776
[  583775ms] [LOG] [Fast Refresh] done in 29ms @ http://localhost:3010/_next/static/chunks/node_modules_next_dist_1e8vcs8._.js:776
[  583838ms] [LOG] [Fast Refresh] done in 29ms @ http://localhost:3010/_next/static/chunks/node_modules_next_dist_1e8vcs8._.js:776
[  583901ms] [LOG] [Fast Refresh] done in 29ms @ http://localhost:3010/_next/static/chunks/node_modules_next_dist_1e8vcs8._.js:776
[  583968ms] [LOG] [Fast Refresh] done in 29ms @ http://localhost:3010/_next/static/chunks/node_modules_next_dist_1e8vcs8._.js:776
[  584027ms] [LOG] [Fast Refresh] done in 29ms @ http://localhost:3010/_next/static/chunks/node_modules_next_dist_1e8vcs8._.js:776
[  584089ms] [LOG] [Fast Refresh] done in 29ms @ http://localhost:3010/_next/static/chunks/node_modules_next_dist_1e8vcs8._.js:776
[  584151ms] [LOG] [Fast Refresh] done in 29ms @ http://localhost:3010/_next/static/chunks/node_modules_next_dist_1e8vcs8._.js:776
[  584214ms] [LOG] [Fast Refresh] done in 29ms @ http://localhost:3010/_next/static/chunks/node_modules_next_dist_1e8vcs8._.js:776
[  584277ms] [LOG] [Fast Refresh] done in 29ms @ http://localhost:3010/_next/static/chunks/node_modules_next_dist_1e8vcs8._.js:776
[  584341ms] [LOG] [Fast Refresh] done in 29ms @ http://localhost:3010/_next/static/chunks/node_modules_next_dist_1e8vcs8._.js:776
[  584389ms] [LOG] [Fast Refresh] done in 29ms @ http://localhost:3010/_next/static/chunks/node_modules_next_dist_1e8vcs8._.js:776
[  584452ms] [LOG] [Fast Refresh] done in 29ms @ http://localhost:3010/_next/static/chunks/node_modules_next_dist_1e8vcs8._.js:776
[  584514ms] [LOG] [Fast Refresh] done in 29ms @ http://localhost:3010/_next/static/chunks/node_modules_next_dist_1e8vcs8._.js:776
[  584577ms] [LOG] [Fast Refresh] done in 29ms @ http://localhost:3010/_next/static/chunks/node_modules_next_dist_1e8vcs8._.js:776
[  584640ms] [LOG] [Fast Refresh] done in 29ms @ http://localhost:3010/_next/static/chunks/node_modules_next_dist_1e8vcs8._.js:776
[  584702ms] [LOG] [Fast Refresh] done in 29ms @ http://localhost:3010/_next/static/chunks/node_modules_next_dist_1e8vcs8._.js:776
[  584766ms] [LOG] [Fast Refresh] done in 29ms @ http://localhost:3010/_next/static/chunks/node_modules_next_dist_1e8vcs8._.js:776
[  584829ms] [LOG] [Fast Refresh] done in 29ms @ http://localhost:3010/_next/static/chunks/node_modules_next_dist_1e8vcs8._.js:776
[  584891ms] [LOG] [Fast Refresh] done in 29ms @ http://localhost:3010/_next/static/chunks/node_modules_next_dist_1e8vcs8._.js:776
[  584954ms] [LOG] [Fast Refresh] done in 29ms @ http://localhost:3010/_next/static/chunks/node_modules_next_dist_1e8vcs8._.js:776
[  585017ms] [LOG] [Fast Refresh] done in 29ms @ http://localhost:3010/_next/static/chunks/node_modules_next_dist_1e8vcs8._.js:776
[  585080ms] [LOG] [Fast Refresh] done in 29ms @ http://localhost:3010/_next/static/chunks/node_modules_next_dist_1e8vcs8._.js:776
[  585143ms] [LOG] [Fast Refresh] done in 29ms @ http://localhost:3010/_next/static/chunks/node_modules_next_dist_1e8vcs8._.js:776
[  585191ms] [LOG] [Fast Refresh] done in 29ms @ http://localhost:3010/_next/static/chunks/node_modules_next_dist_1e8vcs8._.js:776
[  585239ms] [LOG] [Fast Refresh] done in 29ms @ http://localhost:3010/_next/static/chunks/node_modules_next_dist_1e8vcs8._.js:776
[  585301ms] [LOG] [Fast Refresh] done in 29ms @ http://localhost:3010/_next/static/chunks/node_modules_next_dist_1e8vcs8._.js:776
[  585365ms] [LOG] [Fast Refresh] done in 29ms @ http://localhost:3010/_next/static/chunks/node_modules_next_dist_1e8vcs8._.js:776
[  585413ms] [LOG] [Fast Refresh] done in 29ms @ http://localhost:3010/_next/static/chunks/node_modules_next_dist_1e8vcs8._.js:776
[  585476ms] [LOG] [Fast Refresh] done in 29ms @ http://localhost:3010/_next/static/chunks/node_modules_next_dist_1e8vcs8._.js:776
[  585539ms] [LOG] [Fast Refresh] done in 29ms @ http://localhost:3010/_next/static/chunks/node_modules_next_dist_1e8vcs8._.js:776
[  585602ms] [LOG] [Fast Refresh] done in 29ms @ http://localhost:3010/_next/static/chunks/node_modules_next_dist_1e8vcs8._.js:776
[  585650ms] [LOG] [Fast Refresh] done in 29ms @ http://localhost:3010/_next/static/chunks/node_modules_next_dist_1e8vcs8._.js:776
[  585712ms] [LOG] [Fast Refresh] done in 29ms @ http://localhost:3010/_next/static/chunks/node_modules_next_dist_1e8vcs8._.js:776
[  585775ms] [LOG] [Fast Refresh] done in 29ms @ http://localhost:3010/_next/static/chunks/node_modules_next_dist_1e8vcs8._.js:776
[  585824ms] [LOG] [Fast Refresh] done in 29ms @ http://localhost:3010/_next/static/chunks/node_modules_next_dist_1e8vcs8._.js:776
[  585887ms] [LOG] [Fast Refresh] done in 29ms @ http://localhost:3010/_next/static/chunks/node_modules_next_dist_1e8vcs8._.js:776
[  585951ms] [LOG] [Fast Refresh] done in 29ms @ http://localhost:3010/_next/static/chunks/node_modules_next_dist_1e8vcs8._.js:776
[  586014ms] [LOG] [Fast Refresh] done in 29ms @ http://localhost:3010/_next/static/chunks/node_modules_next_dist_1e8vcs8._.js:776
[  586077ms] [LOG] [Fast Refresh] done in 29ms @ http://localhost:3010/_next/static/chunks/node_modules_next_dist_1e8vcs8._.js:776
[  586140ms] [LOG] [Fast Refresh] done in 29ms @ http://localhost:3010/_next/static/chunks/node_modules_next_dist_1e8vcs8._.js:776
[  586202ms] [LOG] [Fast Refresh] done in 29ms @ http://localhost:3010/_next/static/chunks/node_modules_next_dist_1e8vcs8._.js:776
[  586265ms] [LOG] [Fast Refresh] done in 29ms @ http://localhost:3010/_next/static/chunks/node_modules_next_dist_1e8vcs8._.js:776
[  586313ms] [LOG] [Fast Refresh] done in 29ms @ http://localhost:3010/_next/static/chunks/node_modules_next_dist_1e8vcs8._.js:776
[  586377ms] [LOG] [Fast Refresh] done in 29ms @ http://localhost:3010/_next/static/chunks/node_modules_next_dist_1e8vcs8._.js:776
[  586439ms] [LOG] [Fast Refresh] done in 29ms @ http://localhost:3010/_next/static/chunks/node_modules_next_dist_1e8vcs8._.js:776
[  586502ms] [LOG] [Fast Refresh] done in 29ms @ http://localhost:3010/_next/static/chunks/node_modules_next_dist_1e8vcs8._.js:776
[  586550ms] [LOG] [Fast Refresh] done in 29ms @ http://localhost:3010/_next/static/chunks/node_modules_next_dist_1e8vcs8._.js:776
[  586612ms] [LOG] [Fast Refresh] done in 29ms @ http://localhost:3010/_next/static/chunks/node_modules_next_dist_1e8vcs8._.js:776
[  586676ms] [LOG] [Fast Refresh] done in 29ms @ http://localhost:3010/_next/static/chunks/node_modules_next_dist_1e8vcs8._.js:776
[  586739ms] [LOG] [Fast Refresh] done in 29ms @ http://localhost:3010/_next/static/chunks/node_modules_next_dist_1e8vcs8._.js:776
[  586802ms] [LOG] [Fast Refresh] done in 29ms @ http://localhost:3010/_next/static/chunks/node_modules_next_dist_1e8vcs8._.js:776
[  586865ms] [LOG] [Fast Refresh] done in 29ms @ http://localhost:3010/_next/static/chunks/node_modules_next_dist_1e8vcs8._.js:776
[  586927ms] [LOG] [Fast Refresh] done in 29ms @ http://localhost:3010/_next/static/chunks/node_modules_next_dist_1e8vcs8._.js:776
[  586990ms] [LOG] [Fast Refresh] done in 29ms @ http://localhost:3010/_next/static/chunks/node_modules_next_dist_1e8vcs8._.js:776
[  587053ms] [LOG] [Fast Refresh] done in 29ms @ http://localhost:3010/_next/static/chunks/node_modules_next_dist_1e8vcs8._.js:776
[  587116ms] [LOG] [Fast Refresh] done in 29ms @ http://localhost:3010/_next/static/chunks/node_modules_next_dist_1e8vcs8._.js:776
[  587179ms] [LOG] [Fast Refresh] done in 29ms @ http://localhost:3010/_next/static/chunks/node_modules_next_dist_1e8vcs8._.js:776
[  587242ms] [LOG] [Fast Refresh] done in 29ms @ http://localhost:3010/_next/static/chunks/node_modules_next_dist_1e8vcs8._.js:776
[  587304ms] [LOG] [Fast Refresh] done in 29ms @ http://localhost:3010/_next/static/chunks/node_modules_next_dist_1e8vcs8._.js:776
[  587351ms] [LOG] [Fast Refresh] done in 29ms @ http://localhost:3010/_next/static/chunks/node_modules_next_dist_1e8vcs8._.js:776
[  587412ms] [LOG] [Fast Refresh] done in 29ms @ http://localhost:3010/_next/static/chunks/node_modules_next_dist_1e8vcs8._.js:776
[  587476ms] [LOG] [Fast Refresh] done in 29ms @ http://localhost:3010/_next/static/chunks/node_modules_next_dist_1e8vcs8._.js:776
[  587538ms] [LOG] [Fast Refresh] done in 29ms @ http://localhost:3010/_next/static/chunks/node_modules_next_dist_1e8vcs8._.js:776
[  587600ms] [LOG] [Fast Refresh] done in 29ms @ http://localhost:3010/_next/static/chunks/node_modules_next_dist_1e8vcs8._.js:776
[  587664ms] [LOG] [Fast Refresh] done in 29ms @ http://localhost:3010/_next/static/chunks/node_modules_next_dist_1e8vcs8._.js:776
[  587727ms] [LOG] [Fast Refresh] done in 29ms @ http://localhost:3010/_next/static/chunks/node_modules_next_dist_1e8vcs8._.js:776
[  587790ms] [LOG] [Fast Refresh] done in 29ms @ http://localhost:3010/_next/static/chunks/node_modules_next_dist_1e8vcs8._.js:776
[  587854ms] [LOG] [Fast Refresh] done in 29ms @ http://localhost:3010/_next/static/chunks/node_modules_next_dist_1e8vcs8._.js:776
[  587917ms] [LOG] [Fast Refresh] done in 29ms @ http://localhost:3010/_next/static/chunks/node_modules_next_dist_1e8vcs8._.js:776
[  587980ms] [LOG] [Fast Refresh] done in 29ms @ http://localhost:3010/_next/static/chunks/node_modules_next_dist_1e8vcs8._.js:776
[  588043ms] [LOG] [Fast Refresh] done in 29ms @ http://localhost:3010/_next/static/chunks/node_modules_next_dist_1e8vcs8._.js:776
[  588106ms] [LOG] [Fast Refresh] done in 29ms @ http://localhost:3010/_next/static/chunks/node_modules_next_dist_1e8vcs8._.js:776
[  588168ms] [LOG] [Fast Refresh] done in 29ms @ http://localhost:3010/_next/static/chunks/node_modules_next_dist_1e8vcs8._.js:776
[  588231ms] [LOG] [Fast Refresh] done in 29ms @ http://localhost:3010/_next/static/chunks/node_modules_next_dist_1e8vcs8._.js:776
[  588294ms] [LOG] [Fast Refresh] done in 29ms @ http://localhost:3010/_next/static/chunks/node_modules_next_dist_1e8vcs8._.js:776
[  588342ms] [LOG] [Fast Refresh] done in 29ms @ http://localhost:3010/_next/static/chunks/node_modules_next_dist_1e8vcs8._.js:776
[  588404ms] [LOG] [Fast Refresh] done in 29ms @ http://localhost:3010/_next/static/chunks/node_modules_next_dist_1e8vcs8._.js:776
[  588453ms] [LOG] [Fast Refresh] done in 29ms @ http://localhost:3010/_next/static/chunks/node_modules_next_dist_1e8vcs8._.js:776
[  588501ms] [LOG] [Fast Refresh] done in 29ms @ http://localhost:3010/_next/static/chunks/node_modules_next_dist_1e8vcs8._.js:776
[  588549ms] [LOG] [Fast Refresh] done in 29ms @ http://localhost:3010/_next/static/chunks/node_modules_next_dist_1e8vcs8._.js:776
[  588611ms] [LOG] [Fast Refresh] done in 29ms @ http://localhost:3010/_next/static/chunks/node_modules_next_dist_1e8vcs8._.js:776
[  588675ms] [LOG] [Fast Refresh] done in 29ms @ http://localhost:3010/_next/static/chunks/node_modules_next_dist_1e8vcs8._.js:776
[  588737ms] [LOG] [Fast Refresh] done in 29ms @ http://localhost:3010/_next/static/chunks/node_modules_next_dist_1e8vcs8._.js:776
[  588800ms] [LOG] [Fast Refresh] done in 29ms @ http://localhost:3010/_next/static/chunks/node_modules_next_dist_1e8vcs8._.js:776
[  588863ms] [LOG] [Fast Refresh] done in 29ms @ http://localhost:3010/_next/static/chunks/node_modules_next_dist_1e8vcs8._.js:776
[  588926ms] [LOG] [Fast Refresh] done in 29ms @ http://localhost:3010/_next/static/chunks/node_modules_next_dist_1e8vcs8._.js:776
[  588988ms] [LOG] [Fast Refresh] done in 29ms @ http://localhost:3010/_next/static/chunks/node_modules_next_dist_1e8vcs8._.js:776
[  589051ms] [LOG] [Fast Refresh] done in 29ms @ http://localhost:3010/_next/static/chunks/node_modules_next_dist_1e8vcs8._.js:776
[  589099ms] [LOG] [Fast Refresh] done in 29ms @ http://localhost:3010/_next/static/chunks/node_modules_next_dist_1e8vcs8._.js:776
[  589147ms] [LOG] [Fast Refresh] done in 29ms @ http://localhost:3010/_next/static/chunks/node_modules_next_dist_1e8vcs8._.js:776
[  589209ms] [LOG] [Fast Refresh] done in 29ms @ http://localhost:3010/_next/static/chunks/node_modules_next_dist_1e8vcs8._.js:776
[  589273ms] [LOG] [Fast Refresh] done in 29ms @ http://localhost:3010/_next/static/chunks/node_modules_next_dist_1e8vcs8._.js:776
[  589321ms] [LOG] [Fast Refresh] done in 29ms @ http://localhost:3010/_next/static/chunks/node_modules_next_dist_1e8vcs8._.js:776
[  589384ms] [LOG] [Fast Refresh] done in 29ms @ http://localhost:3010/_next/static/chunks/node_modules_next_dist_1e8vcs8._.js:776
[  589447ms] [LOG] [Fast Refresh] done in 29ms @ http://localhost:3010/_next/static/chunks/node_modules_next_dist_1e8vcs8._.js:776
[  589511ms] [LOG] [Fast Refresh] done in 29ms @ http://localhost:3010/_next/static/chunks/node_modules_next_dist_1e8vcs8._.js:776
[  589574ms] [LOG] [Fast Refresh] done in 29ms @ http://localhost:3010/_next/static/chunks/node_modules_next_dist_1e8vcs8._.js:776
[  589637ms] [LOG] [Fast Refresh] done in 29ms @ http://localhost:3010/_next/static/chunks/node_modules_next_dist_1e8vcs8._.js:776
[  589701ms] [LOG] [Fast Refresh] done in 29ms @ http://localhost:3010/_next/static/chunks/node_modules_next_dist_1e8vcs8._.js:776
[  589764ms] [LOG] [Fast Refresh] done in 29ms @ http://localhost:3010/_next/static/chunks/node_modules_next_dist_1e8vcs8._.js:776
[  589827ms] [LOG] [Fast Refresh] done in 29ms @ http://localhost:3010/_next/static/chunks/node_modules_next_dist_1e8vcs8._.js:776
[  589891ms] [LOG] [Fast Refresh] done in 29ms @ http://localhost:3010/_next/static/chunks/node_modules_next_dist_1e8vcs8._.js:776
[  589939ms] [LOG] [Fast Refresh] done in 29ms @ http://localhost:3010/_next/static/chunks/node_modules_next_dist_1e8vcs8._.js:776
[  590001ms] [LOG] [Fast Refresh] done in 29ms @ http://localhost:3010/_next/static/chunks/node_modules_next_dist_1e8vcs8._.js:776
[  590064ms] [LOG] [Fast Refresh] done in 29ms @ http://localhost:3010/_next/static/chunks/node_modules_next_dist_1e8vcs8._.js:776
[  590127ms] [LOG] [Fast Refresh] done in 29ms @ http://localhost:3010/_next/static/chunks/node_modules_next_dist_1e8vcs8._.js:776
[  590190ms] [LOG] [Fast Refresh] done in 29ms @ http://localhost:3010/_next/static/chunks/node_modules_next_dist_1e8vcs8._.js:776
[  590253ms] [LOG] [Fast Refresh] done in 29ms @ http://localhost:3010/_next/static/chunks/node_modules_next_dist_1e8vcs8._.js:776
[  590315ms] [LOG] [Fast Refresh] done in 29ms @ http://localhost:3010/_next/static/chunks/node_modules_next_dist_1e8vcs8._.js:776
[  590379ms] [LOG] [Fast Refresh] done in 29ms @ http://localhost:3010/_next/static/chunks/node_modules_next_dist_1e8vcs8._.js:776
[  590441ms] [LOG] [Fast Refresh] done in 29ms @ http://localhost:3010/_next/static/chunks/node_modules_next_dist_1e8vcs8._.js:776
[  590504ms] [LOG] [Fast Refresh] done in 29ms @ http://localhost:3010/_next/static/chunks/node_modules_next_dist_1e8vcs8._.js:776
[  590568ms] [LOG] [Fast Refresh] done in 29ms @ http://localhost:3010/_next/static/chunks/node_modules_next_dist_1e8vcs8._.js:776
[  590632ms] [LOG] [Fast Refresh] done in 29ms @ http://localhost:3010/_next/static/chunks/node_modules_next_dist_1e8vcs8._.js:776
[  590695ms] [LOG] [Fast Refresh] done in 29ms @ http://localhost:3010/_next/static/chunks/node_modules_next_dist_1e8vcs8._.js:776
[  590743ms] [LOG] [Fast Refresh] done in 29ms @ http://localhost:3010/_next/static/chunks/node_modules_next_dist_1e8vcs8._.js:776
[  590807ms] [LOG] [Fast Refresh] done in 29ms @ http://localhost:3010/_next/static/chunks/node_modules_next_dist_1e8vcs8._.js:776
[  590869ms] [LOG] [Fast Refresh] done in 29ms @ http://localhost:3010/_next/static/chunks/node_modules_next_dist_1e8vcs8._.js:776
[  590917ms] [LOG] [Fast Refresh] done in 29ms @ http://localhost:3010/_next/static/chunks/node_modules_next_dist_1e8vcs8._.js:776
[  590971ms] [LOG] [Fast Refresh] done in 29ms @ http://localhost:3010/_next/static/chunks/node_modules_next_dist_1e8vcs8._.js:776
[  591016ms] [LOG] [Fast Refresh] done in 29ms @ http://localhost:3010/_next/static/chunks/node_modules_next_dist_1e8vcs8._.js:776
[  591067ms] [LOG] [Fast Refresh] done in 29ms @ http://localhost:3010/_next/static/chunks/node_modules_next_dist_1e8vcs8._.js:776
[  591117ms] [LOG] [Fast Refresh] done in 29ms @ http://localhost:3010/_next/static/chunks/node_modules_next_dist_1e8vcs8._.js:776
[  591166ms] [LOG] [Fast Refresh] done in 29ms @ http://localhost:3010/_next/static/chunks/node_modules_next_dist_1e8vcs8._.js:776
[  591217ms] [LOG] [Fast Refresh] done in 29ms @ http://localhost:3010/_next/static/chunks/node_modules_next_dist_1e8vcs8._.js:776
[  591267ms] [LOG] [Fast Refresh] done in 29ms @ http://localhost:3010/_next/static/chunks/node_modules_next_dist_1e8vcs8._.js:776
[  591317ms] [LOG] [Fast Refresh] done in 29ms @ http://localhost:3010/_next/static/chunks/node_modules_next_dist_1e8vcs8._.js:776
[  591366ms] [LOG] [Fast Refresh] done in 29ms @ http://localhost:3010/_next/static/chunks/node_modules_next_dist_1e8vcs8._.js:776
[  591416ms] [LOG] [Fast Refresh] done in 29ms @ http://localhost:3010/_next/static/chunks/node_modules_next_dist_1e8vcs8._.js:776
[  591466ms] [LOG] [Fast Refresh] done in 29ms @ http://localhost:3010/_next/static/chunks/node_modules_next_dist_1e8vcs8._.js:776
[  591523ms] [LOG] [Fast Refresh] done in 29ms @ http://localhost:3010/_next/static/chunks/node_modules_next_dist_1e8vcs8._.js:776
[  591566ms] [LOG] [Fast Refresh] done in 29ms @ http://localhost:3010/_next/static/chunks/node_modules_next_dist_1e8vcs8._.js:776
[  591617ms] [LOG] [Fast Refresh] done in 29ms @ http://localhost:3010/_next/static/chunks/node_modules_next_dist_1e8vcs8._.js:776
[  591666ms] [LOG] [Fast Refresh] done in 29ms @ http://localhost:3010/_next/static/chunks/node_modules_next_dist_1e8vcs8._.js:776
[  591716ms] [LOG] [Fast Refresh] done in 29ms @ http://localhost:3010/_next/static/chunks/node_modules_next_dist_1e8vcs8._.js:776
[  591767ms] [LOG] [Fast Refresh] done in 29ms @ http://localhost:3010/_next/static/chunks/node_modules_next_dist_1e8vcs8._.js:776
[  591816ms] [LOG] [Fast Refresh] done in 29ms @ http://localhost:3010/_next/static/chunks/node_modules_next_dist_1e8vcs8._.js:776
[  591867ms] [LOG] [Fast Refresh] done in 29ms @ http://localhost:3010/_next/static/chunks/node_modules_next_dist_1e8vcs8._.js:776
[  591916ms] [LOG] [Fast Refresh] done in 29ms @ http://localhost:3010/_next/static/chunks/node_modules_next_dist_1e8vcs8._.js:776
[  591967ms] [LOG] [Fast Refresh] done in 29ms @ http://localhost:3010/_next/static/chunks/node_modules_next_dist_1e8vcs8._.js:776
[  592017ms] [LOG] [Fast Refresh] done in 29ms @ http://localhost:3010/_next/static/chunks/node_modules_next_dist_1e8vcs8._.js:776
[  592067ms] [LOG] [Fast Refresh] done in 29ms @ http://localhost:3010/_next/static/chunks/node_modules_next_dist_1e8vcs8._.js:776
[  592117ms] [LOG] [Fast Refresh] done in 29ms @ http://localhost:3010/_next/static/chunks/node_modules_next_dist_1e8vcs8._.js:776
[  592166ms] [LOG] [Fast Refresh] done in 29ms @ http://localhost:3010/_next/static/chunks/node_modules_next_dist_1e8vcs8._.js:776
[  592217ms] [LOG] [Fast Refresh] done in 29ms @ http://localhost:3010/_next/static/chunks/node_modules_next_dist_1e8vcs8._.js:776
[  592266ms] [LOG] [Fast Refresh] done in 29ms @ http://localhost:3010/_next/static/chunks/node_modules_next_dist_1e8vcs8._.js:776
[  592317ms] [LOG] [Fast Refresh] done in 29ms @ http://localhost:3010/_next/static/chunks/node_modules_next_dist_1e8vcs8._.js:776
[  592366ms] [LOG] [Fast Refresh] done in 29ms @ http://localhost:3010/_next/static/chunks/node_modules_next_dist_1e8vcs8._.js:776
[  592417ms] [LOG] [Fast Refresh] done in 29ms @ http://localhost:3010/_next/static/chunks/node_modules_next_dist_1e8vcs8._.js:776
[  592466ms] [LOG] [Fast Refresh] done in 29ms @ http://localhost:3010/_next/static/chunks/node_modules_next_dist_1e8vcs8._.js:776
[  592517ms] [LOG] [Fast Refresh] done in 29ms @ http://localhost:3010/_next/static/chunks/node_modules_next_dist_1e8vcs8._.js:776
[  592566ms] [LOG] [Fast Refresh] done in 29ms @ http://localhost:3010/_next/static/chunks/node_modules_next_dist_1e8vcs8._.js:776
[  592617ms] [LOG] [Fast Refresh] done in 29ms @ http://localhost:3010/_next/static/chunks/node_modules_next_dist_1e8vcs8._.js:776
[  592667ms] [LOG] [Fast Refresh] done in 29ms @ http://localhost:3010/_next/static/chunks/node_modules_next_dist_1e8vcs8._.js:776
[  592716ms] [LOG] [Fast Refresh] done in 29ms @ http://localhost:3010/_next/static/chunks/node_modules_next_dist_1e8vcs8._.js:776
[  592767ms] [LOG] [Fast Refresh] done in 29ms @ http://localhost:3010/_next/static/chunks/node_modules_next_dist_1e8vcs8._.js:776
[  592816ms] [LOG] [Fast Refresh] done in 29ms @ http://localhost:3010/_next/static/chunks/node_modules_next_dist_1e8vcs8._.js:776
[  592866ms] [LOG] [Fast Refresh] done in 29ms @ http://localhost:3010/_next/static/chunks/node_modules_next_dist_1e8vcs8._.js:776
[  592917ms] [LOG] [Fast Refresh] done in 29ms @ http://localhost:3010/_next/static/chunks/node_modules_next_dist_1e8vcs8._.js:776
[  592972ms] [LOG] [Fast Refresh] done in 29ms @ http://localhost:3010/_next/static/chunks/node_modules_next_dist_1e8vcs8._.js:776
[  593035ms] [LOG] [Fast Refresh] done in 29ms @ http://localhost:3010/_next/static/chunks/node_modules_next_dist_1e8vcs8._.js:776
[  593097ms] [LOG] [Fast Refresh] done in 29ms @ http://localhost:3010/_next/static/chunks/node_modules_next_dist_1e8vcs8._.js:776
[  593161ms] [LOG] [Fast Refresh] done in 29ms @ http://localhost:3010/_next/static/chunks/node_modules_next_dist_1e8vcs8._.js:776
[  593224ms] [LOG] [Fast Refresh] done in 29ms @ http://localhost:3010/_next/static/chunks/node_modules_next_dist_1e8vcs8._.js:776
[  593287ms] [LOG] [Fast Refresh] done in 29ms @ http://localhost:3010/_next/static/chunks/node_modules_next_dist_1e8vcs8._.js:776
[  593351ms] [LOG] [Fast Refresh] done in 29ms @ http://localhost:3010/_next/static/chunks/node_modules_next_dist_1e8vcs8._.js:776
[  593414ms] [LOG] [Fast Refresh] done in 29ms @ http://localhost:3010/_next/static/chunks/node_modules_next_dist_1e8vcs8._.js:776
[  593477ms] [LOG] [Fast Refresh] done in 29ms @ http://localhost:3010/_next/static/chunks/node_modules_next_dist_1e8vcs8._.js:776
[  593541ms] [LOG] [Fast Refresh] done in 29ms @ http://localhost:3010/_next/static/chunks/node_modules_next_dist_1e8vcs8._.js:776
[  593603ms] [LOG] [Fast Refresh] done in 29ms @ http://localhost:3010/_next/static/chunks/node_modules_next_dist_1e8vcs8._.js:776
[  593651ms] [LOG] [Fast Refresh] done in 29ms @ http://localhost:3010/_next/static/chunks/node_modules_next_dist_1e8vcs8._.js:776
[  593713ms] [LOG] [Fast Refresh] done in 29ms @ http://localhost:3010/_next/static/chunks/node_modules_next_dist_1e8vcs8._.js:776
[  593777ms] [LOG] [Fast Refresh] done in 29ms @ http://localhost:3010/_next/static/chunks/node_modules_next_dist_1e8vcs8._.js:776
[  593840ms] [LOG] [Fast Refresh] done in 29ms @ http://localhost:3010/_next/static/chunks/node_modules_next_dist_1e8vcs8._.js:776
[  593902ms] [LOG] [Fast Refresh] done in 29ms @ http://localhost:3010/_next/static/chunks/node_modules_next_dist_1e8vcs8._.js:776
[  593966ms] [LOG] [Fast Refresh] done in 29ms @ http://localhost:3010/_next/static/chunks/node_modules_next_dist_1e8vcs8._.js:776
[  594029ms] [LOG] [Fast Refresh] done in 29ms @ http://localhost:3010/_next/static/chunks/node_modules_next_dist_1e8vcs8._.js:776
[  594091ms] [LOG] [Fast Refresh] done in 29ms @ http://localhost:3010/_next/static/chunks/node_modules_next_dist_1e8vcs8._.js:776
[  594155ms] [LOG] [Fast Refresh] done in 29ms @ http://localhost:3010/_next/static/chunks/node_modules_next_dist_1e8vcs8._.js:776
[  594218ms] [LOG] [Fast Refresh] done in 29ms @ http://localhost:3010/_next/static/chunks/node_modules_next_dist_1e8vcs8._.js:776
[  594281ms] [LOG] [Fast Refresh] done in 29ms @ http://localhost:3010/_next/static/chunks/node_modules_next_dist_1e8vcs8._.js:776
[  594344ms] [LOG] [Fast Refresh] done in 29ms @ http://localhost:3010/_next/static/chunks/node_modules_next_dist_1e8vcs8._.js:776
[  594407ms] [LOG] [Fast Refresh] done in 29ms @ http://localhost:3010/_next/static/chunks/node_modules_next_dist_1e8vcs8._.js:776
[  594455ms] [LOG] [Fast Refresh] done in 29ms @ http://localhost:3010/_next/static/chunks/node_modules_next_dist_1e8vcs8._.js:776
[  594518ms] [LOG] [Fast Refresh] done in 29ms @ http://localhost:3010/_next/static/chunks/node_modules_next_dist_1e8vcs8._.js:776
[  594582ms] [LOG] [Fast Refresh] done in 29ms @ http://localhost:3010/_next/static/chunks/node_modules_next_dist_1e8vcs8._.js:776
[  594644ms] [LOG] [Fast Refresh] done in 29ms @ http://localhost:3010/_next/static/chunks/node_modules_next_dist_1e8vcs8._.js:776
[  594707ms] [LOG] [Fast Refresh] done in 29ms @ http://localhost:3010/_next/static/chunks/node_modules_next_dist_1e8vcs8._.js:776
[  594755ms] [LOG] [Fast Refresh] done in 29ms @ http://localhost:3010/_next/static/chunks/node_modules_next_dist_1e8vcs8._.js:776
[  594819ms] [LOG] [Fast Refresh] done in 29ms @ http://localhost:3010/_next/static/chunks/node_modules_next_dist_1e8vcs8._.js:776
[  594882ms] [LOG] [Fast Refresh] done in 29ms @ http://localhost:3010/_next/static/chunks/node_modules_next_dist_1e8vcs8._.js:776
[  594945ms] [LOG] [Fast Refresh] done in 29ms @ http://localhost:3010/_next/static/chunks/node_modules_next_dist_1e8vcs8._.js:776
[  595003ms] [LOG] [Fast Refresh] done in 29ms @ http://localhost:3010/_next/static/chunks/node_modules_next_dist_1e8vcs8._.js:776
[  595047ms] [LOG] [Fast Refresh] done in 29ms @ http://localhost:3010/_next/static/chunks/node_modules_next_dist_1e8vcs8._.js:776
[  595097ms] [LOG] [Fast Refresh] done in 29ms @ http://localhost:3010/_next/static/chunks/node_modules_next_dist_1e8vcs8._.js:776
[  595147ms] [LOG] [Fast Refresh] done in 29ms @ http://localhost:3010/_next/static/chunks/node_modules_next_dist_1e8vcs8._.js:776
[  595197ms] [LOG] [Fast Refresh] done in 29ms @ http://localhost:3010/_next/static/chunks/node_modules_next_dist_1e8vcs8._.js:776
[  595247ms] [LOG] [Fast Refresh] done in 29ms @ http://localhost:3010/_next/static/chunks/node_modules_next_dist_1e8vcs8._.js:776
[  595307ms] [LOG] [Fast Refresh] done in 29ms @ http://localhost:3010/_next/static/chunks/node_modules_next_dist_1e8vcs8._.js:776
[  595357ms] [LOG] [Fast Refresh] done in 29ms @ http://localhost:3010/_next/static/chunks/node_modules_next_dist_1e8vcs8._.js:776
[  595407ms] [LOG] [Fast Refresh] done in 29ms @ http://localhost:3010/_next/static/chunks/node_modules_next_dist_1e8vcs8._.js:776
[  595457ms] [LOG] [Fast Refresh] done in 29ms @ http://localhost:3010/_next/static/chunks/node_modules_next_dist_1e8vcs8._.js:776
[  595507ms] [LOG] [Fast Refresh] done in 29ms @ http://localhost:3010/_next/static/chunks/node_modules_next_dist_1e8vcs8._.js:776
[  595557ms] [LOG] [Fast Refresh] done in 29ms @ http://localhost:3010/_next/static/chunks/node_modules_next_dist_1e8vcs8._.js:776
[  595607ms] [LOG] [Fast Refresh] done in 29ms @ http://localhost:3010/_next/static/chunks/node_modules_next_dist_1e8vcs8._.js:776
[  595657ms] [LOG] [Fast Refresh] done in 29ms @ http://localhost:3010/_next/static/chunks/node_modules_next_dist_1e8vcs8._.js:776
[  595707ms] [LOG] [Fast Refresh] done in 29ms @ http://localhost:3010/_next/static/chunks/node_modules_next_dist_1e8vcs8._.js:776
[  595757ms] [LOG] [Fast Refresh] done in 29ms @ http://localhost:3010/_next/static/chunks/node_modules_next_dist_1e8vcs8._.js:776
[  595807ms] [LOG] [Fast Refresh] done in 29ms @ http://localhost:3010/_next/static/chunks/node_modules_next_dist_1e8vcs8._.js:776
[  595857ms] [LOG] [Fast Refresh] done in 29ms @ http://localhost:3010/_next/static/chunks/node_modules_next_dist_1e8vcs8._.js:776
[  595907ms] [LOG] [Fast Refresh] done in 29ms @ http://localhost:3010/_next/static/chunks/node_modules_next_dist_1e8vcs8._.js:776
[  595957ms] [LOG] [Fast Refresh] done in 29ms @ http://localhost:3010/_next/static/chunks/node_modules_next_dist_1e8vcs8._.js:776
[  596007ms] [LOG] [Fast Refresh] done in 29ms @ http://localhost:3010/_next/static/chunks/node_modules_next_dist_1e8vcs8._.js:776
[  596057ms] [LOG] [Fast Refresh] done in 29ms @ http://localhost:3010/_next/static/chunks/node_modules_next_dist_1e8vcs8._.js:776
[  596107ms] [LOG] [Fast Refresh] done in 29ms @ http://localhost:3010/_next/static/chunks/node_modules_next_dist_1e8vcs8._.js:776
[  596157ms] [LOG] [Fast Refresh] done in 29ms @ http://localhost:3010/_next/static/chunks/node_modules_next_dist_1e8vcs8._.js:776
[  596207ms] [LOG] [Fast Refresh] done in 29ms @ http://localhost:3010/_next/static/chunks/node_modules_next_dist_1e8vcs8._.js:776
[  596257ms] [LOG] [Fast Refresh] done in 29ms @ http://localhost:3010/_next/static/chunks/node_modules_next_dist_1e8vcs8._.js:776
[  596307ms] [LOG] [Fast Refresh] done in 29ms @ http://localhost:3010/_next/static/chunks/node_modules_next_dist_1e8vcs8._.js:776
[  596357ms] [LOG] [Fast Refresh] done in 29ms @ http://localhost:3010/_next/static/chunks/node_modules_next_dist_1e8vcs8._.js:776
[  596407ms] [LOG] [Fast Refresh] done in 29ms @ http://localhost:3010/_next/static/chunks/node_modules_next_dist_1e8vcs8._.js:776
[  596457ms] [LOG] [Fast Refresh] done in 29ms @ http://localhost:3010/_next/static/chunks/node_modules_next_dist_1e8vcs8._.js:776
[  596507ms] [LOG] [Fast Refresh] done in 29ms @ http://localhost:3010/_next/static/chunks/node_modules_next_dist_1e8vcs8._.js:776
[  596557ms] [LOG] [Fast Refresh] done in 29ms @ http://localhost:3010/_next/static/chunks/node_modules_next_dist_1e8vcs8._.js:776
[  596607ms] [LOG] [Fast Refresh] done in 29ms @ http://localhost:3010/_next/static/chunks/node_modules_next_dist_1e8vcs8._.js:776
[  596657ms] [LOG] [Fast Refresh] done in 29ms @ http://localhost:3010/_next/static/chunks/node_modules_next_dist_1e8vcs8._.js:776
[  596707ms] [LOG] [Fast Refresh] done in 29ms @ http://localhost:3010/_next/static/chunks/node_modules_next_dist_1e8vcs8._.js:776
[  596767ms] [LOG] [Fast Refresh] done in 29ms @ http://localhost:3010/_next/static/chunks/node_modules_next_dist_1e8vcs8._.js:776
[  596817ms] [LOG] [Fast Refresh] done in 29ms @ http://localhost:3010/_next/static/chunks/node_modules_next_dist_1e8vcs8._.js:776
[  596867ms] [LOG] [Fast Refresh] done in 29ms @ http://localhost:3010/_next/static/chunks/node_modules_next_dist_1e8vcs8._.js:776
[  596917ms] [LOG] [Fast Refresh] done in 29ms @ http://localhost:3010/_next/static/chunks/node_modules_next_dist_1e8vcs8._.js:776
[  596967ms] [LOG] [Fast Refresh] done in 29ms @ http://localhost:3010/_next/static/chunks/node_modules_next_dist_1e8vcs8._.js:776
[  597017ms] [LOG] [Fast Refresh] done in 29ms @ http://localhost:3010/_next/static/chunks/node_modules_next_dist_1e8vcs8._.js:776
[  597067ms] [LOG] [Fast Refresh] done in 29ms @ http://localhost:3010/_next/static/chunks/node_modules_next_dist_1e8vcs8._.js:776
[  597117ms] [LOG] [Fast Refresh] done in 29ms @ http://localhost:3010/_next/static/chunks/node_modules_next_dist_1e8vcs8._.js:776
[  597163ms] [LOG] [Fast Refresh] done in 29ms @ http://localhost:3010/_next/static/chunks/node_modules_next_dist_1e8vcs8._.js:776
[  597207ms] [LOG] [Fast Refresh] done in 29ms @ http://localhost:3010/_next/static/chunks/node_modules_next_dist_1e8vcs8._.js:776
[  597263ms] [LOG] [Fast Refresh] done in 29ms @ http://localhost:3010/_next/static/chunks/node_modules_next_dist_1e8vcs8._.js:776
[  597313ms] [LOG] [Fast Refresh] done in 29ms @ http://localhost:3010/_next/static/chunks/node_modules_next_dist_1e8vcs8._.js:776
[  597367ms] [LOG] [Fast Refresh] done in 29ms @ http://localhost:3010/_next/static/chunks/node_modules_next_dist_1e8vcs8._.js:776
[  597417ms] [LOG] [Fast Refresh] done in 29ms @ http://localhost:3010/_next/static/chunks/node_modules_next_dist_1e8vcs8._.js:776
[  597467ms] [LOG] [Fast Refresh] done in 29ms @ http://localhost:3010/_next/static/chunks/node_modules_next_dist_1e8vcs8._.js:776
[  597517ms] [LOG] [Fast Refresh] done in 29ms @ http://localhost:3010/_next/static/chunks/node_modules_next_dist_1e8vcs8._.js:776
[  597567ms] [LOG] [Fast Refresh] done in 29ms @ http://localhost:3010/_next/static/chunks/node_modules_next_dist_1e8vcs8._.js:776
[  597617ms] [LOG] [Fast Refresh] done in 29ms @ http://localhost:3010/_next/static/chunks/node_modules_next_dist_1e8vcs8._.js:776
[  597667ms] [LOG] [Fast Refresh] done in 29ms @ http://localhost:3010/_next/static/chunks/node_modules_next_dist_1e8vcs8._.js:776
[  597717ms] [LOG] [Fast Refresh] done in 29ms @ http://localhost:3010/_next/static/chunks/node_modules_next_dist_1e8vcs8._.js:776
[  597763ms] [LOG] [Fast Refresh] done in 29ms @ http://localhost:3010/_next/static/chunks/node_modules_next_dist_1e8vcs8._.js:776
[  597807ms] [LOG] [Fast Refresh] done in 29ms @ http://localhost:3010/_next/static/chunks/node_modules_next_dist_1e8vcs8._.js:776
[  597867ms] [LOG] [Fast Refresh] done in 29ms @ http://localhost:3010/_next/static/chunks/node_modules_next_dist_1e8vcs8._.js:776
[  597917ms] [LOG] [Fast Refresh] done in 29ms @ http://localhost:3010/_next/static/chunks/node_modules_next_dist_1e8vcs8._.js:776
[  597963ms] [LOG] [Fast Refresh] done in 29ms @ http://localhost:3010/_next/static/chunks/node_modules_next_dist_1e8vcs8._.js:776
[  598007ms] [LOG] [Fast Refresh] done in 29ms @ http://localhost:3010/_next/static/chunks/node_modules_next_dist_1e8vcs8._.js:776
[  598057ms] [LOG] [Fast Refresh] done in 29ms @ http://localhost:3010/_next/static/chunks/node_modules_next_dist_1e8vcs8._.js:776
[  598113ms] [LOG] [Fast Refresh] done in 29ms @ http://localhost:3010/_next/static/chunks/node_modules_next_dist_1e8vcs8._.js:776
[  598157ms] [LOG] [Fast Refresh] done in 29ms @ http://localhost:3010/_next/static/chunks/node_modules_next_dist_1e8vcs8._.js:776
[  598207ms] [LOG] [Fast Refresh] done in 29ms @ http://localhost:3010/_next/static/chunks/node_modules_next_dist_1e8vcs8._.js:776
[  598267ms] [LOG] [Fast Refresh] done in 29ms @ http://localhost:3010/_next/static/chunks/node_modules_next_dist_1e8vcs8._.js:776
[  598317ms] [LOG] [Fast Refresh] done in 29ms @ http://localhost:3010/_next/static/chunks/node_modules_next_dist_1e8vcs8._.js:776
[  598363ms] [LOG] [Fast Refresh] done in 29ms @ http://localhost:3010/_next/static/chunks/node_modules_next_dist_1e8vcs8._.js:776
[  598407ms] [LOG] [Fast Refresh] done in 29ms @ http://localhost:3010/_next/static/chunks/node_modules_next_dist_1e8vcs8._.js:776
[  598462ms] [LOG] [Fast Refresh] done in 29ms @ http://localhost:3010/_next/static/chunks/node_modules_next_dist_1e8vcs8._.js:776
[  598507ms] [LOG] [Fast Refresh] done in 29ms @ http://localhost:3010/_next/static/chunks/node_modules_next_dist_1e8vcs8._.js:776
[  598563ms] [LOG] [Fast Refresh] done in 29ms @ http://localhost:3010/_next/static/chunks/node_modules_next_dist_1e8vcs8._.js:776
[  598607ms] [LOG] [Fast Refresh] done in 29ms @ http://localhost:3010/_next/static/chunks/node_modules_next_dist_1e8vcs8._.js:776
[  598663ms] [LOG] [Fast Refresh] done in 29ms @ http://localhost:3010/_next/static/chunks/node_modules_next_dist_1e8vcs8._.js:776
[  598707ms] [LOG] [Fast Refresh] done in 29ms @ http://localhost:3010/_next/static/chunks/node_modules_next_dist_1e8vcs8._.js:776
[  598757ms] [LOG] [Fast Refresh] done in 29ms @ http://localhost:3010/_next/static/chunks/node_modules_next_dist_1e8vcs8._.js:776
[  598807ms] [LOG] [Fast Refresh] done in 29ms @ http://localhost:3010/_next/static/chunks/node_modules_next_dist_1e8vcs8._.js:776
[  598867ms] [LOG] [Fast Refresh] done in 29ms @ http://localhost:3010/_next/static/chunks/node_modules_next_dist_1e8vcs8._.js:776
[  598917ms] [LOG] [Fast Refresh] done in 29ms @ http://localhost:3010/_next/static/chunks/node_modules_next_dist_1e8vcs8._.js:776
[  598963ms] [LOG] [Fast Refresh] done in 29ms @ http://localhost:3010/_next/static/chunks/node_modules_next_dist_1e8vcs8._.js:776
[  599007ms] [LOG] [Fast Refresh] done in 29ms @ http://localhost:3010/_next/static/chunks/node_modules_next_dist_1e8vcs8._.js:776
[  599062ms] [LOG] [Fast Refresh] done in 29ms @ http://localhost:3010/_next/static/chunks/node_modules_next_dist_1e8vcs8._.js:776
[  599107ms] [LOG] [Fast Refresh] done in 29ms @ http://localhost:3010/_next/static/chunks/node_modules_next_dist_1e8vcs8._.js:776
[  599157ms] [LOG] [Fast Refresh] done in 29ms @ http://localhost:3010/_next/static/chunks/node_modules_next_dist_1e8vcs8._.js:776
[  599203ms] [LOG] [Fast Refresh] done in 29ms @ http://localhost:3010/_next/static/chunks/node_modules_next_dist_1e8vcs8._.js:776
[  599247ms] [LOG] [Fast Refresh] done in 29ms @ http://localhost:3010/_next/static/chunks/node_modules_next_dist_1e8vcs8._.js:776
[  599307ms] [LOG] [Fast Refresh] done in 29ms @ http://localhost:3010/_next/static/chunks/node_modules_next_dist_1e8vcs8._.js:776
[  599362ms] [LOG] [Fast Refresh] done in 29ms @ http://localhost:3010/_next/static/chunks/node_modules_next_dist_1e8vcs8._.js:776
[  599407ms] [LOG] [Fast Refresh] done in 29ms @ http://localhost:3010/_next/static/chunks/node_modules_next_dist_1e8vcs8._.js:776
[  599467ms] [LOG] [Fast Refresh] done in 29ms @ http://localhost:3010/_next/static/chunks/node_modules_next_dist_1e8vcs8._.js:776
[  599517ms] [LOG] [Fast Refresh] done in 29ms @ http://localhost:3010/_next/static/chunks/node_modules_next_dist_1e8vcs8._.js:776
[  599563ms] [LOG] [Fast Refresh] done in 29ms @ http://localhost:3010/_next/static/chunks/node_modules_next_dist_1e8vcs8._.js:776
[  599607ms] [LOG] [Fast Refresh] done in 29ms @ http://localhost:3010/_next/static/chunks/node_modules_next_dist_1e8vcs8._.js:776
[  599667ms] [LOG] [Fast Refresh] done in 29ms @ http://localhost:3010/_next/static/chunks/node_modules_next_dist_1e8vcs8._.js:776
[  599717ms] [LOG] [Fast Refresh] done in 29ms @ http://localhost:3010/_next/static/chunks/node_modules_next_dist_1e8vcs8._.js:776
